2026-02-08 19:43:52,063 [INFO] Activator:176 - 


2026-02-08 19:43:52,069 [INFO] Activator:177 - !SESSION log4j initialized
2026-02-08 19:43:59,424 [INFO] LogOutputStream:77 - [STDOUT_REDIRECT] 
2026-02-08 19:44:06,593 [INFO] ApplicationProperties:184 - Using Application install path: C:\ST\STM32CubeIDE_1.17.0\STM32CubeIDE\plugins\com.st.stm32cube.common.mx_6.13.0.202411220809
2026-02-08 19:44:06,703 [INFO] DbMcusXml:78 - Set database path to: C:\ST\STM32CubeIDE_1.17.0\STM32CubeIDE\plugins\com.st.stm32cube.common.mx_6.13.0.202411220809\\db\/mcu/
2026-02-08 19:44:06,703 [INFO] ApiDb:274 - Set plugin database path to: C:\ST\STM32CubeIDE_1.17.0\STM32CubeIDE\plugins\com.st.stm32cube.common.mx_6.13.0.202411220809\\db\/plugins/boardmanager/
2026-02-08 19:44:06,720 [WARN] ApiDb:259 - Overriding images path with different value:  => C:\ST\STM32CubeIDE_1.17.0\STM32CubeIDE\plugins\com.st.stm32cube.common.mx_6.13.0.202411220809\\db\/plugins/mcufinder/images/
2026-02-08 19:44:06,770 [INFO] ApiDb:250 - Set database path to: C:\Users\Lenovo\.stmcufinder\plugins\mcufinder//mcu/
2026-02-08 19:44:06,770 [INFO] DbMcusAds:125 - Set database path to: C:\Users\Lenovo\.stmcufinder\plugins\mcufinder//mcu/
2026-02-08 19:44:06,778 [INFO] CrossReferenceDbSqlite:203 - Set database path to: C:\Users\Lenovo\.stmcufinder\plugins\mcufinder//mcu/cs/
2026-02-08 19:44:07,346 [INFO] RulesReader:64 - Compatibility file has been processed (297 Rules)
2026-02-08 19:44:07,645 [INFO] DbMcusXml:78 - Set database path to: C:\ST\STM32CubeIDE_1.17.0\STM32CubeIDE\plugins\com.st.stm32cube.common.mx_6.13.0.202411220809\\db\/mcu/
2026-02-08 19:44:07,645 [INFO] ApiDb:274 - Set plugin database path to: C:\ST\STM32CubeIDE_1.17.0\STM32CubeIDE\plugins\com.st.stm32cube.common.mx_6.13.0.202411220809\\db\/plugins/boardmanager/
2026-02-08 19:44:07,645 [INFO] ApiDb:261 - Set plugin images path to: C:\ST\STM32CubeIDE_1.17.0\STM32CubeIDE\plugins\com.st.stm32cube.common.mx_6.13.0.202411220809\\db\/plugins/mcufinder/images/
2026-02-08 19:44:07,645 [WARN] DbFile:41 - Overriding database path with different value: C:\Users\Lenovo\.stmcufinder\plugins\mcufinder/ => C:\Users\Lenovo\.stmcufinder\plugins\mcufinder
2026-02-08 19:44:07,645 [INFO] ApiDb:250 - Set database path to: C:\Users\Lenovo\.stmcufinder\plugins\mcufinder//mcu/
2026-02-08 19:44:07,645 [WARN] DbFile:41 - Overriding database path with different value: C:\Users\Lenovo\.stmcufinder\plugins\mcufinder/ => C:\Users\Lenovo\.stmcufinder\plugins\mcufinder
2026-02-08 19:44:07,645 [INFO] DbMcusAds:125 - Set database path to: C:\Users\Lenovo\.stmcufinder\plugins\mcufinder//mcu/
2026-02-08 19:44:07,645 [WARN] DbFile:41 - Overriding database path with different value: C:\Users\Lenovo\.stmcufinder\plugins\mcufinder/ => C:\Users\Lenovo\.stmcufinder\plugins\mcufinder
2026-02-08 19:44:07,649 [WARN] DbFile:41 - Overriding database path with different value: C:\Users\Lenovo\.stmcufinder\plugins\mcufinder/ => C:\Users\Lenovo\.stmcufinder\plugins\mcufinder
2026-02-08 19:44:07,649 [INFO] CrossReferenceDbSqlite:203 - Set database path to: C:\Users\Lenovo\.stmcufinder\plugins\mcufinder//mcu/cs/
2026-02-08 19:44:07,977 [INFO] MainPanel:272 - HeapMemory: 268435456
2026-02-08 19:44:08,261 [INFO] DbMcusXml:78 - Set database path to: C:\ST\STM32CubeIDE_1.17.0\STM32CubeIDE\plugins\com.st.stm32cube.common.mx_6.13.0.202411220809\\db\/mcu/
2026-02-08 19:44:08,261 [INFO] ApiDb:274 - Set plugin database path to: C:\ST\STM32CubeIDE_1.17.0\STM32CubeIDE\plugins\com.st.stm32cube.common.mx_6.13.0.202411220809\\db\/plugins/boardmanager/
2026-02-08 19:44:08,261 [INFO] ApiDb:261 - Set plugin images path to: C:\ST\STM32CubeIDE_1.17.0\STM32CubeIDE\plugins\com.st.stm32cube.common.mx_6.13.0.202411220809\\db\/plugins/mcufinder/images/
2026-02-08 19:44:08,261 [WARN] DbFile:41 - Overriding database path with different value: C:\Users\Lenovo\.stmcufinder\plugins\mcufinder/ => C:\Users\Lenovo\.stmcufinder\plugins\mcufinder
2026-02-08 19:44:08,261 [INFO] ApiDb:250 - Set database path to: C:\Users\Lenovo\.stmcufinder\plugins\mcufinder//mcu/
2026-02-08 19:44:08,263 [WARN] DbFile:41 - Overriding database path with different value: C:\Users\Lenovo\.stmcufinder\plugins\mcufinder/ => C:\Users\Lenovo\.stmcufinder\plugins\mcufinder
2026-02-08 19:44:08,263 [INFO] DbMcusAds:125 - Set database path to: C:\Users\Lenovo\.stmcufinder\plugins\mcufinder//mcu/
2026-02-08 19:44:08,263 [WARN] DbFile:41 - Overriding database path with different value: C:\Users\Lenovo\.stmcufinder\plugins\mcufinder/ => C:\Users\Lenovo\.stmcufinder\plugins\mcufinder
2026-02-08 19:44:08,263 [WARN] DbFile:41 - Overriding database path with different value: C:\Users\Lenovo\.stmcufinder\plugins\mcufinder/ => C:\Users\Lenovo\.stmcufinder\plugins\mcufinder
2026-02-08 19:44:08,263 [INFO] CrossReferenceDbSqlite:203 - Set database path to: C:\Users\Lenovo\.stmcufinder\plugins\mcufinder//mcu/cs/
2026-02-08 19:44:08,316 [INFO] ApplicationProperties:184 - Using Application install path: C:\ST\STM32CubeIDE_1.17.0\STM32CubeIDE\plugins\com.st.stm32cube.common.mx_6.13.0.202411220809
2026-02-08 19:44:08,324 [INFO] PluginManage:196 - Search for loadable plugins [exclusion list=, ]
2026-02-08 19:44:08,329 [INFO] PluginManage:310 - Check plugin analytics
2026-02-08 19:44:09,450 [INFO] AnalyticsPlugin:253 - Accepted Software Licenses: 
2026-02-08 19:44:09,450 [INFO] AnalyticsPlugin:255 - Accepted CMSIS Pack Licenses: 
2026-02-08 19:44:09,456 [INFO] AnalyticsPlugin:257 - Accepted Firmware Licenses: 
2026-02-08 19:44:09,466 [INFO] PluginManage:359 - Loaded plugin analytics (category:tool,tabindex:-1)
2026-02-08 19:44:09,466 [INFO] PluginManage:310 - Check plugin cadmodel
2026-02-08 19:44:09,508 [INFO] CADModel:105 - Init CAD model plugin
2026-02-08 19:44:09,508 [INFO] PluginManage:359 - Loaded plugin cadmodel (category:power,tabindex:5)
2026-02-08 19:44:09,508 [INFO] PluginManage:310 - Check plugin clock
2026-02-08 19:44:09,554 [INFO] PluginManage:359 - Loaded plugin clock (category:base,tabindex:2)
2026-02-08 19:44:09,554 [INFO] PluginManage:310 - Check plugin ddr
2026-02-08 19:44:09,589 [INFO] PluginManage:359 - Loaded plugin ddr (category:tool,tabindex:6)
2026-02-08 19:44:09,589 [INFO] PluginManage:310 - Check plugin filemanager
2026-02-08 19:44:10,165 [INFO] PluginManage:359 - Loaded plugin filemanager (category:base,tabindex:10)
2026-02-08 19:44:10,165 [INFO] PluginManage:310 - Check plugin ipmanager
2026-02-08 19:44:10,193 [INFO] PluginManage:359 - Loaded plugin ipmanager (category:base,tabindex:5)
2026-02-08 19:44:10,193 [INFO] PluginManage:310 - Check plugin lpbam
2026-02-08 19:44:10,214 [INFO] PluginManage:359 - Loaded plugin lpbam (category:base,tabindex:0)
2026-02-08 19:44:10,214 [INFO] PluginManage:310 - Check plugin memorymap
2026-02-08 19:44:10,277 [INFO] PluginManage:359 - Loaded plugin memorymap (category:base,tabindex:4)
2026-02-08 19:44:10,277 [INFO] PluginManage:310 - Check plugin pinoutandconfiguration
2026-02-08 19:44:10,310 [INFO] PluginManage:359 - Loaded plugin pinoutandconfiguration (category:base,tabindex:1)
2026-02-08 19:44:10,310 [INFO] PluginManage:310 - Check plugin pinoutconfig
2026-02-08 19:44:10,649 [WARN] SupportedApi:132 - Cannot load RTOS API schema: s4s-elt-must-match.1: The content of 'definitions' must match (annotation?, (simpleType | complexType)?, (unique | key | keyref)*)). A problem was found starting at: attribute.
2026-02-08 19:44:10,995 [INFO] PluginManage:359 - Loaded plugin pinoutconfig (category:base,tabindex:0)
2026-02-08 19:44:10,995 [INFO] PluginManage:310 - Check plugin power
2026-02-08 19:44:11,070 [INFO] PluginManage:359 - Loaded plugin power (category:power,tabindex:4)
2026-02-08 19:44:11,070 [INFO] PluginManage:310 - Check plugin projectmanager
2026-02-08 19:44:11,110 [INFO] PluginManage:359 - Loaded plugin projectmanager (category:projectmanager,tabindex:4)
2026-02-08 19:44:11,110 [INFO] PluginManage:310 - Check plugin rif
2026-02-08 19:44:11,138 [INFO] PluginManage:359 - Loaded plugin rif (category:base,tabindex:3)
2026-02-08 19:44:11,138 [INFO] PluginManage:310 - Check plugin thirdparty
2026-02-08 19:44:11,690 [WARN] IntegrityCheckThread:84 - waiting for thirdparty lock release [integrity check]
2026-02-08 19:44:11,690 [INFO] IntegrityCheckThread:86 - entering critical section [integrity check]
2026-02-08 19:44:11,690 [INFO] PluginManage:359 - Loaded plugin thirdparty (category:base,tabindex:-1)
2026-02-08 19:44:11,693 [INFO] PluginManage:310 - Check plugin tools
2026-02-08 19:44:11,693 [INFO] ThirdPartyUpdaterWithRetryManager:70 - Updater plugin not ready yet. [1/15]
2026-02-08 19:44:11,714 [INFO] PluginManage:359 - Loaded plugin tools (category:base,tabindex:7)
2026-02-08 19:44:11,714 [INFO] PluginManage:310 - Check plugin tutovideos
2026-02-08 19:44:12,324 [INFO] PluginManage:359 - Loaded plugin tutovideos (category:base,tabindex:-1)
2026-02-08 19:44:12,324 [INFO] PluginManage:310 - Check plugin updater
2026-02-08 19:44:12,419 [INFO] PluginManage:359 - Loaded plugin updater (category:base,tabindex:12)
2026-02-08 19:44:12,435 [INFO] PluginManage:310 - Check plugin userauth
2026-02-08 19:44:12,451 [INFO] UserAuth:118 - Init User Auth plugin
2026-02-08 19:44:12,451 [INFO] PluginManage:359 - Loaded plugin userauth (category:base,tabindex:14)
2026-02-08 19:44:12,466 [INFO] PluginManage:283 - PluginManage : Loaded plugins [18]
2026-02-08 19:44:13,267 [INFO] PinOutPanel:1589 - setPackage(No Configuration,No Configuration)
2026-02-08 19:44:13,571 [INFO] CADModel:165 - CPN selected for project level
2026-02-08 19:44:13,571 [INFO] CADModel:114 - Register for checkConnection events
2026-02-08 19:44:13,746 [INFO] IPUIPlugin:80 - create IPUIPlugin
2026-02-08 19:44:13,751 [INFO] PluginManager:220 - loadIPPluginJar : add adc
2026-02-08 19:44:13,762 [INFO] IPUIPlugin:80 - create IPUIPlugin
2026-02-08 19:44:13,762 [INFO] PluginManager:220 - loadIPPluginJar : add aes
2026-02-08 19:44:13,778 [INFO] IPUIPlugin:80 - create IPUIPlugin
2026-02-08 19:44:13,778 [INFO] PluginManager:220 - loadIPPluginJar : add can
2026-02-08 19:44:13,812 [INFO] IPUIPlugin:80 - create IPUIPlugin
2026-02-08 19:44:13,812 [INFO] PluginManager:220 - loadIPPluginJar : add comp
2026-02-08 19:44:13,892 [INFO] IPUIPlugin:80 - create IPUIPlugin
2026-02-08 19:44:13,892 [INFO] PluginManager:220 - loadIPPluginJar : add cryp
2026-02-08 19:44:13,906 [INFO] IPUIPlugin:80 - create IPUIPlugin
2026-02-08 19:44:13,906 [INFO] PluginManager:220 - loadIPPluginJar : add ddr_ctrl_phy
2026-02-08 19:44:13,925 [INFO] IPUIPlugin:80 - create IPUIPlugin
2026-02-08 19:44:13,925 [INFO] PluginManager:220 - loadIPPluginJar : add dfsdm
2026-02-08 19:44:13,940 [INFO] IPUIPlugin:80 - create IPUIPlugin
2026-02-08 19:44:13,942 [INFO] PluginManager:220 - loadIPPluginJar : add dma
2026-02-08 19:44:13,948 [INFO] IPUIPlugin:80 - create IPUIPlugin
2026-02-08 19:44:13,948 [INFO] PluginManager:220 - loadIPPluginJar : add dma3
2026-02-08 19:44:13,963 [INFO] IPUIPlugin:80 - create IPUIPlugin
2026-02-08 19:44:13,963 [INFO] PluginManager:220 - loadIPPluginJar : add extmemmanager
2026-02-08 19:44:13,977 [INFO] IPUIPlugin:80 - create IPUIPlugin
2026-02-08 19:44:13,977 [INFO] PluginManager:220 - loadIPPluginJar : add fatfs
2026-02-08 19:44:13,989 [INFO] IPUIPlugin:80 - create IPUIPlugin
2026-02-08 19:44:13,989 [INFO] PluginManager:220 - loadIPPluginJar : add fmc
2026-02-08 19:44:14,013 [INFO] IPUIPlugin:80 - create IPUIPlugin
2026-02-08 19:44:14,013 [INFO] PluginManager:220 - loadIPPluginJar : add freertos
2026-02-08 19:44:14,021 [INFO] IPUIPlugin:80 - create IPUIPlugin
2026-02-08 19:44:14,021 [INFO] PluginManager:220 - loadIPPluginJar : add genericplugin
2026-02-08 19:44:14,030 [INFO] IPUIPlugin:80 - create IPUIPlugin
2026-02-08 19:44:14,030 [INFO] PluginManager:220 - loadIPPluginJar : add gfxmmu
2026-02-08 19:44:14,051 [INFO] IPUIPlugin:80 - create IPUIPlugin
2026-02-08 19:44:14,051 [INFO] PluginManager:220 - loadIPPluginJar : add gic
2026-02-08 19:44:14,067 [INFO] IPUIPlugin:80 - create IPUIPlugin
2026-02-08 19:44:14,067 [INFO] PluginManager:220 - loadIPPluginJar : add gpio
2026-02-08 19:44:14,082 [INFO] IPUIPlugin:80 - create IPUIPlugin
2026-02-08 19:44:14,083 [INFO] PluginManager:220 - loadIPPluginJar : add gtzc
2026-02-08 19:44:14,092 [INFO] IPUIPlugin:80 - create IPUIPlugin
2026-02-08 19:44:14,092 [INFO] PluginManager:220 - loadIPPluginJar : add hash
2026-02-08 19:44:14,100 [INFO] IPUIPlugin:80 - create IPUIPlugin
2026-02-08 19:44:14,100 [INFO] PluginManager:220 - loadIPPluginJar : add i2c
2026-02-08 19:44:14,109 [INFO] IPUIPlugin:80 - create IPUIPlugin
2026-02-08 19:44:14,109 [INFO] PluginManager:220 - loadIPPluginJar : add i2s
2026-02-08 19:44:14,133 [INFO] IPUIPlugin:80 - create IPUIPlugin
2026-02-08 19:44:14,133 [INFO] PluginManager:220 - loadIPPluginJar : add i3c
2026-02-08 19:44:14,159 [INFO] IPUIPlugin:80 - create IPUIPlugin
2026-02-08 19:44:14,159 [INFO] PluginManager:220 - loadIPPluginJar : add ipddr
2026-02-08 19:44:14,184 [INFO] IPUIPlugin:80 - create IPUIPlugin
2026-02-08 19:44:14,185 [INFO] PluginManager:220 - loadIPPluginJar : add linkedlist
2026-02-08 19:44:14,209 [INFO] IPUIPlugin:80 - create IPUIPlugin
2026-02-08 19:44:14,209 [INFO] PluginManager:220 - loadIPPluginJar : add lorawan
2026-02-08 19:44:14,216 [INFO] IPUIPlugin:80 - create IPUIPlugin
2026-02-08 19:44:14,216 [INFO] PluginManager:220 - loadIPPluginJar : add ltdc
2026-02-08 19:44:14,235 [INFO] IPUIPlugin:80 - create IPUIPlugin
2026-02-08 19:44:14,235 [INFO] PluginManager:220 - loadIPPluginJar : add mdma
2026-02-08 19:44:14,303 [INFO] IPUIPlugin:80 - create IPUIPlugin
2026-02-08 19:44:14,303 [INFO] PluginManager:220 - loadIPPluginJar : add nvic
2026-02-08 19:44:14,317 [INFO] IPUIPlugin:80 - create IPUIPlugin
2026-02-08 19:44:14,317 [INFO] PluginManager:220 - loadIPPluginJar : add opamp
2026-02-08 19:44:14,336 [INFO] IPUIPlugin:80 - create IPUIPlugin
2026-02-08 19:44:14,336 [INFO] PluginManager:220 - loadIPPluginJar : add openamp
2026-02-08 19:44:14,354 [INFO] IPUIPlugin:80 - create IPUIPlugin
2026-02-08 19:44:14,354 [INFO] PluginManager:220 - loadIPPluginJar : add pdm2pcm
2026-02-08 19:44:14,368 [INFO] IPUIPlugin:80 - create IPUIPlugin
2026-02-08 19:44:14,377 [INFO] PluginManager:220 - loadIPPluginJar : add plateformsettings
2026-02-08 19:44:14,384 [INFO] IPUIPlugin:80 - create IPUIPlugin
2026-02-08 19:44:14,384 [INFO] PluginManager:220 - loadIPPluginJar : add quadspi
2026-02-08 19:44:14,411 [INFO] IPUIPlugin:80 - create IPUIPlugin
2026-02-08 19:44:14,411 [INFO] PluginManager:220 - loadIPPluginJar : add radio
2026-02-08 19:44:14,472 [INFO] IPUIPlugin:80 - create IPUIPlugin
2026-02-08 19:44:14,472 [INFO] PluginManager:220 - loadIPPluginJar : add resmgrutility
2026-02-08 19:44:14,492 [INFO] IPUIPlugin:80 - create IPUIPlugin
2026-02-08 19:44:14,492 [INFO] PluginManager:220 - loadIPPluginJar : add sai
2026-02-08 19:44:14,519 [INFO] IPUIPlugin:80 - create IPUIPlugin
2026-02-08 19:44:14,519 [INFO] PluginManager:220 - loadIPPluginJar : add spi
2026-02-08 19:44:14,519 [INFO] IPUIPlugin:80 - create IPUIPlugin
2026-02-08 19:44:14,519 [INFO] PluginManager:220 - loadIPPluginJar : add stm32_wpan
2026-02-08 19:44:14,535 [INFO] IPUIPlugin:80 - create IPUIPlugin
2026-02-08 19:44:14,535 [INFO] PluginManager:220 - loadIPPluginJar : add tim
2026-02-08 19:44:14,555 [INFO] IPUIPlugin:80 - create IPUIPlugin
2026-02-08 19:44:14,555 [INFO] PluginManager:220 - loadIPPluginJar : add touchsensing
2026-02-08 19:44:14,567 [INFO] IPUIPlugin:80 - create IPUIPlugin
2026-02-08 19:44:14,567 [INFO] PluginManager:220 - loadIPPluginJar : add tracer_emb
2026-02-08 19:44:14,623 [INFO] IPUIPlugin:80 - create IPUIPlugin
2026-02-08 19:44:14,623 [INFO] PluginManager:220 - loadIPPluginJar : add ts
2026-02-08 19:44:14,655 [INFO] IPUIPlugin:80 - create IPUIPlugin
2026-02-08 19:44:14,655 [INFO] PluginManager:220 - loadIPPluginJar : add tsc
2026-02-08 19:44:14,681 [INFO] IPUIPlugin:80 - create IPUIPlugin
2026-02-08 19:44:14,681 [INFO] PluginManager:220 - loadIPPluginJar : add ucpd
2026-02-08 19:44:14,686 [INFO] IPUIPlugin:80 - create IPUIPlugin
2026-02-08 19:44:14,693 [INFO] PluginManager:220 - loadIPPluginJar : add usart
2026-02-08 19:44:14,702 [INFO] ThirdPartyUpdaterWithRetryManager:70 - Updater plugin not ready yet. [2/15]
2026-02-08 19:44:14,702 [INFO] IPUIPlugin:80 - create IPUIPlugin
2026-02-08 19:44:14,702 [INFO] PluginManager:220 - loadIPPluginJar : add usbx
2026-02-08 19:44:14,961 [FATAL] Updater:351 - Updater called before beeing initialized
2026-02-08 19:44:15,028 [INFO] RulesReader:64 - Compatibility file has been processed (297 Rules)
2026-02-08 19:44:15,054 [INFO] RulesReader:64 - Compatibility file has been processed (297 Rules)
2026-02-08 19:44:15,078 [INFO] CADModel:165 - CPN selected for project level
2026-02-08 19:44:15,078 [INFO] CADModel:114 - Register for checkConnection events
2026-02-08 19:44:15,078 [FATAL] Updater:351 - Updater called before beeing initialized
2026-02-08 19:44:15,078 [ERROR] CADModel:125 - Updater not yet initialized, retry later 
2026-02-08 19:44:15,438 [FATAL] Updater:351 - Updater called before beeing initialized
2026-02-08 19:44:15,442 [INFO] CADModel:165 - CPN selected for project level
2026-02-08 19:44:15,442 [INFO] CADModel:114 - Register for checkConnection events
2026-02-08 19:44:15,442 [FATAL] Updater:351 - Updater called before beeing initialized
2026-02-08 19:44:15,442 [ERROR] CADModel:125 - Updater not yet initialized, retry later 
2026-02-08 19:44:15,451 [FATAL] Updater:351 - Updater called before beeing initialized
2026-02-08 19:44:15,735 [FATAL] Updater:351 - Updater called before beeing initialized
2026-02-08 19:44:15,738 [INFO] DbMcusAds:53 - JSON generation date=Thu Jan 08 16:57:51 CET 2026 (1767887871456)
2026-02-08 19:44:15,738 [FATAL] Updater:351 - Updater called before beeing initialized
2026-02-08 19:44:15,836 [WARN] DetailPanel:346 - Failed to get advertising image, set to default
2026-02-08 19:44:16,308 [FATAL] Updater:351 - Updater called before beeing initialized
2026-02-08 19:44:16,314 [FATAL] Updater:351 - Updater called before beeing initialized
2026-02-08 19:44:16,315 [FATAL] Updater:351 - Updater called before beeing initialized
2026-02-08 19:44:16,315 [WARN] DetailPanel:346 - Failed to get advertising image, set to default
2026-02-08 19:44:16,318 [FATAL] Updater:351 - Updater called before beeing initialized
2026-02-08 19:44:16,438 [ERROR] Updater:1198 - MainUpdater not yet initialized. External WinMGr cannot be set.
2026-02-08 19:44:16,444 [INFO] Updater:1134 - Updater Version found : 6.13.0
2026-02-08 19:44:16,491 [INFO] ApplicationProperties:184 - Using Application install path: C:\ST\STM32CubeIDE_1.17.0\STM32CubeIDE\plugins\com.st.stm32cube.common.mx_6.13.0.202411220809
2026-02-08 19:44:17,705 [INFO] ThirdPartyUpdaterWithRetryManager:70 - Updater plugin not ready yet. [3/15]
2026-02-08 19:44:18,135 [ERROR] LogOutputStream:75 - [STDERR_REDIRECT] Feb 08, 2026 7:44:18 PM java.util.prefs.WindowsPreferences <init>
2026-02-08 19:44:18,140 [ERROR] LogOutputStream:75 - [STDERR_REDIRECT] WARNING: Could not open/create prefs root node Software\JavaSoft\Prefs at root 0xffffffff80000002. Windows RegCreateKeyEx(...) returned error code 5.
2026-02-08 19:44:18,142 [ERROR] LogOutputStream:75 - [STDERR_REDIRECT] 
2026-02-08 19:44:18,952 [INFO] MainUpdater:2872 - connection check result : 10
2026-02-08 19:44:18,954 [INFO] MainUpdater:289 - Updater Check For Update Now.
2026-02-08 19:44:18,954 [INFO] MicroXplorer:498 - Change Database Version : DB.6.0.130
2026-02-08 19:44:18,966 [INFO] McuFinderGlobals:63 - Set McuFinder mode to 2 (CubeIDE integrated)
2026-02-08 19:44:18,966 [INFO] UserAuth:486 - Internet connection configuration mode: 1
2026-02-08 19:44:19,075 [INFO] JxBrowserEngine:152 - Initiate JxBrowser Engine with user profile folder
2026-02-08 19:44:19,296 [INFO] CheckServerUpdateThread:120 - End of CheckServer Thread
2026-02-08 19:44:21,276 [WARN] PackLoader:240 - Cannot read IP mode file for STMicroelectronics.FP-SNS-MOTENVWB1.1.4.0
2026-02-08 19:44:21,290 [INFO] WebApp:168 - Instantiating new browser for Auth
2026-02-08 19:44:21,305 [WARN] PackLoader:240 - Cannot read IP mode file for STMicroelectronics.FP-ATR-ASTRA1.2.0.2
2026-02-08 19:44:21,319 [WARN] PackLoader:240 - Cannot read IP mode file for STMicroelectronics.X-CUBE-SMBUS.2.1.0
2026-02-08 19:44:21,397 [WARN] PackLoader:240 - Cannot read IP mode file for STMicroelectronics.X-CUBE-AZRTOS-F7.1.1.0
2026-02-08 19:44:21,418 [ERROR] Engine:466 - C:\Users\Lenovo\.stm32cubemx\thirdparties\pdsc\STMicroelectronics.FP-SNS-MOTENV1.5.1.0.pdsc: PDSC version is not supported
2026-02-08 19:44:21,428 [ERROR] Engine:466 - C:\Users\Lenovo\.stm32cubemx\thirdparties\pdsc\WES.I-CUBE-Cesium.1.4.0.pdsc: PDSC version is not supported
2026-02-08 19:44:21,487 [WARN] PackLoader:240 - Cannot read IP mode file for STMicroelectronics.X-CUBE-AZRTOS-H7.3.4.0
2026-02-08 19:44:21,528 [WARN] PackLoader:240 - Cannot read IP mode file for STMicroelectronics.X-CUBE-DISPLAY.3.0.0
2026-02-08 19:44:21,561 [WARN] PackLoader:240 - Cannot read IP mode file for STMicroelectronics.X-CUBE-NFC10.1.0.0
2026-02-08 19:44:21,588 [WARN] PackLoader:240 - Cannot read IP mode file for STMicroelectronics.X-CUBE-ST60.1.1.0
2026-02-08 19:44:21,605 [WARN] PackLoader:240 - Cannot read IP mode file for emotas.I-CUBE-CANOPEN.1.3.0
2026-02-08 19:44:21,624 [WARN] PackLoader:240 - Cannot read IP mode file for STMicroelectronics.X-CUBE-GNSS1.7.1.0
2026-02-08 19:44:21,630 [ERROR] Engine:466 - C:\Users\Lenovo\.stm32cubemx\thirdparties\pdsc\STMicroelectronics.FP-SNS-STBOX1.2.1.0.pdsc: PDSC version is not supported
2026-02-08 19:44:21,640 [WARN] PackLoader:240 - Cannot read IP mode file for STMicroelectronics.FP-SNS-SMARTAG2.1.2.0
2026-02-08 19:44:21,655 [WARN] PackLoader:240 - Cannot read IP mode file for STMicroelectronics.FP-SNS-FLIGHT1.5.1.0
2026-02-08 19:44:21,679 [INFO] LogOutputStream:77 - [STDOUT_REDIRECT] 1 : Invalid condition id : UX_CORESTACK_Condition cause : null
2026-02-08 19:44:21,679 [INFO] LogOutputStream:77 - [STDOUT_REDIRECT] 1 : Invalid condition id : UX_CORESTACK_Condition cause : null
2026-02-08 19:44:21,687 [INFO] LogOutputStream:77 - [STDOUT_REDIRECT] 1 : Invalid condition id : UX_CORESTACK_Condition cause : null
2026-02-08 19:44:21,692 [INFO] LogOutputStream:77 - [STDOUT_REDIRECT] 1 : Invalid condition id : UX_CORESTACK_Condition cause : null
2026-02-08 19:44:21,692 [INFO] LogOutputStream:77 - [STDOUT_REDIRECT] 1 : Invalid condition id : UX_CORESTACK_Condition cause : null
2026-02-08 19:44:21,703 [WARN] PackLoader:240 - Cannot read IP mode file for STMicroelectronics.X-CUBE-AZRTOS-WL.2.0.0
2026-02-08 19:44:21,749 [WARN] PackLoader:240 - Cannot read IP mode file for STMicroelectronics.X-CUBE-AZRTOS-H7RS.1.2.0
2026-02-08 19:44:21,765 [WARN] PackLoader:240 - Cannot read IP mode file for STMicroelectronics.X-CUBE-BLE2.3.3.0
2026-02-08 19:44:21,829 [WARN] PackLoader:240 - Cannot read IP mode file for Infineon.AIROC-Wi-Fi-Bluetooth-STM32.1.8.0
2026-02-08 19:44:21,856 [WARN] PackLoader:240 - Cannot read IP mode file for STMicroelectronics.X-CUBE-NFC9.1.0.0
2026-02-08 19:44:21,861 [WARN] PackLoader:240 - Cannot read IP mode file for STMicroelectronics.X-CUBE-BLE1.7.1.0
2026-02-08 19:44:21,877 [WARN] PackLoader:240 - Cannot read IP mode file for wolfSSL.I-CUBE-wolfMQTT.1.19.2
2026-02-08 19:44:21,877 [ERROR] Engine:466 - C:\Users\Lenovo\.stm32cubemx\thirdparties\pdsc\STMicroelectronics.X-CUBE-FREERTOS.1.4.0.pdsc: PDSC version is not supported
2026-02-08 19:44:21,892 [WARN] PackLoader:240 - Cannot read IP mode file for STMicroelectronics.X-CUBE-EEPRMA1.5.2.0
2026-02-08 19:44:21,908 [WARN] PackLoader:240 - Cannot read IP mode file for wolfSSL.I-CUBE-wolfSSL.5.8.4
2026-02-08 19:44:21,908 [WARN] PackLoader:240 - Cannot read IP mode file for Cesanta.I-CUBE-Mongoose.7.20.0
2026-02-08 19:44:22,035 [WARN] PackLoader:240 - Cannot read IP mode file for STMicroelectronics.X-CUBE-MEMS1.12.0.0
2026-02-08 19:44:22,244 [WARN] PackLoader:240 - Cannot read IP mode file for STMicroelectronics.X-CUBE-AZRTOS-G0.1.1.0
2026-02-08 19:44:22,259 [WARN] PackLoader:240 - Cannot read IP mode file for STMicroelectronics.X-CUBE-NFC4.3.0.0
2026-02-08 19:44:22,275 [WARN] PackLoader:240 - Cannot read IP mode file for EmbeddedOffice.I-CUBE-FS-RTOS.1.0.1
2026-02-08 19:44:22,291 [WARN] PackLoader:240 - Cannot read IP mode file for STMicroelectronics.X-CUBE-WB05N.2.0.0
2026-02-08 19:44:22,298 [WARN] PackLoader:240 - Cannot read IP mode file for wolfSSL.I-CUBE-wolfTPM.3.8.0
2026-02-08 19:44:22,309 [WARN] PackLoader:240 - Cannot read IP mode file for STMicroelectronics.X-CUBE-TCPP.4.2.0
2026-02-08 19:44:22,325 [WARN] PackLoader:240 - Cannot read IP mode file for RealThread.X-CUBE-RT-Thread_Nano.4.1.1
2026-02-08 19:44:22,336 [WARN] PackLoader:240 - Cannot read IP mode file for STMicroelectronics.FP-ATR-SIGFOX1.3.2.0
2026-02-08 19:44:22,347 [WARN] PackLoader:240 - Cannot read IP mode file for ITTIA_DB.I-CUBE-ITTIADB.8.9.0
2026-02-08 19:44:22,363 [WARN] PackLoader:240 - Cannot read IP mode file for STMicroelectronics.X-CUBE-NFC6.3.2.0
2026-02-08 19:44:22,380 [WARN] PackLoader:240 - Cannot read IP mode file for STMicroelectronics.X-CUBE-AI.10.2.0
2026-02-08 19:44:22,445 [WARN] PackLoader:240 - Cannot read IP mode file for SEGGER.I-CUBE-embOS.1.3.1
2026-02-08 19:44:22,516 [WARN] PackLoader:240 - Cannot read IP mode file for STMicroelectronics.X-CUBE-ALGOBUILD.1.4.0
2026-02-08 19:44:22,528 [WARN] PackLoader:240 - Cannot read IP mode file for STMicroelectronics.X-CUBE-PM33A1.1.0.0
2026-02-08 19:44:22,571 [WARN] PackLoader:240 - Cannot read IP mode file for STMicroelectronics.X-CUBE-AZRTOS-F4.1.1.0
2026-02-08 19:44:22,588 [WARN] PackLoader:240 - Cannot read IP mode file for STMicroelectronics.X-CUBE-ISPU.2.1.0
2026-02-08 19:44:22,600 [ERROR] Engine:466 - C:\Users\Lenovo\.stm32cubemx\thirdparties\pdsc\STMicroelectronics.X-CUBE-IPS.3.2.0.pdsc: PDSC version is not supported
2026-02-08 19:44:22,612 [WARN] PackLoader:240 - Cannot read IP mode file for STMicroelectronics.X-CUBE-NFC12.1.0.0
2026-02-08 19:44:22,722 [WARN] PackLoader:240 - Cannot read IP mode file for STMicroelectronics.X-CUBE-AZRTOS-L5.2.0.0
2026-02-08 19:44:22,767 [WARN] PackLoader:240 - Cannot read IP mode file for STMicroelectronics.X-CUBE-TOUCHGFX.4.26.0
2026-02-08 19:44:22,784 [WARN] PackLoader:240 - Cannot read IP mode file for STMicroelectronics.FP-SNS-STAIOTCFT.1.0.0
2026-02-08 19:44:22,798 [WARN] PackLoader:240 - Cannot read IP mode file for STMicroelectronics.X-CUBE-DPower.1.3.0
2026-02-08 19:44:22,830 [WARN] ConditionMgr:438 - getConditionDescription Invalid condition id : LAN8742 Phy interface Condition cause : null
2026-02-08 19:44:22,833 [WARN] PackLoader:240 - Cannot read IP mode file for STMicroelectronics.X-CUBE-AZRTOS-L4.2.0.0
2026-02-08 19:44:22,836 [WARN] ConditionMgr:1044 - genDependencies : Invalid condition id : LAN8742 Phy interface Condition cause : null
2026-02-08 19:44:22,836 [WARN] ConditionMgr:1044 - genDependencies : Invalid condition id : LAN8742 Phy interface Condition cause : null
2026-02-08 19:44:22,841 [WARN] ConditionMgr:1044 - genDependencies : Invalid condition id : LAN8742 Phy interface Condition cause : null
2026-02-08 19:44:22,874 [WARN] PackLoader:240 - Cannot read IP mode file for STMicroelectronics.X-CUBE-SFXS2LP1.4.0.0
2026-02-08 19:44:22,888 [ERROR] Engine:466 - C:\Users\Lenovo\.stm32cubemx\thirdparties\pdsc\STMicroelectronics.X-CUBE-ST67W61.1.2.0.pdsc: PDSC version is not supported
2026-02-08 19:44:22,912 [WARN] PackLoader:240 - Cannot read IP mode file for STMicroelectronics.X-CUBE-BLEMGR.4.1.0
2026-02-08 19:44:22,957 [WARN] ConditionMgr:438 - getConditionDescription Invalid condition id : UX DEVICE CLASS RTOS Condition cause : null
2026-02-08 19:44:22,959 [WARN] ConditionMgr:438 - getConditionDescription Invalid condition id : UX DEVICE CLASS RTOS Condition cause : null
2026-02-08 19:44:22,961 [WARN] PackLoader:240 - Cannot read IP mode file for STMicroelectronics.X-CUBE-AZRTOS-WB.2.0.0
2026-02-08 19:44:22,961 [WARN] ConditionMgr:1044 - genDependencies : Invalid condition id : UX DEVICE CLASS RTOS Condition cause : null
2026-02-08 19:44:22,966 [WARN] ConditionMgr:1044 - genDependencies : Invalid condition id : UX DEVICE CLASS RTOS Condition cause : null
2026-02-08 19:44:22,968 [WARN] ConditionMgr:1044 - genDependencies : Invalid condition id : UX DEVICE CLASS RTOS Condition cause : null
2026-02-08 19:44:22,968 [WARN] ConditionMgr:1044 - genDependencies : Invalid condition id : UX DEVICE CLASS RTOS Condition cause : null
2026-02-08 19:44:22,969 [WARN] ConditionMgr:1044 - genDependencies : Invalid condition id : UX DEVICE CLASS RTOS Condition cause : null
2026-02-08 19:44:22,986 [WARN] ConditionMgr:438 - getConditionDescription Invalid condition id : Cortex-A Device cause : null
2026-02-08 19:44:23,094 [WARN] ConditionMgr:1044 - genDependencies : Invalid condition id : Cortex-A Device cause : null
2026-02-08 19:44:23,094 [WARN] ConditionMgr:1044 - genDependencies : Invalid condition id : Cortex-A Device cause : null
2026-02-08 19:44:23,099 [WARN] ConditionMgr:1044 - genDependencies : Invalid condition id : Cortex-A Device cause : null
2026-02-08 19:44:23,125 [WARN] PackLoader:240 - Cannot read IP mode file for STMicroelectronics.X-CUBE-STSE01.2.0.0
2026-02-08 19:44:23,158 [WARN] PackLoader:240 - Cannot read IP mode file for STMicroelectronics.X-CUBE-SUBG2.5.0.0
2026-02-08 19:44:23,220 [WARN] PackLoader:240 - Cannot read IP mode file for STMicroelectronics.X-CUBE-AZRTOS-G4.2.0.0
2026-02-08 19:44:23,236 [WARN] PackLoader:240 - Cannot read IP mode file for wolfSSL.I-CUBE-wolfSSH.1.4.20
2026-02-08 19:44:23,255 [WARN] PackLoader:240 - Cannot read IP mode file for STMicroelectronics.X-CUBE-NFC7.2.0.0
2026-02-08 19:44:23,306 [WARN] PackLoader:240 - Cannot read IP mode file for STMicroelectronics.X-CUBE-ALS.1.0.2
2026-02-08 19:44:23,352 [WARN] PackLoader:240 - Cannot read IP mode file for STMicroelectronics.X-CUBE-TOF1.3.4.3
2026-02-08 19:44:23,384 [INFO] ThirdParty:978 - Integrity check success = true
2026-02-08 19:44:23,384 [INFO] IntegrityCheckThread:100 - exiting critical section [integrity check]
2026-02-08 19:44:23,384 [INFO] IntegrityCheckThread:103 - End integrity checks thread
2026-02-08 19:44:25,760 [INFO] WebApp:449 - Apply proxy settings
2026-02-08 19:44:25,760 [INFO] WebApp:534 - Chromium requires no authentication
2026-02-08 19:44:25,791 [INFO] WebApp:477 - Direct internet connection detected
2026-02-08 19:44:25,876 [INFO] WebApp:880 - Register for checkConnection events
2026-02-08 19:44:25,876 [INFO] WebApp:449 - Apply proxy settings
2026-02-08 19:44:25,876 [INFO] WebApp:534 - Chromium requires no authentication
2026-02-08 19:44:25,876 [INFO] WebApp:477 - Direct internet connection detected
2026-02-08 19:44:26,080 [INFO] WebApp:187 - Connection restablished
2026-02-08 19:44:26,592 [INFO] WebApp:221 - Starting web application
2026-02-08 19:44:26,593 [INFO] WebApp:579 - Web application path used C:\ST\STM32CubeIDE_1.17.0\STM32CubeIDE\plugins\com.st.stm32cube.common.mx_6.13.0.202411220809\db\plugins\mcufinder\reactClient1\index.html
2026-02-08 19:44:26,831 [INFO] UserAuth:486 - Internet connection configuration mode: 1
2026-02-08 19:44:27,103 [ERROR] LogOutputStream:75 - [STDERR_REDIRECT] [Fatal Error] :1:1: Premature end of file.
2026-02-08 19:44:27,107 [ERROR] LogOutputStream:75 - [STDERR_REDIRECT] 
2026-02-08 19:44:28,007 [ERROR] LogOutputStream:75 - [STDERR_REDIRECT] [Fatal Error] :1:1: Premature end of file.
2026-02-08 19:44:28,008 [ERROR] LogOutputStream:75 - [STDERR_REDIRECT] 
2026-02-08 19:44:28,996 [ERROR] LogOutputStream:75 - [STDERR_REDIRECT] [Fatal Error] :1:1: Premature end of file.
2026-02-08 19:44:28,996 [ERROR] LogOutputStream:75 - [STDERR_REDIRECT] 
2026-02-08 19:44:29,983 [ERROR] LogOutputStream:75 - [STDERR_REDIRECT] [Fatal Error] :1:1: Premature end of file.
2026-02-08 19:44:29,983 [ERROR] LogOutputStream:75 - [STDERR_REDIRECT] 
2026-02-08 19:44:30,992 [ERROR] LogOutputStream:75 - [STDERR_REDIRECT] [Fatal Error] :1:1: Premature end of file.
2026-02-08 19:44:30,992 [ERROR] LogOutputStream:75 - [STDERR_REDIRECT] 
2026-02-08 19:44:31,990 [ERROR] LogOutputStream:75 - [STDERR_REDIRECT] [Fatal Error] :1:1: Premature end of file.
2026-02-08 19:44:31,990 [ERROR] LogOutputStream:75 - [STDERR_REDIRECT] 
2026-02-08 19:44:32,990 [ERROR] LogOutputStream:75 - [STDERR_REDIRECT] [Fatal Error] :1:1: Premature end of file.
2026-02-08 19:44:32,990 [ERROR] LogOutputStream:75 - [STDERR_REDIRECT] 
2026-02-08 19:44:33,998 [ERROR] LogOutputStream:75 - [STDERR_REDIRECT] [Fatal Error] :1:1: Premature end of file.
2026-02-08 19:44:33,998 [ERROR] LogOutputStream:75 - [STDERR_REDIRECT] 
2026-02-08 19:44:35,003 [ERROR] LogOutputStream:75 - [STDERR_REDIRECT] [Fatal Error] :1:1: Premature end of file.
2026-02-08 19:44:35,003 [ERROR] LogOutputStream:75 - [STDERR_REDIRECT] 
2026-02-08 19:44:36,006 [ERROR] LogOutputStream:75 - [STDERR_REDIRECT] [Fatal Error] :1:1: Premature end of file.
2026-02-08 19:44:36,006 [ERROR] LogOutputStream:75 - [STDERR_REDIRECT] 
2026-02-08 19:44:37,003 [ERROR] LogOutputStream:75 - [STDERR_REDIRECT] [Fatal Error] :1:1: Premature end of file.
2026-02-08 19:44:37,003 [ERROR] LogOutputStream:75 - [STDERR_REDIRECT] 
2026-02-08 19:44:38,006 [ERROR] LogOutputStream:75 - [STDERR_REDIRECT] [Fatal Error] :1:1: Premature end of file.
2026-02-08 19:44:38,006 [ERROR] LogOutputStream:75 - [STDERR_REDIRECT] 
2026-02-08 19:44:38,997 [ERROR] LogOutputStream:75 - [STDERR_REDIRECT] [Fatal Error] :1:1: Premature end of file.
2026-02-08 19:44:38,998 [ERROR] LogOutputStream:75 - [STDERR_REDIRECT] 
2026-02-08 19:44:39,994 [ERROR] LogOutputStream:75 - [STDERR_REDIRECT] [Fatal Error] :1:1: Premature end of file.
2026-02-08 19:44:39,994 [ERROR] LogOutputStream:75 - [STDERR_REDIRECT] 
2026-02-08 19:44:40,998 [ERROR] LogOutputStream:75 - [STDERR_REDIRECT] [Fatal Error] :1:1: Premature end of file.
2026-02-08 19:44:40,998 [ERROR] LogOutputStream:75 - [STDERR_REDIRECT] 
2026-02-08 19:44:42,006 [ERROR] LogOutputStream:75 - [STDERR_REDIRECT] [Fatal Error] :1:1: Premature end of file.
2026-02-08 19:44:42,007 [ERROR] LogOutputStream:75 - [STDERR_REDIRECT] 
2026-02-08 19:44:42,995 [ERROR] LogOutputStream:75 - [STDERR_REDIRECT] [Fatal Error] :1:1: Premature end of file.
2026-02-08 19:44:42,995 [ERROR] LogOutputStream:75 - [STDERR_REDIRECT] 
2026-02-08 19:44:43,980 [ERROR] LogOutputStream:75 - [STDERR_REDIRECT] [Fatal Error] :1:1: Premature end of file.
2026-02-08 19:44:43,990 [ERROR] LogOutputStream:75 - [STDERR_REDIRECT] 
2026-02-08 19:44:45,011 [ERROR] LogOutputStream:75 - [STDERR_REDIRECT] [Fatal Error] :1:1: Premature end of file.
2026-02-08 19:44:45,011 [ERROR] LogOutputStream:75 - [STDERR_REDIRECT] 
2026-02-08 19:44:45,999 [ERROR] LogOutputStream:75 - [STDERR_REDIRECT] [Fatal Error] :1:1: Premature end of file.
2026-02-08 19:44:46,002 [ERROR] LogOutputStream:75 - [STDERR_REDIRECT] 
2026-02-08 19:44:46,987 [ERROR] LogOutputStream:75 - [STDERR_REDIRECT] [Fatal Error] :1:1: Premature end of file.
2026-02-08 19:44:46,987 [ERROR] LogOutputStream:75 - [STDERR_REDIRECT] 
2026-02-08 19:44:47,986 [ERROR] LogOutputStream:75 - [STDERR_REDIRECT] [Fatal Error] :1:1: Premature end of file.
2026-02-08 19:44:47,988 [ERROR] LogOutputStream:75 - [STDERR_REDIRECT] 
2026-02-08 19:44:48,990 [ERROR] LogOutputStream:75 - [STDERR_REDIRECT] [Fatal Error] :1:1: Premature end of file.
2026-02-08 19:44:48,990 [ERROR] LogOutputStream:75 - [STDERR_REDIRECT] 
2026-02-08 19:44:49,992 [ERROR] LogOutputStream:75 - [STDERR_REDIRECT] [Fatal Error] :1:1: Premature end of file.
2026-02-08 19:44:49,992 [ERROR] LogOutputStream:75 - [STDERR_REDIRECT] 
2026-02-08 19:44:50,996 [ERROR] LogOutputStream:75 - [STDERR_REDIRECT] [Fatal Error] :1:1: Premature end of file.
2026-02-08 19:44:50,996 [ERROR] LogOutputStream:75 - [STDERR_REDIRECT] 
2026-02-08 19:44:52,005 [ERROR] LogOutputStream:75 - [STDERR_REDIRECT] [Fatal Error] :1:1: Premature end of file.
2026-02-08 19:44:52,005 [ERROR] LogOutputStream:75 - [STDERR_REDIRECT] 
2026-02-08 19:44:53,003 [ERROR] LogOutputStream:75 - [STDERR_REDIRECT] [Fatal Error] :1:1: Premature end of file.
2026-02-08 19:44:53,004 [ERROR] LogOutputStream:75 - [STDERR_REDIRECT] 
2026-02-08 19:44:53,989 [ERROR] LogOutputStream:75 - [STDERR_REDIRECT] [Fatal Error] :1:1: Premature end of file.
2026-02-08 19:44:53,997 [ERROR] LogOutputStream:75 - [STDERR_REDIRECT] 
2026-02-08 19:44:54,986 [ERROR] LogOutputStream:75 - [STDERR_REDIRECT] [Fatal Error] :1:1: Premature end of file.
2026-02-08 19:44:54,998 [ERROR] LogOutputStream:75 - [STDERR_REDIRECT] 
2026-02-08 19:44:55,987 [ERROR] LogOutputStream:75 - [STDERR_REDIRECT] [Fatal Error] :1:1: Premature end of file.
2026-02-08 19:44:55,987 [ERROR] LogOutputStream:75 - [STDERR_REDIRECT] 
2026-02-08 19:44:56,994 [ERROR] LogOutputStream:75 - [STDERR_REDIRECT] [Fatal Error] :1:1: Premature end of file.
2026-02-08 19:44:56,994 [ERROR] LogOutputStream:75 - [STDERR_REDIRECT] 
2026-02-08 19:44:58,005 [ERROR] LogOutputStream:75 - [STDERR_REDIRECT] [Fatal Error] :1:1: Premature end of file.
2026-02-08 19:44:58,005 [ERROR] LogOutputStream:75 - [STDERR_REDIRECT] 
2026-02-08 19:44:58,985 [ERROR] LogOutputStream:75 - [STDERR_REDIRECT] [Fatal Error] :1:1: Premature end of file.
2026-02-08 19:44:58,985 [ERROR] LogOutputStream:75 - [STDERR_REDIRECT] 
2026-02-08 19:44:59,981 [ERROR] LogOutputStream:75 - [STDERR_REDIRECT] [Fatal Error] :1:1: Premature end of file.
2026-02-08 19:44:59,981 [ERROR] LogOutputStream:75 - [STDERR_REDIRECT] 
2026-02-08 19:45:00,997 [ERROR] LogOutputStream:75 - [STDERR_REDIRECT] [Fatal Error] :1:1: Premature end of file.
2026-02-08 19:45:00,997 [ERROR] LogOutputStream:75 - [STDERR_REDIRECT] 
2026-02-08 19:45:01,990 [ERROR] LogOutputStream:75 - [STDERR_REDIRECT] [Fatal Error] :1:1: Premature end of file.
2026-02-08 19:45:01,990 [ERROR] LogOutputStream:75 - [STDERR_REDIRECT] 
2026-02-08 19:45:02,989 [ERROR] LogOutputStream:75 - [STDERR_REDIRECT] [Fatal Error] :1:1: Premature end of file.
2026-02-08 19:45:02,989 [ERROR] LogOutputStream:75 - [STDERR_REDIRECT] 
2026-02-08 19:45:03,987 [ERROR] LogOutputStream:75 - [STDERR_REDIRECT] [Fatal Error] :1:1: Premature end of file.
2026-02-08 19:45:03,987 [ERROR] LogOutputStream:75 - [STDERR_REDIRECT] 
2026-02-08 19:45:04,981 [ERROR] LogOutputStream:75 - [STDERR_REDIRECT] [Fatal Error] :1:1: Premature end of file.
2026-02-08 19:45:04,981 [ERROR] LogOutputStream:75 - [STDERR_REDIRECT] 
2026-02-08 19:45:05,990 [ERROR] LogOutputStream:75 - [STDERR_REDIRECT] [Fatal Error] :1:1: Premature end of file.
2026-02-08 19:45:05,990 [ERROR] LogOutputStream:75 - [STDERR_REDIRECT] 
2026-02-08 19:45:06,989 [ERROR] LogOutputStream:75 - [STDERR_REDIRECT] [Fatal Error] :1:1: Premature end of file.
2026-02-08 19:45:06,989 [ERROR] LogOutputStream:75 - [STDERR_REDIRECT] 
2026-02-08 19:45:08,007 [ERROR] LogOutputStream:75 - [STDERR_REDIRECT] [Fatal Error] :1:1: Premature end of file.
2026-02-08 19:45:08,007 [ERROR] LogOutputStream:75 - [STDERR_REDIRECT] 
2026-02-08 19:45:09,010 [ERROR] LogOutputStream:75 - [STDERR_REDIRECT] [Fatal Error] :1:1: Premature end of file.
2026-02-08 19:45:09,010 [ERROR] LogOutputStream:75 - [STDERR_REDIRECT] 
2026-02-08 19:45:09,997 [ERROR] LogOutputStream:75 - [STDERR_REDIRECT] [Fatal Error] :1:1: Premature end of file.
2026-02-08 19:45:09,997 [ERROR] LogOutputStream:75 - [STDERR_REDIRECT] 
2026-02-08 19:45:11,014 [ERROR] LogOutputStream:75 - [STDERR_REDIRECT] [Fatal Error] :1:1: Premature end of file.
2026-02-08 19:45:11,014 [ERROR] LogOutputStream:75 - [STDERR_REDIRECT] 
2026-02-08 19:45:11,991 [ERROR] LogOutputStream:75 - [STDERR_REDIRECT] [Fatal Error] :1:1: Premature end of file.
2026-02-08 19:45:11,991 [ERROR] LogOutputStream:75 - [STDERR_REDIRECT] 
2026-02-08 19:45:13,011 [ERROR] LogOutputStream:75 - [STDERR_REDIRECT] [Fatal Error] :1:1: Premature end of file.
2026-02-08 19:45:13,011 [ERROR] LogOutputStream:75 - [STDERR_REDIRECT] 
2026-02-08 19:45:13,982 [ERROR] LogOutputStream:75 - [STDERR_REDIRECT] [Fatal Error] :1:1: Premature end of file.
2026-02-08 19:45:13,982 [ERROR] LogOutputStream:75 - [STDERR_REDIRECT] 
2026-02-08 19:45:15,010 [ERROR] LogOutputStream:75 - [STDERR_REDIRECT] [Fatal Error] :1:1: Premature end of file.
2026-02-08 19:45:15,010 [ERROR] LogOutputStream:75 - [STDERR_REDIRECT] 
2026-02-08 19:45:16,010 [ERROR] LogOutputStream:75 - [STDERR_REDIRECT] [Fatal Error] :1:1: Premature end of file.
2026-02-08 19:45:16,010 [ERROR] LogOutputStream:75 - [STDERR_REDIRECT] 
2026-02-08 19:45:16,998 [ERROR] LogOutputStream:75 - [STDERR_REDIRECT] [Fatal Error] :1:1: Premature end of file.
2026-02-08 19:45:16,998 [ERROR] LogOutputStream:75 - [STDERR_REDIRECT] 
2026-02-08 19:45:18,011 [ERROR] LogOutputStream:75 - [STDERR_REDIRECT] [Fatal Error] :1:1: Premature end of file.
2026-02-08 19:45:18,011 [ERROR] LogOutputStream:75 - [STDERR_REDIRECT] 
2026-02-08 19:45:19,008 [ERROR] LogOutputStream:75 - [STDERR_REDIRECT] [Fatal Error] :1:1: Premature end of file.
2026-02-08 19:45:19,008 [ERROR] LogOutputStream:75 - [STDERR_REDIRECT] 
2026-02-08 19:45:20,000 [ERROR] LogOutputStream:75 - [STDERR_REDIRECT] [Fatal Error] :1:1: Premature end of file.
2026-02-08 19:45:20,000 [ERROR] LogOutputStream:75 - [STDERR_REDIRECT] 
2026-02-08 19:45:20,992 [ERROR] LogOutputStream:75 - [STDERR_REDIRECT] [Fatal Error] :1:1: Premature end of file.
2026-02-08 19:45:20,992 [ERROR] LogOutputStream:75 - [STDERR_REDIRECT] 
2026-02-08 19:45:22,009 [ERROR] LogOutputStream:75 - [STDERR_REDIRECT] [Fatal Error] :1:1: Premature end of file.
2026-02-08 19:45:22,009 [ERROR] LogOutputStream:75 - [STDERR_REDIRECT] 
2026-02-08 19:45:23,002 [ERROR] LogOutputStream:75 - [STDERR_REDIRECT] [Fatal Error] :1:1: Premature end of file.
2026-02-08 19:45:23,003 [ERROR] LogOutputStream:75 - [STDERR_REDIRECT] 
2026-02-08 19:45:24,002 [ERROR] LogOutputStream:75 - [STDERR_REDIRECT] [Fatal Error] :1:1: Premature end of file.
2026-02-08 19:45:24,002 [ERROR] LogOutputStream:75 - [STDERR_REDIRECT] 
2026-02-08 19:45:25,009 [ERROR] LogOutputStream:75 - [STDERR_REDIRECT] [Fatal Error] :1:1: Premature end of file.
2026-02-08 19:45:25,009 [ERROR] LogOutputStream:75 - [STDERR_REDIRECT] 
2026-02-08 19:45:26,002 [ERROR] LogOutputStream:75 - [STDERR_REDIRECT] [Fatal Error] :1:1: Premature end of file.
2026-02-08 19:45:26,002 [ERROR] LogOutputStream:75 - [STDERR_REDIRECT] 
2026-02-08 19:45:27,013 [ERROR] LogOutputStream:75 - [STDERR_REDIRECT] [Fatal Error] :1:1: Premature end of file.
2026-02-08 19:45:27,013 [ERROR] LogOutputStream:75 - [STDERR_REDIRECT] 
2026-02-08 19:45:28,002 [ERROR] LogOutputStream:75 - [STDERR_REDIRECT] [Fatal Error] :1:1: Premature end of file.
2026-02-08 19:45:28,002 [ERROR] LogOutputStream:75 - [STDERR_REDIRECT] 
2026-02-08 19:45:29,008 [ERROR] LogOutputStream:75 - [STDERR_REDIRECT] [Fatal Error] :1:1: Premature end of file.
2026-02-08 19:45:29,008 [ERROR] LogOutputStream:75 - [STDERR_REDIRECT] 
2026-02-08 19:45:30,004 [ERROR] LogOutputStream:75 - [STDERR_REDIRECT] [Fatal Error] :1:1: Premature end of file.
2026-02-08 19:45:30,004 [ERROR] LogOutputStream:75 - [STDERR_REDIRECT] 
2026-02-08 19:45:30,995 [ERROR] LogOutputStream:75 - [STDERR_REDIRECT] [Fatal Error] :1:1: Premature end of file.
2026-02-08 19:45:30,995 [ERROR] LogOutputStream:75 - [STDERR_REDIRECT] 
2026-02-08 19:45:32,000 [ERROR] LogOutputStream:75 - [STDERR_REDIRECT] [Fatal Error] :1:1: Premature end of file.
2026-02-08 19:45:32,000 [ERROR] LogOutputStream:75 - [STDERR_REDIRECT] 
2026-02-08 19:45:33,003 [ERROR] LogOutputStream:75 - [STDERR_REDIRECT] [Fatal Error] :1:1: Premature end of file.
2026-02-08 19:45:33,003 [ERROR] LogOutputStream:75 - [STDERR_REDIRECT] 
2026-02-08 19:45:33,994 [ERROR] LogOutputStream:75 - [STDERR_REDIRECT] [Fatal Error] :1:1: Premature end of file.
2026-02-08 19:45:33,998 [ERROR] LogOutputStream:75 - [STDERR_REDIRECT] 
2026-02-08 19:45:35,007 [ERROR] LogOutputStream:75 - [STDERR_REDIRECT] [Fatal Error] :1:1: Premature end of file.
2026-02-08 19:45:35,007 [ERROR] LogOutputStream:75 - [STDERR_REDIRECT] 
2026-02-08 19:45:36,006 [ERROR] LogOutputStream:75 - [STDERR_REDIRECT] [Fatal Error] :1:1: Premature end of file.
2026-02-08 19:45:36,006 [ERROR] LogOutputStream:75 - [STDERR_REDIRECT] 
2026-02-08 19:45:37,005 [ERROR] LogOutputStream:75 - [STDERR_REDIRECT] [Fatal Error] :1:1: Premature end of file.
2026-02-08 19:45:37,010 [ERROR] LogOutputStream:75 - [STDERR_REDIRECT] 
2026-02-08 19:45:37,997 [ERROR] LogOutputStream:75 - [STDERR_REDIRECT] [Fatal Error] :1:1: Premature end of file.
2026-02-08 19:45:37,997 [ERROR] LogOutputStream:75 - [STDERR_REDIRECT] 
2026-02-08 19:45:39,006 [ERROR] LogOutputStream:75 - [STDERR_REDIRECT] [Fatal Error] :1:1: Premature end of file.
2026-02-08 19:45:39,006 [ERROR] LogOutputStream:75 - [STDERR_REDIRECT] 
2026-02-08 19:45:39,997 [ERROR] LogOutputStream:75 - [STDERR_REDIRECT] [Fatal Error] :1:1: Premature end of file.
2026-02-08 19:45:40,000 [ERROR] LogOutputStream:75 - [STDERR_REDIRECT] 
2026-02-08 19:45:41,004 [ERROR] LogOutputStream:75 - [STDERR_REDIRECT] [Fatal Error] :1:1: Premature end of file.
2026-02-08 19:45:41,004 [ERROR] LogOutputStream:75 - [STDERR_REDIRECT] 
2026-02-08 19:45:41,981 [ERROR] LogOutputStream:75 - [STDERR_REDIRECT] [Fatal Error] :1:1: Premature end of file.
2026-02-08 19:45:41,981 [ERROR] LogOutputStream:75 - [STDERR_REDIRECT] 
2026-02-08 19:45:42,995 [ERROR] LogOutputStream:75 - [STDERR_REDIRECT] [Fatal Error] :1:1: Premature end of file.
2026-02-08 19:45:42,995 [ERROR] LogOutputStream:75 - [STDERR_REDIRECT] 
2026-02-08 19:45:43,989 [ERROR] LogOutputStream:75 - [STDERR_REDIRECT] [Fatal Error] :1:1: Premature end of file.
2026-02-08 19:45:43,989 [ERROR] LogOutputStream:75 - [STDERR_REDIRECT] 
2026-02-08 19:45:45,005 [ERROR] LogOutputStream:75 - [STDERR_REDIRECT] [Fatal Error] :1:1: Premature end of file.
2026-02-08 19:45:45,009 [ERROR] LogOutputStream:75 - [STDERR_REDIRECT] 
2026-02-08 19:45:46,003 [ERROR] LogOutputStream:75 - [STDERR_REDIRECT] [Fatal Error] :1:1: Premature end of file.
2026-02-08 19:45:46,003 [ERROR] LogOutputStream:75 - [STDERR_REDIRECT] 
2026-02-08 19:45:47,003 [ERROR] LogOutputStream:75 - [STDERR_REDIRECT] [Fatal Error] :1:1: Premature end of file.
2026-02-08 19:45:47,003 [ERROR] LogOutputStream:75 - [STDERR_REDIRECT] 
2026-02-08 19:45:48,008 [ERROR] LogOutputStream:75 - [STDERR_REDIRECT] [Fatal Error] :1:1: Premature end of file.
2026-02-08 19:45:48,008 [ERROR] LogOutputStream:75 - [STDERR_REDIRECT] 
2026-02-08 19:45:48,990 [ERROR] LogOutputStream:75 - [STDERR_REDIRECT] [Fatal Error] :1:1: Premature end of file.
2026-02-08 19:45:48,990 [ERROR] LogOutputStream:75 - [STDERR_REDIRECT] 
2026-02-08 19:45:50,007 [ERROR] LogOutputStream:75 - [STDERR_REDIRECT] [Fatal Error] :1:1: Premature end of file.
2026-02-08 19:45:50,007 [ERROR] LogOutputStream:75 - [STDERR_REDIRECT] 
2026-02-08 19:45:50,997 [ERROR] LogOutputStream:75 - [STDERR_REDIRECT] [Fatal Error] :1:1: Premature end of file.
2026-02-08 19:45:50,999 [ERROR] LogOutputStream:75 - [STDERR_REDIRECT] 
2026-02-08 19:45:51,996 [ERROR] LogOutputStream:75 - [STDERR_REDIRECT] [Fatal Error] :1:1: Premature end of file.
2026-02-08 19:45:51,996 [ERROR] LogOutputStream:75 - [STDERR_REDIRECT] 
2026-02-08 19:45:52,998 [ERROR] LogOutputStream:75 - [STDERR_REDIRECT] [Fatal Error] :1:1: Premature end of file.
2026-02-08 19:45:52,998 [ERROR] LogOutputStream:75 - [STDERR_REDIRECT] 
2026-02-08 19:45:54,001 [ERROR] LogOutputStream:75 - [STDERR_REDIRECT] [Fatal Error] :1:1: Premature end of file.
2026-02-08 19:45:54,001 [ERROR] LogOutputStream:75 - [STDERR_REDIRECT] 
2026-02-08 19:45:55,000 [ERROR] LogOutputStream:75 - [STDERR_REDIRECT] [Fatal Error] :1:1: Premature end of file.
2026-02-08 19:45:55,008 [ERROR] LogOutputStream:75 - [STDERR_REDIRECT] 
2026-02-08 19:45:56,003 [ERROR] LogOutputStream:75 - [STDERR_REDIRECT] [Fatal Error] :1:1: Premature end of file.
2026-02-08 19:45:56,003 [ERROR] LogOutputStream:75 - [STDERR_REDIRECT] 
2026-02-08 19:45:57,005 [ERROR] LogOutputStream:75 - [STDERR_REDIRECT] [Fatal Error] :1:1: Premature end of file.
2026-02-08 19:45:57,007 [ERROR] LogOutputStream:75 - [STDERR_REDIRECT] 
2026-02-08 19:45:57,989 [ERROR] LogOutputStream:75 - [STDERR_REDIRECT] [Fatal Error] :1:1: Premature end of file.
2026-02-08 19:45:57,989 [ERROR] LogOutputStream:75 - [STDERR_REDIRECT] 
2026-02-08 19:45:59,000 [ERROR] LogOutputStream:75 - [STDERR_REDIRECT] [Fatal Error] :1:1: Premature end of file.
2026-02-08 19:45:59,000 [ERROR] LogOutputStream:75 - [STDERR_REDIRECT] 
2026-02-08 19:45:59,986 [ERROR] LogOutputStream:75 - [STDERR_REDIRECT] [Fatal Error] :1:1: Premature end of file.
2026-02-08 19:45:59,986 [ERROR] LogOutputStream:75 - [STDERR_REDIRECT] 
2026-02-08 19:46:01,000 [ERROR] LogOutputStream:75 - [STDERR_REDIRECT] [Fatal Error] :1:1: Premature end of file.
2026-02-08 19:46:01,012 [ERROR] LogOutputStream:75 - [STDERR_REDIRECT] 
2026-02-08 19:46:02,007 [ERROR] LogOutputStream:75 - [STDERR_REDIRECT] [Fatal Error] :1:1: Premature end of file.
2026-02-08 19:46:02,010 [ERROR] LogOutputStream:75 - [STDERR_REDIRECT] 
2026-02-08 19:46:03,001 [ERROR] LogOutputStream:75 - [STDERR_REDIRECT] [Fatal Error] :1:1: Premature end of file.
2026-02-08 19:46:03,001 [ERROR] LogOutputStream:75 - [STDERR_REDIRECT] 
2026-02-08 19:46:04,007 [ERROR] LogOutputStream:75 - [STDERR_REDIRECT] [Fatal Error] :1:1: Premature end of file.
2026-02-08 19:46:04,007 [ERROR] LogOutputStream:75 - [STDERR_REDIRECT] 
2026-02-08 19:46:05,005 [ERROR] LogOutputStream:75 - [STDERR_REDIRECT] [Fatal Error] :1:1: Premature end of file.
2026-02-08 19:46:05,005 [ERROR] LogOutputStream:75 - [STDERR_REDIRECT] 
2026-02-08 19:46:06,006 [ERROR] LogOutputStream:75 - [STDERR_REDIRECT] [Fatal Error] :1:1: Premature end of file.
2026-02-08 19:46:06,006 [ERROR] LogOutputStream:75 - [STDERR_REDIRECT] 
2026-02-08 19:46:07,008 [ERROR] LogOutputStream:75 - [STDERR_REDIRECT] [Fatal Error] :1:1: Premature end of file.
2026-02-08 19:46:07,013 [ERROR] LogOutputStream:75 - [STDERR_REDIRECT] 
2026-02-08 19:46:08,009 [ERROR] LogOutputStream:75 - [STDERR_REDIRECT] [Fatal Error] :1:1: Premature end of file.
2026-02-08 19:46:08,009 [ERROR] LogOutputStream:75 - [STDERR_REDIRECT] 
2026-02-08 19:46:09,004 [ERROR] LogOutputStream:75 - [STDERR_REDIRECT] [Fatal Error] :1:1: Premature end of file.
2026-02-08 19:46:09,004 [ERROR] LogOutputStream:75 - [STDERR_REDIRECT] 
2026-02-08 19:46:09,992 [ERROR] LogOutputStream:75 - [STDERR_REDIRECT] [Fatal Error] :1:1: Premature end of file.
2026-02-08 19:46:09,992 [ERROR] LogOutputStream:75 - [STDERR_REDIRECT] 
2026-02-08 19:46:11,010 [ERROR] LogOutputStream:75 - [STDERR_REDIRECT] [Fatal Error] :1:1: Premature end of file.
2026-02-08 19:46:11,010 [ERROR] LogOutputStream:75 - [STDERR_REDIRECT] 
2026-02-08 19:46:11,997 [ERROR] LogOutputStream:75 - [STDERR_REDIRECT] [Fatal Error] :1:1: Premature end of file.
2026-02-08 19:46:11,997 [ERROR] LogOutputStream:75 - [STDERR_REDIRECT] 
2026-02-08 19:46:13,006 [ERROR] LogOutputStream:75 - [STDERR_REDIRECT] [Fatal Error] :1:1: Premature end of file.
2026-02-08 19:46:13,006 [ERROR] LogOutputStream:75 - [STDERR_REDIRECT] 
2026-02-08 19:46:13,988 [ERROR] LogOutputStream:75 - [STDERR_REDIRECT] [Fatal Error] :1:1: Premature end of file.
2026-02-08 19:46:13,988 [ERROR] LogOutputStream:75 - [STDERR_REDIRECT] 
2026-02-08 19:46:14,997 [ERROR] LogOutputStream:75 - [STDERR_REDIRECT] [Fatal Error] :1:1: Premature end of file.
2026-02-08 19:46:15,012 [ERROR] LogOutputStream:75 - [STDERR_REDIRECT] 
2026-02-08 19:46:15,998 [ERROR] LogOutputStream:75 - [STDERR_REDIRECT] [Fatal Error] :1:1: Premature end of file.
2026-02-08 19:46:15,998 [ERROR] LogOutputStream:75 - [STDERR_REDIRECT] 
2026-02-08 19:46:16,991 [ERROR] LogOutputStream:75 - [STDERR_REDIRECT] [Fatal Error] :1:1: Premature end of file.
2026-02-08 19:46:16,991 [ERROR] LogOutputStream:75 - [STDERR_REDIRECT] 
2026-02-08 19:46:18,003 [ERROR] LogOutputStream:75 - [STDERR_REDIRECT] [Fatal Error] :1:1: Premature end of file.
2026-02-08 19:46:18,003 [ERROR] LogOutputStream:75 - [STDERR_REDIRECT] 
2026-02-08 19:46:19,010 [ERROR] LogOutputStream:75 - [STDERR_REDIRECT] [Fatal Error] :1:1: Premature end of file.
2026-02-08 19:46:19,010 [ERROR] LogOutputStream:75 - [STDERR_REDIRECT] 
2026-02-08 19:46:20,008 [ERROR] LogOutputStream:75 - [STDERR_REDIRECT] [Fatal Error] :1:1: Premature end of file.
2026-02-08 19:46:20,008 [ERROR] LogOutputStream:75 - [STDERR_REDIRECT] 
2026-02-08 19:46:20,998 [ERROR] LogOutputStream:75 - [STDERR_REDIRECT] [Fatal Error] :1:1: Premature end of file.
2026-02-08 19:46:20,998 [ERROR] LogOutputStream:75 - [STDERR_REDIRECT] 
2026-02-08 19:46:22,011 [ERROR] LogOutputStream:75 - [STDERR_REDIRECT] [Fatal Error] :1:1: Premature end of file.
2026-02-08 19:46:22,011 [ERROR] LogOutputStream:75 - [STDERR_REDIRECT] 
2026-02-08 19:46:23,009 [ERROR] LogOutputStream:75 - [STDERR_REDIRECT] [Fatal Error] :1:1: Premature end of file.
2026-02-08 19:46:23,010 [ERROR] LogOutputStream:75 - [STDERR_REDIRECT] 
2026-02-08 19:46:23,994 [ERROR] LogOutputStream:75 - [STDERR_REDIRECT] [Fatal Error] :1:1: Premature end of file.
2026-02-08 19:46:23,994 [ERROR] LogOutputStream:75 - [STDERR_REDIRECT] 
2026-02-08 19:46:24,995 [ERROR] LogOutputStream:75 - [STDERR_REDIRECT] [Fatal Error] :1:1: Premature end of file.
2026-02-08 19:46:24,997 [ERROR] LogOutputStream:75 - [STDERR_REDIRECT] 
2026-02-08 19:46:26,004 [ERROR] LogOutputStream:75 - [STDERR_REDIRECT] [Fatal Error] :1:1: Premature end of file.
2026-02-08 19:46:26,004 [ERROR] LogOutputStream:75 - [STDERR_REDIRECT] 
2026-02-08 19:46:26,989 [ERROR] LogOutputStream:75 - [STDERR_REDIRECT] [Fatal Error] :1:1: Premature end of file.
2026-02-08 19:46:26,989 [ERROR] LogOutputStream:75 - [STDERR_REDIRECT] 
2026-02-08 19:46:27,986 [ERROR] LogOutputStream:75 - [STDERR_REDIRECT] [Fatal Error] :1:1: Premature end of file.
2026-02-08 19:46:27,986 [ERROR] LogOutputStream:75 - [STDERR_REDIRECT] 
2026-02-08 19:46:29,001 [ERROR] LogOutputStream:75 - [STDERR_REDIRECT] [Fatal Error] :1:1: Premature end of file.
2026-02-08 19:46:29,001 [ERROR] LogOutputStream:75 - [STDERR_REDIRECT] 
2026-02-08 19:46:30,006 [ERROR] LogOutputStream:75 - [STDERR_REDIRECT] [Fatal Error] :1:1: Premature end of file.
2026-02-08 19:46:30,006 [ERROR] LogOutputStream:75 - [STDERR_REDIRECT] 
2026-02-08 19:46:31,003 [ERROR] LogOutputStream:75 - [STDERR_REDIRECT] [Fatal Error] :1:1: Premature end of file.
2026-02-08 19:46:31,003 [ERROR] LogOutputStream:75 - [STDERR_REDIRECT] 
2026-02-08 19:46:32,009 [ERROR] LogOutputStream:75 - [STDERR_REDIRECT] [Fatal Error] :1:1: Premature end of file.
2026-02-08 19:46:32,009 [ERROR] LogOutputStream:75 - [STDERR_REDIRECT] 
2026-02-08 19:46:32,994 [ERROR] LogOutputStream:75 - [STDERR_REDIRECT] [Fatal Error] :1:1: Premature end of file.
2026-02-08 19:46:32,994 [ERROR] LogOutputStream:75 - [STDERR_REDIRECT] 
2026-02-08 19:46:33,997 [ERROR] LogOutputStream:75 - [STDERR_REDIRECT] [Fatal Error] :1:1: Premature end of file.
2026-02-08 19:46:33,997 [ERROR] LogOutputStream:75 - [STDERR_REDIRECT] 
2026-02-08 19:46:34,997 [ERROR] LogOutputStream:75 - [STDERR_REDIRECT] [Fatal Error] :1:1: Premature end of file.
2026-02-08 19:46:34,997 [ERROR] LogOutputStream:75 - [STDERR_REDIRECT] 
2026-02-08 19:46:36,006 [ERROR] LogOutputStream:75 - [STDERR_REDIRECT] [Fatal Error] :1:1: Premature end of file.
2026-02-08 19:46:36,006 [ERROR] LogOutputStream:75 - [STDERR_REDIRECT] 
2026-02-08 19:46:37,018 [ERROR] LogOutputStream:75 - [STDERR_REDIRECT] [Fatal Error] :1:1: Premature end of file.
2026-02-08 19:46:37,018 [ERROR] LogOutputStream:75 - [STDERR_REDIRECT] 
2026-02-08 19:46:38,016 [ERROR] LogOutputStream:75 - [STDERR_REDIRECT] [Fatal Error] :1:1: Premature end of file.
2026-02-08 19:46:38,016 [ERROR] LogOutputStream:75 - [STDERR_REDIRECT] 
2026-02-08 19:46:39,020 [ERROR] LogOutputStream:75 - [STDERR_REDIRECT] [Fatal Error] :1:1: Premature end of file.
2026-02-08 19:46:39,023 [ERROR] LogOutputStream:75 - [STDERR_REDIRECT] 
2026-02-08 19:46:40,019 [ERROR] LogOutputStream:75 - [STDERR_REDIRECT] [Fatal Error] :1:1: Premature end of file.
2026-02-08 19:46:40,019 [ERROR] LogOutputStream:75 - [STDERR_REDIRECT] 
2026-02-08 19:46:41,022 [ERROR] LogOutputStream:75 - [STDERR_REDIRECT] [Fatal Error] :1:1: Premature end of file.
2026-02-08 19:46:41,022 [ERROR] LogOutputStream:75 - [STDERR_REDIRECT] 
2026-02-08 19:46:42,023 [ERROR] LogOutputStream:75 - [STDERR_REDIRECT] [Fatal Error] :1:1: Premature end of file.
2026-02-08 19:46:42,023 [ERROR] LogOutputStream:75 - [STDERR_REDIRECT] 
2026-02-08 19:46:43,021 [ERROR] LogOutputStream:75 - [STDERR_REDIRECT] [Fatal Error] :1:1: Premature end of file.
2026-02-08 19:46:43,021 [ERROR] LogOutputStream:75 - [STDERR_REDIRECT] 
2026-02-08 19:46:44,018 [ERROR] LogOutputStream:75 - [STDERR_REDIRECT] [Fatal Error] :1:1: Premature end of file.
2026-02-08 19:46:44,020 [ERROR] LogOutputStream:75 - [STDERR_REDIRECT] 
2026-02-08 19:46:45,021 [ERROR] LogOutputStream:75 - [STDERR_REDIRECT] [Fatal Error] :1:1: Premature end of file.
2026-02-08 19:46:45,021 [ERROR] LogOutputStream:75 - [STDERR_REDIRECT] 
2026-02-08 19:46:46,018 [ERROR] LogOutputStream:75 - [STDERR_REDIRECT] [Fatal Error] :1:1: Premature end of file.
2026-02-08 19:46:46,018 [ERROR] LogOutputStream:75 - [STDERR_REDIRECT] 
2026-02-08 19:46:47,008 [ERROR] LogOutputStream:75 - [STDERR_REDIRECT] [Fatal Error] :1:1: Premature end of file.
2026-02-08 19:46:47,011 [ERROR] LogOutputStream:75 - [STDERR_REDIRECT] 
2026-02-08 19:46:48,021 [ERROR] LogOutputStream:75 - [STDERR_REDIRECT] [Fatal Error] :1:1: Premature end of file.
2026-02-08 19:46:48,021 [ERROR] LogOutputStream:75 - [STDERR_REDIRECT] 
2026-02-08 19:46:49,011 [ERROR] LogOutputStream:75 - [STDERR_REDIRECT] [Fatal Error] :1:1: Premature end of file.
2026-02-08 19:46:49,011 [ERROR] LogOutputStream:75 - [STDERR_REDIRECT] 
2026-02-08 19:46:50,043 [ERROR] LogOutputStream:75 - [STDERR_REDIRECT] [Fatal Error] :1:1: Premature end of file.
2026-02-08 19:46:50,045 [ERROR] LogOutputStream:75 - [STDERR_REDIRECT] 
2026-02-08 19:46:51,009 [ERROR] LogOutputStream:75 - [STDERR_REDIRECT] [Fatal Error] :1:1: Premature end of file.
2026-02-08 19:46:51,009 [ERROR] LogOutputStream:75 - [STDERR_REDIRECT] 
2026-02-08 19:46:52,001 [ERROR] LogOutputStream:75 - [STDERR_REDIRECT] [Fatal Error] :1:1: Premature end of file.
2026-02-08 19:46:52,001 [ERROR] LogOutputStream:75 - [STDERR_REDIRECT] 
2026-02-08 19:46:52,999 [ERROR] LogOutputStream:75 - [STDERR_REDIRECT] [Fatal Error] :1:1: Premature end of file.
2026-02-08 19:46:53,000 [ERROR] LogOutputStream:75 - [STDERR_REDIRECT] 
2026-02-08 19:46:54,014 [ERROR] LogOutputStream:75 - [STDERR_REDIRECT] [Fatal Error] :1:1: Premature end of file.
2026-02-08 19:46:54,016 [ERROR] LogOutputStream:75 - [STDERR_REDIRECT] 
2026-02-08 19:46:54,983 [ERROR] LogOutputStream:75 - [STDERR_REDIRECT] [Fatal Error] :1:1: Premature end of file.
2026-02-08 19:46:54,986 [ERROR] LogOutputStream:75 - [STDERR_REDIRECT] 
2026-02-08 19:46:56,008 [ERROR] LogOutputStream:75 - [STDERR_REDIRECT] [Fatal Error] :1:1: Premature end of file.
2026-02-08 19:46:56,008 [ERROR] LogOutputStream:75 - [STDERR_REDIRECT] 
2026-02-08 19:46:56,988 [ERROR] LogOutputStream:75 - [STDERR_REDIRECT] [Fatal Error] :1:1: Premature end of file.
2026-02-08 19:46:56,988 [ERROR] LogOutputStream:75 - [STDERR_REDIRECT] 
2026-02-08 19:46:58,005 [ERROR] LogOutputStream:75 - [STDERR_REDIRECT] [Fatal Error] :1:1: Premature end of file.
2026-02-08 19:46:58,005 [ERROR] LogOutputStream:75 - [STDERR_REDIRECT] 
2026-02-08 19:46:58,995 [ERROR] LogOutputStream:75 - [STDERR_REDIRECT] [Fatal Error] :1:1: Premature end of file.
2026-02-08 19:46:58,995 [ERROR] LogOutputStream:75 - [STDERR_REDIRECT] 
2026-02-08 19:47:00,007 [ERROR] LogOutputStream:75 - [STDERR_REDIRECT] [Fatal Error] :1:1: Premature end of file.
2026-02-08 19:47:00,007 [ERROR] LogOutputStream:75 - [STDERR_REDIRECT] 
2026-02-08 19:47:00,998 [ERROR] LogOutputStream:75 - [STDERR_REDIRECT] [Fatal Error] :1:1: Premature end of file.
2026-02-08 19:47:00,998 [ERROR] LogOutputStream:75 - [STDERR_REDIRECT] 
2026-02-08 19:47:01,990 [ERROR] LogOutputStream:75 - [STDERR_REDIRECT] [Fatal Error] :1:1: Premature end of file.
2026-02-08 19:47:01,990 [ERROR] LogOutputStream:75 - [STDERR_REDIRECT] 
2026-02-08 19:47:03,006 [ERROR] LogOutputStream:75 - [STDERR_REDIRECT] [Fatal Error] :1:1: Premature end of file.
2026-02-08 19:47:03,006 [ERROR] LogOutputStream:75 - [STDERR_REDIRECT] 
2026-02-08 19:47:04,011 [ERROR] LogOutputStream:75 - [STDERR_REDIRECT] [Fatal Error] :1:1: Premature end of file.
2026-02-08 19:47:04,011 [ERROR] LogOutputStream:75 - [STDERR_REDIRECT] 
2026-02-08 19:47:04,980 [ERROR] LogOutputStream:75 - [STDERR_REDIRECT] [Fatal Error] :1:1: Premature end of file.
2026-02-08 19:47:04,980 [ERROR] LogOutputStream:75 - [STDERR_REDIRECT] 
2026-02-08 19:47:05,998 [ERROR] LogOutputStream:75 - [STDERR_REDIRECT] [Fatal Error] :1:1: Premature end of file.
2026-02-08 19:47:05,998 [ERROR] LogOutputStream:75 - [STDERR_REDIRECT] 
2026-02-08 19:47:06,972 [ERROR] LogOutputStream:75 - [STDERR_REDIRECT] [Fatal Error] :1:1: Premature end of file.
2026-02-08 19:47:06,972 [ERROR] LogOutputStream:75 - [STDERR_REDIRECT] 
2026-02-08 19:47:07,980 [ERROR] LogOutputStream:75 - [STDERR_REDIRECT] [Fatal Error] :1:1: Premature end of file.
2026-02-08 19:47:07,980 [ERROR] LogOutputStream:75 - [STDERR_REDIRECT] 
2026-02-08 19:47:08,998 [ERROR] LogOutputStream:75 - [STDERR_REDIRECT] [Fatal Error] :1:1: Premature end of file.
2026-02-08 19:47:08,998 [ERROR] LogOutputStream:75 - [STDERR_REDIRECT] 
2026-02-08 19:47:10,000 [ERROR] LogOutputStream:75 - [STDERR_REDIRECT] [Fatal Error] :1:1: Premature end of file.
2026-02-08 19:47:10,000 [ERROR] LogOutputStream:75 - [STDERR_REDIRECT] 
2026-02-08 19:47:11,001 [ERROR] LogOutputStream:75 - [STDERR_REDIRECT] [Fatal Error] :1:1: Premature end of file.
2026-02-08 19:47:11,001 [ERROR] LogOutputStream:75 - [STDERR_REDIRECT] 
2026-02-08 19:47:12,003 [ERROR] LogOutputStream:75 - [STDERR_REDIRECT] [Fatal Error] :1:1: Premature end of file.
2026-02-08 19:47:12,003 [ERROR] LogOutputStream:75 - [STDERR_REDIRECT] 
2026-02-08 19:47:13,004 [ERROR] LogOutputStream:75 - [STDERR_REDIRECT] [Fatal Error] :1:1: Premature end of file.
2026-02-08 19:47:13,004 [ERROR] LogOutputStream:75 - [STDERR_REDIRECT] 
2026-02-08 19:47:13,985 [ERROR] LogOutputStream:75 - [STDERR_REDIRECT] [Fatal Error] :1:1: Premature end of file.
2026-02-08 19:47:13,985 [ERROR] LogOutputStream:75 - [STDERR_REDIRECT] 
2026-02-08 19:47:14,995 [ERROR] LogOutputStream:75 - [STDERR_REDIRECT] [Fatal Error] :1:1: Premature end of file.
2026-02-08 19:47:14,995 [ERROR] LogOutputStream:75 - [STDERR_REDIRECT] 
2026-02-08 19:47:16,014 [ERROR] LogOutputStream:75 - [STDERR_REDIRECT] [Fatal Error] :1:1: Premature end of file.
2026-02-08 19:47:16,014 [ERROR] LogOutputStream:75 - [STDERR_REDIRECT] 
2026-02-08 19:47:16,982 [ERROR] LogOutputStream:75 - [STDERR_REDIRECT] [Fatal Error] :1:1: Premature end of file.
2026-02-08 19:47:16,982 [ERROR] LogOutputStream:75 - [STDERR_REDIRECT] 
2026-02-08 19:47:18,007 [ERROR] LogOutputStream:75 - [STDERR_REDIRECT] [Fatal Error] :1:1: Premature end of file.
2026-02-08 19:47:18,007 [ERROR] LogOutputStream:75 - [STDERR_REDIRECT] 
2026-02-08 19:47:19,004 [ERROR] LogOutputStream:75 - [STDERR_REDIRECT] [Fatal Error] :1:1: Premature end of file.
2026-02-08 19:47:19,004 [ERROR] LogOutputStream:75 - [STDERR_REDIRECT] 
2026-02-08 19:47:20,005 [ERROR] LogOutputStream:75 - [STDERR_REDIRECT] [Fatal Error] :1:1: Premature end of file.
2026-02-08 19:47:20,005 [ERROR] LogOutputStream:75 - [STDERR_REDIRECT] 
2026-02-08 19:47:20,989 [ERROR] LogOutputStream:75 - [STDERR_REDIRECT] [Fatal Error] :1:1: Premature end of file.
2026-02-08 19:47:20,989 [ERROR] LogOutputStream:75 - [STDERR_REDIRECT] 
2026-02-08 19:47:21,982 [ERROR] LogOutputStream:75 - [STDERR_REDIRECT] [Fatal Error] :1:1: Premature end of file.
2026-02-08 19:47:21,982 [ERROR] LogOutputStream:75 - [STDERR_REDIRECT] 
2026-02-08 19:47:22,974 [ERROR] LogOutputStream:75 - [STDERR_REDIRECT] [Fatal Error] :1:1: Premature end of file.
2026-02-08 19:47:22,974 [ERROR] LogOutputStream:75 - [STDERR_REDIRECT] 
2026-02-08 19:47:23,977 [ERROR] LogOutputStream:75 - [STDERR_REDIRECT] [Fatal Error] :1:1: Premature end of file.
2026-02-08 19:47:23,977 [ERROR] LogOutputStream:75 - [STDERR_REDIRECT] 
2026-02-08 19:47:24,987 [ERROR] LogOutputStream:75 - [STDERR_REDIRECT] [Fatal Error] :1:1: Premature end of file.
2026-02-08 19:47:24,987 [ERROR] LogOutputStream:75 - [STDERR_REDIRECT] 
2026-02-08 19:47:25,985 [ERROR] LogOutputStream:75 - [STDERR_REDIRECT] [Fatal Error] :1:1: Premature end of file.
2026-02-08 19:47:25,986 [ERROR] LogOutputStream:75 - [STDERR_REDIRECT] 
2026-02-08 19:47:26,990 [ERROR] LogOutputStream:75 - [STDERR_REDIRECT] [Fatal Error] :1:1: Premature end of file.
2026-02-08 19:47:26,990 [ERROR] LogOutputStream:75 - [STDERR_REDIRECT] 
2026-02-08 19:47:27,986 [ERROR] LogOutputStream:75 - [STDERR_REDIRECT] [Fatal Error] :1:1: Premature end of file.
2026-02-08 19:47:27,986 [ERROR] LogOutputStream:75 - [STDERR_REDIRECT] 
2026-02-08 19:47:28,987 [ERROR] LogOutputStream:75 - [STDERR_REDIRECT] [Fatal Error] :1:1: Premature end of file.
2026-02-08 19:47:28,987 [ERROR] LogOutputStream:75 - [STDERR_REDIRECT] 
2026-02-08 19:47:30,001 [ERROR] LogOutputStream:75 - [STDERR_REDIRECT] [Fatal Error] :1:1: Premature end of file.
2026-02-08 19:47:30,001 [ERROR] LogOutputStream:75 - [STDERR_REDIRECT] 
2026-02-08 19:47:30,975 [ERROR] LogOutputStream:75 - [STDERR_REDIRECT] [Fatal Error] :1:1: Premature end of file.
2026-02-08 19:47:30,991 [ERROR] LogOutputStream:75 - [STDERR_REDIRECT] 
2026-02-08 19:47:31,989 [ERROR] LogOutputStream:75 - [STDERR_REDIRECT] [Fatal Error] :1:1: Premature end of file.
2026-02-08 19:47:31,989 [ERROR] LogOutputStream:75 - [STDERR_REDIRECT] 
2026-02-08 19:47:33,031 [ERROR] LogOutputStream:75 - [STDERR_REDIRECT] [Fatal Error] :1:1: Premature end of file.
2026-02-08 19:47:33,031 [ERROR] LogOutputStream:75 - [STDERR_REDIRECT] 
2026-02-08 19:47:34,089 [ERROR] LogOutputStream:75 - [STDERR_REDIRECT] [Fatal Error] :1:1: Premature end of file.
2026-02-08 19:47:34,089 [ERROR] LogOutputStream:75 - [STDERR_REDIRECT] 
2026-02-08 19:47:34,994 [ERROR] LogOutputStream:75 - [STDERR_REDIRECT] [Fatal Error] :1:1: Premature end of file.
2026-02-08 19:47:34,994 [ERROR] LogOutputStream:75 - [STDERR_REDIRECT] 
2026-02-08 19:47:35,981 [ERROR] LogOutputStream:75 - [STDERR_REDIRECT] [Fatal Error] :1:1: Premature end of file.
2026-02-08 19:47:35,981 [ERROR] LogOutputStream:75 - [STDERR_REDIRECT] 
2026-02-08 19:47:36,987 [ERROR] LogOutputStream:75 - [STDERR_REDIRECT] [Fatal Error] :1:1: Premature end of file.
2026-02-08 19:47:36,987 [ERROR] LogOutputStream:75 - [STDERR_REDIRECT] 
2026-02-08 19:47:37,991 [ERROR] LogOutputStream:75 - [STDERR_REDIRECT] [Fatal Error] :1:1: Premature end of file.
2026-02-08 19:47:37,991 [ERROR] LogOutputStream:75 - [STDERR_REDIRECT] 
2026-02-08 19:47:39,010 [ERROR] LogOutputStream:75 - [STDERR_REDIRECT] [Fatal Error] :1:1: Premature end of file.
2026-02-08 19:47:39,010 [ERROR] LogOutputStream:75 - [STDERR_REDIRECT] 
2026-02-08 19:47:40,004 [ERROR] LogOutputStream:75 - [STDERR_REDIRECT] [Fatal Error] :1:1: Premature end of file.
2026-02-08 19:47:40,004 [ERROR] LogOutputStream:75 - [STDERR_REDIRECT] 
2026-02-08 19:47:40,981 [ERROR] LogOutputStream:75 - [STDERR_REDIRECT] [Fatal Error] :1:1: Premature end of file.
2026-02-08 19:47:40,981 [ERROR] LogOutputStream:75 - [STDERR_REDIRECT] 
2026-02-08 19:47:41,999 [ERROR] LogOutputStream:75 - [STDERR_REDIRECT] [Fatal Error] :1:1: Premature end of file.
2026-02-08 19:47:42,001 [ERROR] LogOutputStream:75 - [STDERR_REDIRECT] 
2026-02-08 19:47:43,021 [ERROR] LogOutputStream:75 - [STDERR_REDIRECT] [Fatal Error] :1:1: Premature end of file.
2026-02-08 19:47:43,022 [ERROR] LogOutputStream:75 - [STDERR_REDIRECT] 
2026-02-08 19:47:44,007 [ERROR] LogOutputStream:75 - [STDERR_REDIRECT] [Fatal Error] :1:1: Premature end of file.
2026-02-08 19:47:44,007 [ERROR] LogOutputStream:75 - [STDERR_REDIRECT] 
2026-02-08 19:47:45,018 [ERROR] LogOutputStream:75 - [STDERR_REDIRECT] [Fatal Error] :1:1: Premature end of file.
2026-02-08 19:47:45,018 [ERROR] LogOutputStream:75 - [STDERR_REDIRECT] 
2026-02-08 19:47:46,001 [ERROR] LogOutputStream:75 - [STDERR_REDIRECT] [Fatal Error] :1:1: Premature end of file.
2026-02-08 19:47:46,002 [ERROR] LogOutputStream:75 - [STDERR_REDIRECT] 
2026-02-08 19:47:46,978 [ERROR] LogOutputStream:75 - [STDERR_REDIRECT] [Fatal Error] :1:1: Premature end of file.
2026-02-08 19:47:46,978 [ERROR] LogOutputStream:75 - [STDERR_REDIRECT] 
2026-02-08 19:47:47,994 [ERROR] LogOutputStream:75 - [STDERR_REDIRECT] [Fatal Error] :1:1: Premature end of file.
2026-02-08 19:47:47,994 [ERROR] LogOutputStream:75 - [STDERR_REDIRECT] 
2026-02-08 19:47:49,013 [ERROR] LogOutputStream:75 - [STDERR_REDIRECT] [Fatal Error] :1:1: Premature end of file.
2026-02-08 19:47:49,013 [ERROR] LogOutputStream:75 - [STDERR_REDIRECT] 
2026-02-08 19:47:49,974 [ERROR] LogOutputStream:75 - [STDERR_REDIRECT] [Fatal Error] :1:1: Premature end of file.
2026-02-08 19:47:49,974 [ERROR] LogOutputStream:75 - [STDERR_REDIRECT] 
2026-02-08 19:47:50,999 [ERROR] LogOutputStream:75 - [STDERR_REDIRECT] [Fatal Error] :1:1: Premature end of file.
2026-02-08 19:47:50,999 [ERROR] LogOutputStream:75 - [STDERR_REDIRECT] 
2026-02-08 19:47:52,001 [ERROR] LogOutputStream:75 - [STDERR_REDIRECT] [Fatal Error] :1:1: Premature end of file.
2026-02-08 19:47:52,001 [ERROR] LogOutputStream:75 - [STDERR_REDIRECT] 
2026-02-08 19:47:53,019 [ERROR] LogOutputStream:75 - [STDERR_REDIRECT] [Fatal Error] :1:1: Premature end of file.
2026-02-08 19:47:53,019 [ERROR] LogOutputStream:75 - [STDERR_REDIRECT] 
2026-02-08 19:47:54,016 [ERROR] LogOutputStream:75 - [STDERR_REDIRECT] [Fatal Error] :1:1: Premature end of file.
2026-02-08 19:47:54,016 [ERROR] LogOutputStream:75 - [STDERR_REDIRECT] 
2026-02-08 19:47:55,011 [ERROR] LogOutputStream:75 - [STDERR_REDIRECT] [Fatal Error] :1:1: Premature end of file.
2026-02-08 19:47:55,012 [ERROR] LogOutputStream:75 - [STDERR_REDIRECT] 
2026-02-08 19:47:56,031 [ERROR] LogOutputStream:75 - [STDERR_REDIRECT] [Fatal Error] :1:1: Premature end of file.
2026-02-08 19:47:56,031 [ERROR] LogOutputStream:75 - [STDERR_REDIRECT] 
2026-02-08 19:47:56,987 [ERROR] LogOutputStream:75 - [STDERR_REDIRECT] [Fatal Error] :1:1: Premature end of file.
2026-02-08 19:47:56,987 [ERROR] LogOutputStream:75 - [STDERR_REDIRECT] 
2026-02-08 19:47:57,983 [ERROR] LogOutputStream:75 - [STDERR_REDIRECT] [Fatal Error] :1:1: Premature end of file.
2026-02-08 19:47:57,984 [ERROR] LogOutputStream:75 - [STDERR_REDIRECT] 
2026-02-08 19:47:59,012 [ERROR] LogOutputStream:75 - [STDERR_REDIRECT] [Fatal Error] :1:1: Premature end of file.
2026-02-08 19:47:59,013 [ERROR] LogOutputStream:75 - [STDERR_REDIRECT] 
2026-02-08 19:47:59,992 [ERROR] LogOutputStream:75 - [STDERR_REDIRECT] [Fatal Error] :1:1: Premature end of file.
2026-02-08 19:47:59,992 [ERROR] LogOutputStream:75 - [STDERR_REDIRECT] 
2026-02-08 19:48:01,014 [ERROR] LogOutputStream:75 - [STDERR_REDIRECT] [Fatal Error] :1:1: Premature end of file.
2026-02-08 19:48:01,014 [ERROR] LogOutputStream:75 - [STDERR_REDIRECT] 
2026-02-08 19:48:01,978 [ERROR] LogOutputStream:75 - [STDERR_REDIRECT] [Fatal Error] :1:1: Premature end of file.
2026-02-08 19:48:01,978 [ERROR] LogOutputStream:75 - [STDERR_REDIRECT] 
2026-02-08 19:48:02,986 [ERROR] LogOutputStream:75 - [STDERR_REDIRECT] [Fatal Error] :1:1: Premature end of file.
2026-02-08 19:48:02,987 [ERROR] LogOutputStream:75 - [STDERR_REDIRECT] 
2026-02-08 19:48:03,973 [ERROR] LogOutputStream:75 - [STDERR_REDIRECT] [Fatal Error] :1:1: Premature end of file.
2026-02-08 19:48:03,973 [ERROR] LogOutputStream:75 - [STDERR_REDIRECT] 
2026-02-08 19:48:04,988 [ERROR] LogOutputStream:75 - [STDERR_REDIRECT] [Fatal Error] :1:1: Premature end of file.
2026-02-08 19:48:04,988 [ERROR] LogOutputStream:75 - [STDERR_REDIRECT] 
2026-02-08 19:48:05,975 [ERROR] LogOutputStream:75 - [STDERR_REDIRECT] [Fatal Error] :1:1: Premature end of file.
2026-02-08 19:48:05,975 [ERROR] LogOutputStream:75 - [STDERR_REDIRECT] 
2026-02-08 19:48:06,985 [ERROR] LogOutputStream:75 - [STDERR_REDIRECT] [Fatal Error] :1:1: Premature end of file.
2026-02-08 19:48:06,985 [ERROR] LogOutputStream:75 - [STDERR_REDIRECT] 
2026-02-08 19:48:07,978 [ERROR] LogOutputStream:75 - [STDERR_REDIRECT] [Fatal Error] :1:1: Premature end of file.
2026-02-08 19:48:07,978 [ERROR] LogOutputStream:75 - [STDERR_REDIRECT] 
2026-02-08 19:48:08,983 [ERROR] LogOutputStream:75 - [STDERR_REDIRECT] [Fatal Error] :1:1: Premature end of file.
2026-02-08 19:48:08,984 [ERROR] LogOutputStream:75 - [STDERR_REDIRECT] 
2026-02-08 19:48:09,970 [ERROR] LogOutputStream:75 - [STDERR_REDIRECT] [Fatal Error] :1:1: Premature end of file.
2026-02-08 19:48:09,970 [ERROR] LogOutputStream:75 - [STDERR_REDIRECT] 
2026-02-08 19:48:10,979 [ERROR] LogOutputStream:75 - [STDERR_REDIRECT] [Fatal Error] :1:1: Premature end of file.
2026-02-08 19:48:10,980 [ERROR] LogOutputStream:75 - [STDERR_REDIRECT] 
2026-02-08 19:48:11,983 [ERROR] LogOutputStream:75 - [STDERR_REDIRECT] [Fatal Error] :1:1: Premature end of file.
2026-02-08 19:48:11,983 [ERROR] LogOutputStream:75 - [STDERR_REDIRECT] 
2026-02-08 19:48:12,981 [ERROR] LogOutputStream:75 - [STDERR_REDIRECT] [Fatal Error] :1:1: Premature end of file.
2026-02-08 19:48:12,982 [ERROR] LogOutputStream:75 - [STDERR_REDIRECT] 
2026-02-08 19:48:13,977 [ERROR] LogOutputStream:75 - [STDERR_REDIRECT] [Fatal Error] :1:1: Premature end of file.
2026-02-08 19:48:13,977 [ERROR] LogOutputStream:75 - [STDERR_REDIRECT] 
2026-02-08 19:48:14,980 [ERROR] LogOutputStream:75 - [STDERR_REDIRECT] [Fatal Error] :1:1: Premature end of file.
2026-02-08 19:48:14,980 [ERROR] LogOutputStream:75 - [STDERR_REDIRECT] 
2026-02-08 19:48:15,975 [ERROR] LogOutputStream:75 - [STDERR_REDIRECT] [Fatal Error] :1:1: Premature end of file.
2026-02-08 19:48:15,976 [ERROR] LogOutputStream:75 - [STDERR_REDIRECT] 
2026-02-08 19:48:16,980 [ERROR] LogOutputStream:75 - [STDERR_REDIRECT] [Fatal Error] :1:1: Premature end of file.
2026-02-08 19:48:16,980 [ERROR] LogOutputStream:75 - [STDERR_REDIRECT] 
2026-02-08 19:48:17,976 [ERROR] LogOutputStream:75 - [STDERR_REDIRECT] [Fatal Error] :1:1: Premature end of file.
2026-02-08 19:48:17,976 [ERROR] LogOutputStream:75 - [STDERR_REDIRECT] 
2026-02-08 19:48:18,988 [ERROR] LogOutputStream:75 - [STDERR_REDIRECT] [Fatal Error] :1:1: Premature end of file.
2026-02-08 19:48:18,988 [ERROR] LogOutputStream:75 - [STDERR_REDIRECT] 
2026-02-08 19:48:19,999 [ERROR] LogOutputStream:75 - [STDERR_REDIRECT] [Fatal Error] :1:1: Premature end of file.
2026-02-08 19:48:19,999 [ERROR] LogOutputStream:75 - [STDERR_REDIRECT] 
2026-02-08 19:48:20,995 [ERROR] LogOutputStream:75 - [STDERR_REDIRECT] [Fatal Error] :1:1: Premature end of file.
2026-02-08 19:48:20,996 [ERROR] LogOutputStream:75 - [STDERR_REDIRECT] 
2026-02-08 19:48:21,998 [ERROR] LogOutputStream:75 - [STDERR_REDIRECT] [Fatal Error] :1:1: Premature end of file.
2026-02-08 19:48:21,998 [ERROR] LogOutputStream:75 - [STDERR_REDIRECT] 
2026-02-08 19:48:22,993 [ERROR] LogOutputStream:75 - [STDERR_REDIRECT] [Fatal Error] :1:1: Premature end of file.
2026-02-08 19:48:22,993 [ERROR] LogOutputStream:75 - [STDERR_REDIRECT] 
2026-02-08 19:48:23,997 [ERROR] LogOutputStream:75 - [STDERR_REDIRECT] [Fatal Error] :1:1: Premature end of file.
2026-02-08 19:48:23,997 [ERROR] LogOutputStream:75 - [STDERR_REDIRECT] 
2026-02-08 19:48:24,992 [ERROR] LogOutputStream:75 - [STDERR_REDIRECT] [Fatal Error] :1:1: Premature end of file.
2026-02-08 19:48:24,992 [ERROR] LogOutputStream:75 - [STDERR_REDIRECT] 
2026-02-08 19:48:25,979 [ERROR] LogOutputStream:75 - [STDERR_REDIRECT] [Fatal Error] :1:1: Premature end of file.
2026-02-08 19:48:25,979 [ERROR] LogOutputStream:75 - [STDERR_REDIRECT] 
2026-02-08 19:48:26,981 [ERROR] LogOutputStream:75 - [STDERR_REDIRECT] [Fatal Error] :1:1: Premature end of file.
2026-02-08 19:48:26,981 [ERROR] LogOutputStream:75 - [STDERR_REDIRECT] 
2026-02-08 19:48:27,977 [ERROR] LogOutputStream:75 - [STDERR_REDIRECT] [Fatal Error] :1:1: Premature end of file.
2026-02-08 19:48:27,977 [ERROR] LogOutputStream:75 - [STDERR_REDIRECT] 
2026-02-08 19:48:28,988 [ERROR] LogOutputStream:75 - [STDERR_REDIRECT] [Fatal Error] :1:1: Premature end of file.
2026-02-08 19:48:28,988 [ERROR] LogOutputStream:75 - [STDERR_REDIRECT] 
2026-02-08 19:48:29,996 [ERROR] LogOutputStream:75 - [STDERR_REDIRECT] [Fatal Error] :1:1: Premature end of file.
2026-02-08 19:48:29,996 [ERROR] LogOutputStream:75 - [STDERR_REDIRECT] 
2026-02-08 19:48:30,993 [ERROR] LogOutputStream:75 - [STDERR_REDIRECT] [Fatal Error] :1:1: Premature end of file.
2026-02-08 19:48:30,993 [ERROR] LogOutputStream:75 - [STDERR_REDIRECT] 
2026-02-08 19:48:31,997 [ERROR] LogOutputStream:75 - [STDERR_REDIRECT] [Fatal Error] :1:1: Premature end of file.
2026-02-08 19:48:31,998 [ERROR] LogOutputStream:75 - [STDERR_REDIRECT] 
2026-02-08 19:48:33,000 [ERROR] LogOutputStream:75 - [STDERR_REDIRECT] [Fatal Error] :1:1: Premature end of file.
2026-02-08 19:48:33,000 [ERROR] LogOutputStream:75 - [STDERR_REDIRECT] 
2026-02-08 19:48:33,996 [ERROR] LogOutputStream:75 - [STDERR_REDIRECT] [Fatal Error] :1:1: Premature end of file.
2026-02-08 19:48:33,996 [ERROR] LogOutputStream:75 - [STDERR_REDIRECT] 
2026-02-08 19:48:34,974 [ERROR] LogOutputStream:75 - [STDERR_REDIRECT] [Fatal Error] :1:1: Premature end of file.
2026-02-08 19:48:34,974 [ERROR] LogOutputStream:75 - [STDERR_REDIRECT] 
2026-02-08 19:48:35,982 [ERROR] LogOutputStream:75 - [STDERR_REDIRECT] [Fatal Error] :1:1: Premature end of file.
2026-02-08 19:48:35,983 [ERROR] LogOutputStream:75 - [STDERR_REDIRECT] 
2026-02-08 19:48:36,982 [ERROR] LogOutputStream:75 - [STDERR_REDIRECT] [Fatal Error] :1:1: Premature end of file.
2026-02-08 19:48:36,982 [ERROR] LogOutputStream:75 - [STDERR_REDIRECT] 
2026-02-08 19:48:37,985 [ERROR] LogOutputStream:75 - [STDERR_REDIRECT] [Fatal Error] :1:1: Premature end of file.
2026-02-08 19:48:37,986 [ERROR] LogOutputStream:75 - [STDERR_REDIRECT] 
2026-02-08 19:48:38,998 [ERROR] LogOutputStream:75 - [STDERR_REDIRECT] [Fatal Error] :1:1: Premature end of file.
2026-02-08 19:48:38,998 [ERROR] LogOutputStream:75 - [STDERR_REDIRECT] 
2026-02-08 19:48:39,750 [ERROR] LogOutputStream:75 - [STDERR_REDIRECT] 
2026-02-08 19:48:39,751 [ERROR] LogOutputStream:75 - [STDERR_REDIRECT] 
2026-02-08 19:48:44,921 [INFO] Activator:176 - 


2026-02-08 19:48:44,921 [INFO] Activator:177 - !SESSION log4j initialized
2026-02-08 19:48:47,250 [INFO] LogOutputStream:77 - [STDOUT_REDIRECT] 
2026-02-08 19:48:49,161 [INFO] ApplicationProperties:184 - Using Application install path: C:\ST\STM32CubeIDE_1.17.0\STM32CubeIDE\plugins\com.st.stm32cube.common.mx_6.13.0.202411220809
2026-02-08 19:48:49,177 [INFO] DbMcusXml:78 - Set database path to: C:\ST\STM32CubeIDE_1.17.0\STM32CubeIDE\plugins\com.st.stm32cube.common.mx_6.13.0.202411220809\\db\/mcu/
2026-02-08 19:48:49,177 [INFO] ApiDb:274 - Set plugin database path to: C:\ST\STM32CubeIDE_1.17.0\STM32CubeIDE\plugins\com.st.stm32cube.common.mx_6.13.0.202411220809\\db\/plugins/boardmanager/
2026-02-08 19:48:49,177 [WARN] ApiDb:259 - Overriding images path with different value:  => C:\ST\STM32CubeIDE_1.17.0\STM32CubeIDE\plugins\com.st.stm32cube.common.mx_6.13.0.202411220809\\db\/plugins/mcufinder/images/
2026-02-08 19:48:49,182 [INFO] ApiDb:250 - Set database path to: C:\Users\Lenovo\.stmcufinder\plugins\mcufinder//mcu/
2026-02-08 19:48:49,183 [INFO] DbMcusAds:125 - Set database path to: C:\Users\Lenovo\.stmcufinder\plugins\mcufinder//mcu/
2026-02-08 19:48:49,185 [INFO] CrossReferenceDbSqlite:203 - Set database path to: C:\Users\Lenovo\.stmcufinder\plugins\mcufinder//mcu/cs/
2026-02-08 19:48:49,296 [INFO] RulesReader:64 - Compatibility file has been processed (297 Rules)
2026-02-08 19:48:49,412 [INFO] DbMcusXml:78 - Set database path to: C:\ST\STM32CubeIDE_1.17.0\STM32CubeIDE\plugins\com.st.stm32cube.common.mx_6.13.0.202411220809\\db\/mcu/
2026-02-08 19:48:49,412 [INFO] ApiDb:274 - Set plugin database path to: C:\ST\STM32CubeIDE_1.17.0\STM32CubeIDE\plugins\com.st.stm32cube.common.mx_6.13.0.202411220809\\db\/plugins/boardmanager/
2026-02-08 19:48:49,413 [INFO] ApiDb:261 - Set plugin images path to: C:\ST\STM32CubeIDE_1.17.0\STM32CubeIDE\plugins\com.st.stm32cube.common.mx_6.13.0.202411220809\\db\/plugins/mcufinder/images/
2026-02-08 19:48:49,413 [WARN] DbFile:41 - Overriding database path with different value: C:\Users\Lenovo\.stmcufinder\plugins\mcufinder/ => C:\Users\Lenovo\.stmcufinder\plugins\mcufinder
2026-02-08 19:48:49,413 [INFO] ApiDb:250 - Set database path to: C:\Users\Lenovo\.stmcufinder\plugins\mcufinder//mcu/
2026-02-08 19:48:49,413 [WARN] DbFile:41 - Overriding database path with different value: C:\Users\Lenovo\.stmcufinder\plugins\mcufinder/ => C:\Users\Lenovo\.stmcufinder\plugins\mcufinder
2026-02-08 19:48:49,413 [INFO] DbMcusAds:125 - Set database path to: C:\Users\Lenovo\.stmcufinder\plugins\mcufinder//mcu/
2026-02-08 19:48:49,413 [WARN] DbFile:41 - Overriding database path with different value: C:\Users\Lenovo\.stmcufinder\plugins\mcufinder/ => C:\Users\Lenovo\.stmcufinder\plugins\mcufinder
2026-02-08 19:48:49,413 [WARN] DbFile:41 - Overriding database path with different value: C:\Users\Lenovo\.stmcufinder\plugins\mcufinder/ => C:\Users\Lenovo\.stmcufinder\plugins\mcufinder
2026-02-08 19:48:49,413 [INFO] CrossReferenceDbSqlite:203 - Set database path to: C:\Users\Lenovo\.stmcufinder\plugins\mcufinder//mcu/cs/
2026-02-08 19:48:49,480 [INFO] MainPanel:272 - HeapMemory: 268435456
2026-02-08 19:48:49,550 [INFO] DbMcusXml:78 - Set database path to: C:\ST\STM32CubeIDE_1.17.0\STM32CubeIDE\plugins\com.st.stm32cube.common.mx_6.13.0.202411220809\\db\/mcu/
2026-02-08 19:48:49,550 [INFO] ApiDb:274 - Set plugin database path to: C:\ST\STM32CubeIDE_1.17.0\STM32CubeIDE\plugins\com.st.stm32cube.common.mx_6.13.0.202411220809\\db\/plugins/boardmanager/
2026-02-08 19:48:49,550 [INFO] ApiDb:261 - Set plugin images path to: C:\ST\STM32CubeIDE_1.17.0\STM32CubeIDE\plugins\com.st.stm32cube.common.mx_6.13.0.202411220809\\db\/plugins/mcufinder/images/
2026-02-08 19:48:49,551 [WARN] DbFile:41 - Overriding database path with different value: C:\Users\Lenovo\.stmcufinder\plugins\mcufinder/ => C:\Users\Lenovo\.stmcufinder\plugins\mcufinder
2026-02-08 19:48:49,551 [INFO] ApiDb:250 - Set database path to: C:\Users\Lenovo\.stmcufinder\plugins\mcufinder//mcu/
2026-02-08 19:48:49,551 [WARN] DbFile:41 - Overriding database path with different value: C:\Users\Lenovo\.stmcufinder\plugins\mcufinder/ => C:\Users\Lenovo\.stmcufinder\plugins\mcufinder
2026-02-08 19:48:49,551 [INFO] DbMcusAds:125 - Set database path to: C:\Users\Lenovo\.stmcufinder\plugins\mcufinder//mcu/
2026-02-08 19:48:49,551 [WARN] DbFile:41 - Overriding database path with different value: C:\Users\Lenovo\.stmcufinder\plugins\mcufinder/ => C:\Users\Lenovo\.stmcufinder\plugins\mcufinder
2026-02-08 19:48:49,551 [WARN] DbFile:41 - Overriding database path with different value: C:\Users\Lenovo\.stmcufinder\plugins\mcufinder/ => C:\Users\Lenovo\.stmcufinder\plugins\mcufinder
2026-02-08 19:48:49,551 [INFO] CrossReferenceDbSqlite:203 - Set database path to: C:\Users\Lenovo\.stmcufinder\plugins\mcufinder//mcu/cs/
2026-02-08 19:48:49,568 [INFO] ApplicationProperties:184 - Using Application install path: C:\ST\STM32CubeIDE_1.17.0\STM32CubeIDE\plugins\com.st.stm32cube.common.mx_6.13.0.202411220809
2026-02-08 19:48:49,569 [INFO] PluginManage:196 - Search for loadable plugins [exclusion list=, ]
2026-02-08 19:48:49,570 [INFO] PluginManage:310 - Check plugin analytics
2026-02-08 19:48:49,802 [INFO] AnalyticsPlugin:253 - Accepted Software Licenses: 
2026-02-08 19:48:49,802 [INFO] AnalyticsPlugin:255 - Accepted CMSIS Pack Licenses: 
2026-02-08 19:48:49,803 [INFO] AnalyticsPlugin:257 - Accepted Firmware Licenses: 
2026-02-08 19:48:49,808 [INFO] PluginManage:359 - Loaded plugin analytics (category:tool,tabindex:-1)
2026-02-08 19:48:49,809 [INFO] PluginManage:310 - Check plugin cadmodel
2026-02-08 19:48:49,815 [INFO] CADModel:105 - Init CAD model plugin
2026-02-08 19:48:49,815 [INFO] PluginManage:359 - Loaded plugin cadmodel (category:power,tabindex:5)
2026-02-08 19:48:49,815 [INFO] PluginManage:310 - Check plugin clock
2026-02-08 19:48:49,829 [INFO] PluginManage:359 - Loaded plugin clock (category:base,tabindex:2)
2026-02-08 19:48:49,829 [INFO] PluginManage:310 - Check plugin ddr
2026-02-08 19:48:49,830 [INFO] PluginManage:359 - Loaded plugin ddr (category:tool,tabindex:6)
2026-02-08 19:48:49,832 [INFO] PluginManage:310 - Check plugin filemanager
2026-02-08 19:48:49,978 [INFO] PluginManage:359 - Loaded plugin filemanager (category:base,tabindex:10)
2026-02-08 19:48:49,978 [INFO] PluginManage:310 - Check plugin ipmanager
2026-02-08 19:48:49,984 [INFO] PluginManage:359 - Loaded plugin ipmanager (category:base,tabindex:5)
2026-02-08 19:48:49,985 [INFO] PluginManage:310 - Check plugin lpbam
2026-02-08 19:48:49,993 [INFO] PluginManage:359 - Loaded plugin lpbam (category:base,tabindex:0)
2026-02-08 19:48:49,993 [INFO] PluginManage:310 - Check plugin memorymap
2026-02-08 19:48:50,002 [INFO] PluginManage:359 - Loaded plugin memorymap (category:base,tabindex:4)
2026-02-08 19:48:50,002 [INFO] PluginManage:310 - Check plugin pinoutandconfiguration
2026-02-08 19:48:50,009 [INFO] PluginManage:359 - Loaded plugin pinoutandconfiguration (category:base,tabindex:1)
2026-02-08 19:48:50,022 [INFO] PluginManage:310 - Check plugin pinoutconfig
2026-02-08 19:48:50,191 [WARN] SupportedApi:132 - Cannot load RTOS API schema: s4s-elt-must-match.1: The content of 'definitions' must match (annotation?, (simpleType | complexType)?, (unique | key | keyref)*)). A problem was found starting at: attribute.
2026-02-08 19:48:50,333 [INFO] PluginManage:359 - Loaded plugin pinoutconfig (category:base,tabindex:0)
2026-02-08 19:48:50,333 [INFO] PluginManage:310 - Check plugin power
2026-02-08 19:48:50,340 [INFO] PluginManage:359 - Loaded plugin power (category:power,tabindex:4)
2026-02-08 19:48:50,340 [INFO] PluginManage:310 - Check plugin projectmanager
2026-02-08 19:48:50,354 [INFO] PluginManage:359 - Loaded plugin projectmanager (category:projectmanager,tabindex:4)
2026-02-08 19:48:50,354 [INFO] PluginManage:310 - Check plugin rif
2026-02-08 19:48:50,359 [INFO] PluginManage:359 - Loaded plugin rif (category:base,tabindex:3)
2026-02-08 19:48:50,359 [INFO] PluginManage:310 - Check plugin thirdparty
2026-02-08 19:48:50,486 [INFO] PluginManage:359 - Loaded plugin thirdparty (category:base,tabindex:-1)
2026-02-08 19:48:50,486 [INFO] PluginManage:310 - Check plugin tools
2026-02-08 19:48:50,486 [WARN] IntegrityCheckThread:84 - waiting for thirdparty lock release [integrity check]
2026-02-08 19:48:50,487 [INFO] IntegrityCheckThread:86 - entering critical section [integrity check]
2026-02-08 19:48:50,488 [INFO] ThirdPartyUpdaterWithRetryManager:70 - Updater plugin not ready yet. [1/15]
2026-02-08 19:48:50,492 [INFO] PluginManage:359 - Loaded plugin tools (category:base,tabindex:7)
2026-02-08 19:48:50,492 [INFO] PluginManage:310 - Check plugin tutovideos
2026-02-08 19:48:50,638 [INFO] PluginManage:359 - Loaded plugin tutovideos (category:base,tabindex:-1)
2026-02-08 19:48:50,638 [INFO] PluginManage:310 - Check plugin updater
2026-02-08 19:48:50,681 [INFO] PluginManage:359 - Loaded plugin updater (category:base,tabindex:12)
2026-02-08 19:48:50,681 [INFO] PluginManage:310 - Check plugin userauth
2026-02-08 19:48:50,685 [INFO] UserAuth:118 - Init User Auth plugin
2026-02-08 19:48:50,686 [INFO] PluginManage:359 - Loaded plugin userauth (category:base,tabindex:14)
2026-02-08 19:48:50,686 [INFO] PluginManage:283 - PluginManage : Loaded plugins [18]
2026-02-08 19:48:50,894 [INFO] PinOutPanel:1589 - setPackage(No Configuration,No Configuration)
2026-02-08 19:48:50,969 [INFO] CADModel:165 - CPN selected for project level
2026-02-08 19:48:50,969 [INFO] CADModel:114 - Register for checkConnection events
2026-02-08 19:48:50,979 [INFO] IPUIPlugin:80 - create IPUIPlugin
2026-02-08 19:48:50,980 [INFO] PluginManager:220 - loadIPPluginJar : add adc
2026-02-08 19:48:50,982 [INFO] IPUIPlugin:80 - create IPUIPlugin
2026-02-08 19:48:50,982 [INFO] PluginManager:220 - loadIPPluginJar : add aes
2026-02-08 19:48:50,984 [INFO] IPUIPlugin:80 - create IPUIPlugin
2026-02-08 19:48:50,984 [INFO] PluginManager:220 - loadIPPluginJar : add can
2026-02-08 19:48:50,985 [INFO] IPUIPlugin:80 - create IPUIPlugin
2026-02-08 19:48:50,985 [INFO] PluginManager:220 - loadIPPluginJar : add comp
2026-02-08 19:48:50,987 [INFO] IPUIPlugin:80 - create IPUIPlugin
2026-02-08 19:48:50,987 [INFO] PluginManager:220 - loadIPPluginJar : add cryp
2026-02-08 19:48:50,989 [INFO] IPUIPlugin:80 - create IPUIPlugin
2026-02-08 19:48:50,989 [INFO] PluginManager:220 - loadIPPluginJar : add ddr_ctrl_phy
2026-02-08 19:48:50,990 [INFO] IPUIPlugin:80 - create IPUIPlugin
2026-02-08 19:48:50,991 [INFO] PluginManager:220 - loadIPPluginJar : add dfsdm
2026-02-08 19:48:50,994 [INFO] IPUIPlugin:80 - create IPUIPlugin
2026-02-08 19:48:50,994 [INFO] PluginManager:220 - loadIPPluginJar : add dma
2026-02-08 19:48:50,996 [INFO] IPUIPlugin:80 - create IPUIPlugin
2026-02-08 19:48:50,996 [INFO] PluginManager:220 - loadIPPluginJar : add dma3
2026-02-08 19:48:50,998 [INFO] IPUIPlugin:80 - create IPUIPlugin
2026-02-08 19:48:50,998 [INFO] PluginManager:220 - loadIPPluginJar : add extmemmanager
2026-02-08 19:48:50,999 [INFO] IPUIPlugin:80 - create IPUIPlugin
2026-02-08 19:48:50,999 [INFO] PluginManager:220 - loadIPPluginJar : add fatfs
2026-02-08 19:48:51,002 [INFO] IPUIPlugin:80 - create IPUIPlugin
2026-02-08 19:48:51,003 [INFO] PluginManager:220 - loadIPPluginJar : add fmc
2026-02-08 19:48:51,006 [INFO] IPUIPlugin:80 - create IPUIPlugin
2026-02-08 19:48:51,007 [INFO] PluginManager:220 - loadIPPluginJar : add freertos
2026-02-08 19:48:51,007 [INFO] IPUIPlugin:80 - create IPUIPlugin
2026-02-08 19:48:51,008 [INFO] PluginManager:220 - loadIPPluginJar : add genericplugin
2026-02-08 19:48:51,009 [INFO] IPUIPlugin:80 - create IPUIPlugin
2026-02-08 19:48:51,009 [INFO] PluginManager:220 - loadIPPluginJar : add gfxmmu
2026-02-08 19:48:51,012 [INFO] IPUIPlugin:80 - create IPUIPlugin
2026-02-08 19:48:51,013 [INFO] PluginManager:220 - loadIPPluginJar : add gic
2026-02-08 19:48:51,015 [INFO] IPUIPlugin:80 - create IPUIPlugin
2026-02-08 19:48:51,015 [INFO] PluginManager:220 - loadIPPluginJar : add gpio
2026-02-08 19:48:51,017 [INFO] IPUIPlugin:80 - create IPUIPlugin
2026-02-08 19:48:51,017 [INFO] PluginManager:220 - loadIPPluginJar : add gtzc
2026-02-08 19:48:51,019 [INFO] IPUIPlugin:80 - create IPUIPlugin
2026-02-08 19:48:51,019 [INFO] PluginManager:220 - loadIPPluginJar : add hash
2026-02-08 19:48:51,021 [INFO] IPUIPlugin:80 - create IPUIPlugin
2026-02-08 19:48:51,021 [INFO] PluginManager:220 - loadIPPluginJar : add i2c
2026-02-08 19:48:51,023 [INFO] IPUIPlugin:80 - create IPUIPlugin
2026-02-08 19:48:51,023 [INFO] PluginManager:220 - loadIPPluginJar : add i2s
2026-02-08 19:48:51,025 [INFO] IPUIPlugin:80 - create IPUIPlugin
2026-02-08 19:48:51,026 [INFO] PluginManager:220 - loadIPPluginJar : add i3c
2026-02-08 19:48:51,028 [INFO] IPUIPlugin:80 - create IPUIPlugin
2026-02-08 19:48:51,028 [INFO] PluginManager:220 - loadIPPluginJar : add ipddr
2026-02-08 19:48:51,032 [INFO] IPUIPlugin:80 - create IPUIPlugin
2026-02-08 19:48:51,033 [INFO] PluginManager:220 - loadIPPluginJar : add linkedlist
2026-02-08 19:48:51,035 [INFO] IPUIPlugin:80 - create IPUIPlugin
2026-02-08 19:48:51,035 [INFO] PluginManager:220 - loadIPPluginJar : add lorawan
2026-02-08 19:48:51,036 [INFO] IPUIPlugin:80 - create IPUIPlugin
2026-02-08 19:48:51,037 [INFO] PluginManager:220 - loadIPPluginJar : add ltdc
2026-02-08 19:48:51,041 [INFO] IPUIPlugin:80 - create IPUIPlugin
2026-02-08 19:48:51,042 [INFO] PluginManager:220 - loadIPPluginJar : add mdma
2026-02-08 19:48:51,045 [INFO] IPUIPlugin:80 - create IPUIPlugin
2026-02-08 19:48:51,045 [INFO] PluginManager:220 - loadIPPluginJar : add nvic
2026-02-08 19:48:51,048 [INFO] IPUIPlugin:80 - create IPUIPlugin
2026-02-08 19:48:51,048 [INFO] PluginManager:220 - loadIPPluginJar : add opamp
2026-02-08 19:48:51,050 [INFO] IPUIPlugin:80 - create IPUIPlugin
2026-02-08 19:48:51,050 [INFO] PluginManager:220 - loadIPPluginJar : add openamp
2026-02-08 19:48:51,053 [INFO] IPUIPlugin:80 - create IPUIPlugin
2026-02-08 19:48:51,053 [INFO] PluginManager:220 - loadIPPluginJar : add pdm2pcm
2026-02-08 19:48:51,058 [INFO] IPUIPlugin:80 - create IPUIPlugin
2026-02-08 19:48:51,060 [INFO] PluginManager:220 - loadIPPluginJar : add plateformsettings
2026-02-08 19:48:51,061 [INFO] IPUIPlugin:80 - create IPUIPlugin
2026-02-08 19:48:51,062 [INFO] PluginManager:220 - loadIPPluginJar : add quadspi
2026-02-08 19:48:51,063 [INFO] IPUIPlugin:80 - create IPUIPlugin
2026-02-08 19:48:51,064 [INFO] PluginManager:220 - loadIPPluginJar : add radio
2026-02-08 19:48:51,066 [INFO] IPUIPlugin:80 - create IPUIPlugin
2026-02-08 19:48:51,066 [INFO] PluginManager:220 - loadIPPluginJar : add resmgrutility
2026-02-08 19:48:51,068 [INFO] IPUIPlugin:80 - create IPUIPlugin
2026-02-08 19:48:51,068 [INFO] PluginManager:220 - loadIPPluginJar : add sai
2026-02-08 19:48:51,070 [INFO] IPUIPlugin:80 - create IPUIPlugin
2026-02-08 19:48:51,070 [INFO] PluginManager:220 - loadIPPluginJar : add spi
2026-02-08 19:48:51,073 [INFO] IPUIPlugin:80 - create IPUIPlugin
2026-02-08 19:48:51,074 [INFO] PluginManager:220 - loadIPPluginJar : add stm32_wpan
2026-02-08 19:48:51,075 [INFO] IPUIPlugin:80 - create IPUIPlugin
2026-02-08 19:48:51,075 [INFO] PluginManager:220 - loadIPPluginJar : add tim
2026-02-08 19:48:51,076 [INFO] IPUIPlugin:80 - create IPUIPlugin
2026-02-08 19:48:51,078 [INFO] PluginManager:220 - loadIPPluginJar : add touchsensing
2026-02-08 19:48:51,079 [INFO] IPUIPlugin:80 - create IPUIPlugin
2026-02-08 19:48:51,079 [INFO] PluginManager:220 - loadIPPluginJar : add tracer_emb
2026-02-08 19:48:51,080 [INFO] IPUIPlugin:80 - create IPUIPlugin
2026-02-08 19:48:51,080 [INFO] PluginManager:220 - loadIPPluginJar : add ts
2026-02-08 19:48:51,082 [INFO] IPUIPlugin:80 - create IPUIPlugin
2026-02-08 19:48:51,082 [INFO] PluginManager:220 - loadIPPluginJar : add tsc
2026-02-08 19:48:51,083 [INFO] IPUIPlugin:80 - create IPUIPlugin
2026-02-08 19:48:51,083 [INFO] PluginManager:220 - loadIPPluginJar : add ucpd
2026-02-08 19:48:51,084 [INFO] IPUIPlugin:80 - create IPUIPlugin
2026-02-08 19:48:51,085 [INFO] PluginManager:220 - loadIPPluginJar : add usart
2026-02-08 19:48:51,086 [INFO] IPUIPlugin:80 - create IPUIPlugin
2026-02-08 19:48:51,087 [INFO] PluginManager:220 - loadIPPluginJar : add usbx
2026-02-08 19:48:51,235 [FATAL] Updater:351 - Updater called before beeing initialized
2026-02-08 19:48:51,271 [INFO] RulesReader:64 - Compatibility file has been processed (297 Rules)
2026-02-08 19:48:51,284 [INFO] RulesReader:64 - Compatibility file has been processed (297 Rules)
2026-02-08 19:48:51,303 [INFO] CADModel:165 - CPN selected for project level
2026-02-08 19:48:51,303 [INFO] CADModel:114 - Register for checkConnection events
2026-02-08 19:48:51,303 [FATAL] Updater:351 - Updater called before beeing initialized
2026-02-08 19:48:51,303 [ERROR] CADModel:125 - Updater not yet initialized, retry later 
2026-02-08 19:48:51,445 [FATAL] Updater:351 - Updater called before beeing initialized
2026-02-08 19:48:51,446 [INFO] CADModel:165 - CPN selected for project level
2026-02-08 19:48:51,446 [INFO] CADModel:114 - Register for checkConnection events
2026-02-08 19:48:51,446 [FATAL] Updater:351 - Updater called before beeing initialized
2026-02-08 19:48:51,446 [ERROR] CADModel:125 - Updater not yet initialized, retry later 
2026-02-08 19:48:51,448 [FATAL] Updater:351 - Updater called before beeing initialized
2026-02-08 19:48:51,559 [FATAL] Updater:351 - Updater called before beeing initialized
2026-02-08 19:48:51,562 [INFO] DbMcusAds:53 - JSON generation date=Thu Jan 08 16:57:51 CET 2026 (1767887871456)
2026-02-08 19:48:51,563 [FATAL] Updater:351 - Updater called before beeing initialized
2026-02-08 19:48:51,594 [WARN] DetailPanel:346 - Failed to get advertising image, set to default
2026-02-08 19:48:51,807 [FATAL] Updater:351 - Updater called before beeing initialized
2026-02-08 19:48:51,808 [FATAL] Updater:351 - Updater called before beeing initialized
2026-02-08 19:48:51,809 [FATAL] Updater:351 - Updater called before beeing initialized
2026-02-08 19:48:51,810 [WARN] DetailPanel:346 - Failed to get advertising image, set to default
2026-02-08 19:48:51,812 [FATAL] Updater:351 - Updater called before beeing initialized
2026-02-08 19:48:51,861 [ERROR] Updater:1198 - MainUpdater not yet initialized. External WinMGr cannot be set.
2026-02-08 19:48:51,863 [INFO] Updater:1134 - Updater Version found : 6.13.0
2026-02-08 19:48:51,876 [INFO] ApplicationProperties:184 - Using Application install path: C:\ST\STM32CubeIDE_1.17.0\STM32CubeIDE\plugins\com.st.stm32cube.common.mx_6.13.0.202411220809
2026-02-08 19:48:53,446 [ERROR] LogOutputStream:75 - [STDERR_REDIRECT] Feb 08, 2026 7:48:53 PM java.util.prefs.WindowsPreferences <init>
2026-02-08 19:48:53,450 [ERROR] LogOutputStream:75 - [STDERR_REDIRECT] WARNING: Could not open/create prefs root node Software\JavaSoft\Prefs at root 0xffffffff80000002. Windows RegCreateKeyEx(...) returned error code 5.
2026-02-08 19:48:53,450 [ERROR] LogOutputStream:75 - [STDERR_REDIRECT] 
2026-02-08 19:48:53,488 [INFO] ThirdPartyUpdaterWithRetryManager:70 - Updater plugin not ready yet. [2/15]
2026-02-08 19:48:53,818 [INFO] MainUpdater:2872 - connection check result : 10
2026-02-08 19:48:53,819 [INFO] MainUpdater:289 - Updater Check For Update Now.
2026-02-08 19:48:53,819 [INFO] MicroXplorer:498 - Change Database Version : DB.6.0.130
2026-02-08 19:48:53,831 [INFO] McuFinderGlobals:63 - Set McuFinder mode to 2 (CubeIDE integrated)
2026-02-08 19:48:53,832 [INFO] UserAuth:486 - Internet connection configuration mode: 1
2026-02-08 19:48:53,880 [INFO] JxBrowserEngine:152 - Initiate JxBrowser Engine with user profile folder
2026-02-08 19:48:54,019 [INFO] CheckServerUpdateThread:120 - End of CheckServer Thread
2026-02-08 19:48:54,504 [INFO] WebApp:168 - Instantiating new browser for Auth
2026-02-08 19:48:55,064 [INFO] WebApp:449 - Apply proxy settings
2026-02-08 19:48:55,065 [INFO] WebApp:534 - Chromium requires no authentication
2026-02-08 19:48:55,070 [INFO] WebApp:477 - Direct internet connection detected
2026-02-08 19:48:55,087 [INFO] WebApp:880 - Register for checkConnection events
2026-02-08 19:48:55,087 [INFO] WebApp:449 - Apply proxy settings
2026-02-08 19:48:55,087 [INFO] WebApp:534 - Chromium requires no authentication
2026-02-08 19:48:55,088 [INFO] WebApp:477 - Direct internet connection detected
2026-02-08 19:48:55,207 [INFO] WebApp:221 - Starting web application
2026-02-08 19:48:55,207 [INFO] WebApp:579 - Web application path used C:\ST\STM32CubeIDE_1.17.0\STM32CubeIDE\plugins\com.st.stm32cube.common.mx_6.13.0.202411220809\db\plugins\mcufinder\reactClient1\index.html
2026-02-08 19:48:55,286 [INFO] UserAuth:486 - Internet connection configuration mode: 1
2026-02-08 19:48:55,326 [INFO] WebApp:187 - Connection restablished
2026-02-08 19:48:55,364 [ERROR] LogOutputStream:75 - [STDERR_REDIRECT] [Fatal Error] :1:1: Premature end of file.
2026-02-08 19:48:55,364 [ERROR] LogOutputStream:75 - [STDERR_REDIRECT] 
2026-02-08 19:48:56,361 [ERROR] LogOutputStream:75 - [STDERR_REDIRECT] [Fatal Error] :1:1: Premature end of file.
2026-02-08 19:48:56,361 [ERROR] LogOutputStream:75 - [STDERR_REDIRECT] 
2026-02-08 19:48:56,745 [WARN] PackLoader:240 - Cannot read IP mode file for STMicroelectronics.FP-SNS-MOTENVWB1.1.4.0
2026-02-08 19:48:56,776 [WARN] PackLoader:240 - Cannot read IP mode file for STMicroelectronics.FP-ATR-ASTRA1.2.0.2
2026-02-08 19:48:56,810 [WARN] PackLoader:240 - Cannot read IP mode file for STMicroelectronics.X-CUBE-SMBUS.2.1.0
2026-02-08 19:48:56,884 [WARN] PackLoader:240 - Cannot read IP mode file for STMicroelectronics.X-CUBE-AZRTOS-F7.1.1.0
2026-02-08 19:48:56,894 [ERROR] Engine:466 - C:\Users\Lenovo\.stm32cubemx\thirdparties\pdsc\STMicroelectronics.FP-SNS-MOTENV1.5.1.0.pdsc: PDSC version is not supported
2026-02-08 19:48:56,904 [ERROR] Engine:466 - C:\Users\Lenovo\.stm32cubemx\thirdparties\pdsc\WES.I-CUBE-Cesium.1.4.0.pdsc: PDSC version is not supported
2026-02-08 19:48:56,948 [WARN] PackLoader:240 - Cannot read IP mode file for STMicroelectronics.X-CUBE-AZRTOS-H7.3.4.0
2026-02-08 19:48:56,969 [WARN] PackLoader:240 - Cannot read IP mode file for STMicroelectronics.X-CUBE-DISPLAY.3.0.0
2026-02-08 19:48:56,988 [WARN] PackLoader:240 - Cannot read IP mode file for STMicroelectronics.X-CUBE-NFC10.1.0.0
2026-02-08 19:48:56,996 [WARN] PackLoader:240 - Cannot read IP mode file for STMicroelectronics.X-CUBE-ST60.1.1.0
2026-02-08 19:48:57,002 [WARN] PackLoader:240 - Cannot read IP mode file for emotas.I-CUBE-CANOPEN.1.3.0
2026-02-08 19:48:57,007 [WARN] PackLoader:240 - Cannot read IP mode file for STMicroelectronics.X-CUBE-GNSS1.7.1.0
2026-02-08 19:48:57,014 [ERROR] Engine:466 - C:\Users\Lenovo\.stm32cubemx\thirdparties\pdsc\STMicroelectronics.FP-SNS-STBOX1.2.1.0.pdsc: PDSC version is not supported
2026-02-08 19:48:57,018 [WARN] PackLoader:240 - Cannot read IP mode file for STMicroelectronics.FP-SNS-SMARTAG2.1.2.0
2026-02-08 19:48:57,023 [WARN] PackLoader:240 - Cannot read IP mode file for STMicroelectronics.FP-SNS-FLIGHT1.5.1.0
2026-02-08 19:48:57,034 [INFO] LogOutputStream:77 - [STDOUT_REDIRECT] 1 : Invalid condition id : UX_CORESTACK_Condition cause : null
2026-02-08 19:48:57,035 [INFO] LogOutputStream:77 - [STDOUT_REDIRECT] 1 : Invalid condition id : UX_CORESTACK_Condition cause : null
2026-02-08 19:48:57,036 [INFO] LogOutputStream:77 - [STDOUT_REDIRECT] 1 : Invalid condition id : UX_CORESTACK_Condition cause : null
2026-02-08 19:48:57,037 [INFO] LogOutputStream:77 - [STDOUT_REDIRECT] 1 : Invalid condition id : UX_CORESTACK_Condition cause : null
2026-02-08 19:48:57,039 [INFO] LogOutputStream:77 - [STDOUT_REDIRECT] 1 : Invalid condition id : UX_CORESTACK_Condition cause : null
2026-02-08 19:48:57,042 [WARN] PackLoader:240 - Cannot read IP mode file for STMicroelectronics.X-CUBE-AZRTOS-WL.2.0.0
2026-02-08 19:48:57,063 [WARN] PackLoader:240 - Cannot read IP mode file for STMicroelectronics.X-CUBE-AZRTOS-H7RS.1.2.0
2026-02-08 19:48:57,069 [WARN] PackLoader:240 - Cannot read IP mode file for STMicroelectronics.X-CUBE-BLE2.3.3.0
2026-02-08 19:48:57,089 [WARN] PackLoader:240 - Cannot read IP mode file for Infineon.AIROC-Wi-Fi-Bluetooth-STM32.1.8.0
2026-02-08 19:48:57,099 [WARN] PackLoader:240 - Cannot read IP mode file for STMicroelectronics.X-CUBE-NFC9.1.0.0
2026-02-08 19:48:57,103 [WARN] PackLoader:240 - Cannot read IP mode file for STMicroelectronics.X-CUBE-BLE1.7.1.0
2026-02-08 19:48:57,107 [WARN] PackLoader:240 - Cannot read IP mode file for wolfSSL.I-CUBE-wolfMQTT.1.19.2
2026-02-08 19:48:57,110 [ERROR] Engine:466 - C:\Users\Lenovo\.stm32cubemx\thirdparties\pdsc\STMicroelectronics.X-CUBE-FREERTOS.1.4.0.pdsc: PDSC version is not supported
2026-02-08 19:48:57,114 [WARN] PackLoader:240 - Cannot read IP mode file for STMicroelectronics.X-CUBE-EEPRMA1.5.2.0
2026-02-08 19:48:57,119 [WARN] PackLoader:240 - Cannot read IP mode file for wolfSSL.I-CUBE-wolfSSL.5.8.4
2026-02-08 19:48:57,122 [WARN] PackLoader:240 - Cannot read IP mode file for Cesanta.I-CUBE-Mongoose.7.20.0
2026-02-08 19:48:57,160 [WARN] PackLoader:240 - Cannot read IP mode file for STMicroelectronics.X-CUBE-MEMS1.12.0.0
2026-02-08 19:48:57,316 [WARN] PackLoader:240 - Cannot read IP mode file for STMicroelectronics.X-CUBE-AZRTOS-G0.1.1.0
2026-02-08 19:48:57,324 [WARN] PackLoader:240 - Cannot read IP mode file for STMicroelectronics.X-CUBE-NFC4.3.0.0
2026-02-08 19:48:57,333 [WARN] PackLoader:240 - Cannot read IP mode file for EmbeddedOffice.I-CUBE-FS-RTOS.1.0.1
2026-02-08 19:48:57,338 [WARN] PackLoader:240 - Cannot read IP mode file for STMicroelectronics.X-CUBE-WB05N.2.0.0
2026-02-08 19:48:57,342 [WARN] PackLoader:240 - Cannot read IP mode file for wolfSSL.I-CUBE-wolfTPM.3.8.0
2026-02-08 19:48:57,344 [ERROR] LogOutputStream:75 - [STDERR_REDIRECT] [Fatal Error] :1:1: Premature end of file.
2026-02-08 19:48:57,345 [ERROR] LogOutputStream:75 - [STDERR_REDIRECT] 
2026-02-08 19:48:57,347 [WARN] PackLoader:240 - Cannot read IP mode file for STMicroelectronics.X-CUBE-TCPP.4.2.0
2026-02-08 19:48:57,351 [WARN] PackLoader:240 - Cannot read IP mode file for RealThread.X-CUBE-RT-Thread_Nano.4.1.1
2026-02-08 19:48:57,354 [WARN] PackLoader:240 - Cannot read IP mode file for STMicroelectronics.FP-ATR-SIGFOX1.3.2.0
2026-02-08 19:48:57,361 [WARN] PackLoader:240 - Cannot read IP mode file for ITTIA_DB.I-CUBE-ITTIADB.8.9.0
2026-02-08 19:48:57,366 [WARN] PackLoader:240 - Cannot read IP mode file for STMicroelectronics.X-CUBE-NFC6.3.2.0
2026-02-08 19:48:57,372 [WARN] PackLoader:240 - Cannot read IP mode file for STMicroelectronics.X-CUBE-AI.10.2.0
2026-02-08 19:48:57,394 [WARN] PackLoader:240 - Cannot read IP mode file for SEGGER.I-CUBE-embOS.1.3.1
2026-02-08 19:48:57,431 [WARN] PackLoader:240 - Cannot read IP mode file for STMicroelectronics.X-CUBE-ALGOBUILD.1.4.0
2026-02-08 19:48:57,436 [WARN] PackLoader:240 - Cannot read IP mode file for STMicroelectronics.X-CUBE-PM33A1.1.0.0
2026-02-08 19:48:57,446 [WARN] PackLoader:240 - Cannot read IP mode file for STMicroelectronics.X-CUBE-AZRTOS-F4.1.1.0
2026-02-08 19:48:57,451 [WARN] PackLoader:240 - Cannot read IP mode file for STMicroelectronics.X-CUBE-ISPU.2.1.0
2026-02-08 19:48:57,454 [ERROR] Engine:466 - C:\Users\Lenovo\.stm32cubemx\thirdparties\pdsc\STMicroelectronics.X-CUBE-IPS.3.2.0.pdsc: PDSC version is not supported
2026-02-08 19:48:57,459 [WARN] PackLoader:240 - Cannot read IP mode file for STMicroelectronics.X-CUBE-NFC12.1.0.0
2026-02-08 19:48:57,471 [WARN] PackLoader:240 - Cannot read IP mode file for STMicroelectronics.X-CUBE-AZRTOS-L5.2.0.0
2026-02-08 19:48:57,479 [WARN] PackLoader:240 - Cannot read IP mode file for STMicroelectronics.X-CUBE-TOUCHGFX.4.26.0
2026-02-08 19:48:57,483 [WARN] PackLoader:240 - Cannot read IP mode file for STMicroelectronics.FP-SNS-STAIOTCFT.1.0.0
2026-02-08 19:48:57,488 [WARN] PackLoader:240 - Cannot read IP mode file for STMicroelectronics.X-CUBE-DPower.1.3.0
2026-02-08 19:48:57,501 [WARN] ConditionMgr:438 - getConditionDescription Invalid condition id : LAN8742 Phy interface Condition cause : null
2026-02-08 19:48:57,502 [WARN] PackLoader:240 - Cannot read IP mode file for STMicroelectronics.X-CUBE-AZRTOS-L4.2.0.0
2026-02-08 19:48:57,502 [WARN] ConditionMgr:1044 - genDependencies : Invalid condition id : LAN8742 Phy interface Condition cause : null
2026-02-08 19:48:57,502 [WARN] ConditionMgr:1044 - genDependencies : Invalid condition id : LAN8742 Phy interface Condition cause : null
2026-02-08 19:48:57,503 [WARN] ConditionMgr:1044 - genDependencies : Invalid condition id : LAN8742 Phy interface Condition cause : null
2026-02-08 19:48:57,510 [WARN] PackLoader:240 - Cannot read IP mode file for STMicroelectronics.X-CUBE-SFXS2LP1.4.0.0
2026-02-08 19:48:57,514 [ERROR] Engine:466 - C:\Users\Lenovo\.stm32cubemx\thirdparties\pdsc\STMicroelectronics.X-CUBE-ST67W61.1.2.0.pdsc: PDSC version is not supported
2026-02-08 19:48:57,522 [WARN] PackLoader:240 - Cannot read IP mode file for STMicroelectronics.X-CUBE-BLEMGR.4.1.0
2026-02-08 19:48:57,535 [WARN] ConditionMgr:438 - getConditionDescription Invalid condition id : UX DEVICE CLASS RTOS Condition cause : null
2026-02-08 19:48:57,536 [WARN] ConditionMgr:438 - getConditionDescription Invalid condition id : UX DEVICE CLASS RTOS Condition cause : null
2026-02-08 19:48:57,537 [WARN] PackLoader:240 - Cannot read IP mode file for STMicroelectronics.X-CUBE-AZRTOS-WB.2.0.0
2026-02-08 19:48:57,538 [WARN] ConditionMgr:1044 - genDependencies : Invalid condition id : UX DEVICE CLASS RTOS Condition cause : null
2026-02-08 19:48:57,538 [WARN] ConditionMgr:1044 - genDependencies : Invalid condition id : UX DEVICE CLASS RTOS Condition cause : null
2026-02-08 19:48:57,538 [WARN] ConditionMgr:1044 - genDependencies : Invalid condition id : UX DEVICE CLASS RTOS Condition cause : null
2026-02-08 19:48:57,538 [WARN] ConditionMgr:1044 - genDependencies : Invalid condition id : UX DEVICE CLASS RTOS Condition cause : null
2026-02-08 19:48:57,538 [WARN] ConditionMgr:1044 - genDependencies : Invalid condition id : UX DEVICE CLASS RTOS Condition cause : null
2026-02-08 19:48:57,545 [WARN] ConditionMgr:438 - getConditionDescription Invalid condition id : Cortex-A Device cause : null
2026-02-08 19:48:57,562 [WARN] ConditionMgr:1044 - genDependencies : Invalid condition id : Cortex-A Device cause : null
2026-02-08 19:48:57,562 [WARN] ConditionMgr:1044 - genDependencies : Invalid condition id : Cortex-A Device cause : null
2026-02-08 19:48:57,562 [WARN] ConditionMgr:1044 - genDependencies : Invalid condition id : Cortex-A Device cause : null
2026-02-08 19:48:57,567 [WARN] PackLoader:240 - Cannot read IP mode file for STMicroelectronics.X-CUBE-STSE01.2.0.0
2026-02-08 19:48:57,577 [WARN] PackLoader:240 - Cannot read IP mode file for STMicroelectronics.X-CUBE-SUBG2.5.0.0
2026-02-08 19:48:57,593 [WARN] PackLoader:240 - Cannot read IP mode file for STMicroelectronics.X-CUBE-AZRTOS-G4.2.0.0
2026-02-08 19:48:57,597 [WARN] PackLoader:240 - Cannot read IP mode file for wolfSSL.I-CUBE-wolfSSH.1.4.20
2026-02-08 19:48:57,601 [WARN] PackLoader:240 - Cannot read IP mode file for STMicroelectronics.X-CUBE-NFC7.2.0.0
2026-02-08 19:48:57,604 [WARN] PackLoader:240 - Cannot read IP mode file for STMicroelectronics.X-CUBE-ALS.1.0.2
2026-02-08 19:48:57,611 [WARN] PackLoader:240 - Cannot read IP mode file for STMicroelectronics.X-CUBE-TOF1.3.4.3
2026-02-08 19:48:57,616 [INFO] ThirdParty:978 - Integrity check success = true
2026-02-08 19:48:57,616 [INFO] IntegrityCheckThread:100 - exiting critical section [integrity check]
2026-02-08 19:48:57,616 [INFO] IntegrityCheckThread:103 - End integrity checks thread
2026-02-08 19:48:58,351 [ERROR] LogOutputStream:75 - [STDERR_REDIRECT] [Fatal Error] :1:1: Premature end of file.
2026-02-08 19:48:58,351 [ERROR] LogOutputStream:75 - [STDERR_REDIRECT] 
2026-02-08 19:48:59,363 [ERROR] LogOutputStream:75 - [STDERR_REDIRECT] [Fatal Error] :1:1: Premature end of file.
2026-02-08 19:48:59,363 [ERROR] LogOutputStream:75 - [STDERR_REDIRECT] 
2026-02-08 19:49:00,362 [ERROR] LogOutputStream:75 - [STDERR_REDIRECT] [Fatal Error] :1:1: Premature end of file.
2026-02-08 19:49:00,362 [ERROR] LogOutputStream:75 - [STDERR_REDIRECT] 
2026-02-08 19:49:01,362 [ERROR] LogOutputStream:75 - [STDERR_REDIRECT] [Fatal Error] :1:1: Premature end of file.
2026-02-08 19:49:01,362 [ERROR] LogOutputStream:75 - [STDERR_REDIRECT] 
2026-02-08 19:49:02,361 [ERROR] LogOutputStream:75 - [STDERR_REDIRECT] [Fatal Error] :1:1: Premature end of file.
2026-02-08 19:49:02,361 [ERROR] LogOutputStream:75 - [STDERR_REDIRECT] 
2026-02-08 19:49:03,360 [ERROR] LogOutputStream:75 - [STDERR_REDIRECT] [Fatal Error] :1:1: Premature end of file.
2026-02-08 19:49:03,360 [ERROR] LogOutputStream:75 - [STDERR_REDIRECT] 
2026-02-08 19:49:04,353 [ERROR] LogOutputStream:75 - [STDERR_REDIRECT] [Fatal Error] :1:1: Premature end of file.
2026-02-08 19:49:04,353 [ERROR] LogOutputStream:75 - [STDERR_REDIRECT] 
2026-02-08 19:49:05,361 [ERROR] LogOutputStream:75 - [STDERR_REDIRECT] [Fatal Error] :1:1: Premature end of file.
2026-02-08 19:49:05,361 [ERROR] LogOutputStream:75 - [STDERR_REDIRECT] 
2026-02-08 19:49:06,360 [ERROR] LogOutputStream:75 - [STDERR_REDIRECT] [Fatal Error] :1:1: Premature end of file.
2026-02-08 19:49:06,371 [ERROR] LogOutputStream:75 - [STDERR_REDIRECT] 
2026-02-08 19:49:07,343 [ERROR] LogOutputStream:75 - [STDERR_REDIRECT] [Fatal Error] :1:1: Premature end of file.
2026-02-08 19:49:07,343 [ERROR] LogOutputStream:75 - [STDERR_REDIRECT] 
2026-02-08 19:49:08,347 [ERROR] LogOutputStream:75 - [STDERR_REDIRECT] [Fatal Error] :1:1: Premature end of file.
2026-02-08 19:49:08,347 [ERROR] LogOutputStream:75 - [STDERR_REDIRECT] 
2026-02-08 19:49:09,364 [ERROR] LogOutputStream:75 - [STDERR_REDIRECT] [Fatal Error] :1:1: Premature end of file.
2026-02-08 19:49:09,364 [ERROR] LogOutputStream:75 - [STDERR_REDIRECT] 
2026-02-08 19:49:10,359 [ERROR] LogOutputStream:75 - [STDERR_REDIRECT] [Fatal Error] :1:1: Premature end of file.
2026-02-08 19:49:10,359 [ERROR] LogOutputStream:75 - [STDERR_REDIRECT] 
2026-02-08 19:49:11,360 [ERROR] LogOutputStream:75 - [STDERR_REDIRECT] [Fatal Error] :1:1: Premature end of file.
2026-02-08 19:49:11,360 [ERROR] LogOutputStream:75 - [STDERR_REDIRECT] 
2026-02-08 19:49:12,358 [ERROR] LogOutputStream:75 - [STDERR_REDIRECT] [Fatal Error] :1:1: Premature end of file.
2026-02-08 19:49:12,358 [ERROR] LogOutputStream:75 - [STDERR_REDIRECT] 
2026-02-08 19:49:13,364 [ERROR] LogOutputStream:75 - [STDERR_REDIRECT] [Fatal Error] :1:1: Premature end of file.
2026-02-08 19:49:13,364 [ERROR] LogOutputStream:75 - [STDERR_REDIRECT] 
2026-02-08 19:49:14,347 [ERROR] LogOutputStream:75 - [STDERR_REDIRECT] [Fatal Error] :1:1: Premature end of file.
2026-02-08 19:49:14,347 [ERROR] LogOutputStream:75 - [STDERR_REDIRECT] 
2026-02-08 19:49:15,361 [ERROR] LogOutputStream:75 - [STDERR_REDIRECT] [Fatal Error] :1:1: Premature end of file.
2026-02-08 19:49:15,361 [ERROR] LogOutputStream:75 - [STDERR_REDIRECT] 
2026-02-08 19:49:16,357 [ERROR] LogOutputStream:75 - [STDERR_REDIRECT] [Fatal Error] :1:1: Premature end of file.
2026-02-08 19:49:16,357 [ERROR] LogOutputStream:75 - [STDERR_REDIRECT] 
2026-02-08 19:49:17,351 [ERROR] LogOutputStream:75 - [STDERR_REDIRECT] [Fatal Error] :1:1: Premature end of file.
2026-02-08 19:49:17,351 [ERROR] LogOutputStream:75 - [STDERR_REDIRECT] 
2026-02-08 19:49:18,359 [ERROR] LogOutputStream:75 - [STDERR_REDIRECT] [Fatal Error] :1:1: Premature end of file.
2026-02-08 19:49:18,359 [ERROR] LogOutputStream:75 - [STDERR_REDIRECT] 
2026-02-08 19:49:19,344 [ERROR] LogOutputStream:75 - [STDERR_REDIRECT] [Fatal Error] :1:1: Premature end of file.
2026-02-08 19:49:19,344 [ERROR] LogOutputStream:75 - [STDERR_REDIRECT] 
2026-02-08 19:49:20,347 [ERROR] LogOutputStream:75 - [STDERR_REDIRECT] [Fatal Error] :1:1: Premature end of file.
2026-02-08 19:49:20,347 [ERROR] LogOutputStream:75 - [STDERR_REDIRECT] 
2026-02-08 19:49:21,348 [ERROR] LogOutputStream:75 - [STDERR_REDIRECT] [Fatal Error] :1:1: Premature end of file.
2026-02-08 19:49:21,363 [ERROR] LogOutputStream:75 - [STDERR_REDIRECT] 
2026-02-08 19:49:22,339 [ERROR] LogOutputStream:75 - [STDERR_REDIRECT] [Fatal Error] :1:1: Premature end of file.
2026-02-08 19:49:22,339 [ERROR] LogOutputStream:75 - [STDERR_REDIRECT] 
2026-02-08 19:49:23,351 [ERROR] LogOutputStream:75 - [STDERR_REDIRECT] [Fatal Error] :1:1: Premature end of file.
2026-02-08 19:49:23,352 [ERROR] LogOutputStream:75 - [STDERR_REDIRECT] 
2026-02-08 19:49:24,348 [ERROR] LogOutputStream:75 - [STDERR_REDIRECT] [Fatal Error] :1:1: Premature end of file.
2026-02-08 19:49:24,348 [ERROR] LogOutputStream:75 - [STDERR_REDIRECT] 
2026-02-08 19:49:25,340 [ERROR] LogOutputStream:75 - [STDERR_REDIRECT] [Fatal Error] :1:1: Premature end of file.
2026-02-08 19:49:25,340 [ERROR] LogOutputStream:75 - [STDERR_REDIRECT] 
2026-02-08 19:49:26,346 [ERROR] LogOutputStream:75 - [STDERR_REDIRECT] [Fatal Error] :1:1: Premature end of file.
2026-02-08 19:49:26,346 [ERROR] LogOutputStream:75 - [STDERR_REDIRECT] 
2026-02-08 19:49:27,341 [ERROR] LogOutputStream:75 - [STDERR_REDIRECT] [Fatal Error] :1:1: Premature end of file.
2026-02-08 19:49:27,341 [ERROR] LogOutputStream:75 - [STDERR_REDIRECT] 
2026-02-08 19:49:28,338 [ERROR] LogOutputStream:75 - [STDERR_REDIRECT] [Fatal Error] :1:1: Premature end of file.
2026-02-08 19:49:28,338 [ERROR] LogOutputStream:75 - [STDERR_REDIRECT] 
2026-02-08 19:49:29,351 [ERROR] LogOutputStream:75 - [STDERR_REDIRECT] [Fatal Error] :1:1: Premature end of file.
2026-02-08 19:49:29,351 [ERROR] LogOutputStream:75 - [STDERR_REDIRECT] 
2026-02-08 19:49:30,338 [ERROR] LogOutputStream:75 - [STDERR_REDIRECT] [Fatal Error] :1:1: Premature end of file.
2026-02-08 19:49:30,338 [ERROR] LogOutputStream:75 - [STDERR_REDIRECT] 
2026-02-08 19:49:31,339 [ERROR] LogOutputStream:75 - [STDERR_REDIRECT] [Fatal Error] :1:1: Premature end of file.
2026-02-08 19:49:31,339 [ERROR] LogOutputStream:75 - [STDERR_REDIRECT] 
2026-02-08 19:49:32,340 [ERROR] LogOutputStream:75 - [STDERR_REDIRECT] [Fatal Error] :1:1: Premature end of file.
2026-02-08 19:49:32,340 [ERROR] LogOutputStream:75 - [STDERR_REDIRECT] 
2026-02-08 19:49:33,341 [ERROR] LogOutputStream:75 - [STDERR_REDIRECT] [Fatal Error] :1:1: Premature end of file.
2026-02-08 19:49:33,341 [ERROR] LogOutputStream:75 - [STDERR_REDIRECT] 
2026-02-08 19:49:34,348 [ERROR] LogOutputStream:75 - [STDERR_REDIRECT] [Fatal Error] :1:1: Premature end of file.
2026-02-08 19:49:34,348 [ERROR] LogOutputStream:75 - [STDERR_REDIRECT] 
2026-02-08 19:49:35,348 [ERROR] LogOutputStream:75 - [STDERR_REDIRECT] [Fatal Error] :1:1: Premature end of file.
2026-02-08 19:49:35,348 [ERROR] LogOutputStream:75 - [STDERR_REDIRECT] 
2026-02-08 19:49:36,347 [ERROR] LogOutputStream:75 - [STDERR_REDIRECT] [Fatal Error] :1:1: Premature end of file.
2026-02-08 19:49:36,348 [ERROR] LogOutputStream:75 - [STDERR_REDIRECT] 
2026-02-08 19:49:37,343 [ERROR] LogOutputStream:75 - [STDERR_REDIRECT] [Fatal Error] :1:1: Premature end of file.
2026-02-08 19:49:37,344 [ERROR] LogOutputStream:75 - [STDERR_REDIRECT] 
2026-02-08 19:49:38,346 [ERROR] LogOutputStream:75 - [STDERR_REDIRECT] [Fatal Error] :1:1: Premature end of file.
2026-02-08 19:49:38,347 [ERROR] LogOutputStream:75 - [STDERR_REDIRECT] 
2026-02-08 19:49:39,357 [ERROR] LogOutputStream:75 - [STDERR_REDIRECT] [Fatal Error] :1:1: Premature end of file.
2026-02-08 19:49:39,357 [ERROR] LogOutputStream:75 - [STDERR_REDIRECT] 
2026-02-08 19:49:40,355 [ERROR] LogOutputStream:75 - [STDERR_REDIRECT] [Fatal Error] :1:1: Premature end of file.
2026-02-08 19:49:40,355 [ERROR] LogOutputStream:75 - [STDERR_REDIRECT] 
2026-02-08 19:49:41,341 [ERROR] LogOutputStream:75 - [STDERR_REDIRECT] [Fatal Error] :1:1: Premature end of file.
2026-02-08 19:49:41,342 [ERROR] LogOutputStream:75 - [STDERR_REDIRECT] 
2026-02-08 19:49:42,353 [ERROR] LogOutputStream:75 - [STDERR_REDIRECT] [Fatal Error] :1:1: Premature end of file.
2026-02-08 19:49:42,353 [ERROR] LogOutputStream:75 - [STDERR_REDIRECT] 
2026-02-08 19:49:43,362 [ERROR] LogOutputStream:75 - [STDERR_REDIRECT] [Fatal Error] :1:1: Premature end of file.
2026-02-08 19:49:43,362 [ERROR] LogOutputStream:75 - [STDERR_REDIRECT] 
2026-02-08 19:49:44,359 [ERROR] LogOutputStream:75 - [STDERR_REDIRECT] [Fatal Error] :1:1: Premature end of file.
2026-02-08 19:49:44,359 [ERROR] LogOutputStream:75 - [STDERR_REDIRECT] 
2026-02-08 19:49:45,355 [ERROR] LogOutputStream:75 - [STDERR_REDIRECT] [Fatal Error] :1:1: Premature end of file.
2026-02-08 19:49:45,355 [ERROR] LogOutputStream:75 - [STDERR_REDIRECT] 
2026-02-08 19:49:46,340 [ERROR] LogOutputStream:75 - [STDERR_REDIRECT] [Fatal Error] :1:1: Premature end of file.
2026-02-08 19:49:46,340 [ERROR] LogOutputStream:75 - [STDERR_REDIRECT] 
2026-02-08 19:49:47,362 [ERROR] LogOutputStream:75 - [STDERR_REDIRECT] [Fatal Error] :1:1: Premature end of file.
2026-02-08 19:49:47,362 [ERROR] LogOutputStream:75 - [STDERR_REDIRECT] 
2026-02-08 19:49:48,341 [ERROR] LogOutputStream:75 - [STDERR_REDIRECT] [Fatal Error] :1:1: Premature end of file.
2026-02-08 19:49:48,342 [ERROR] LogOutputStream:75 - [STDERR_REDIRECT] 
2026-02-08 19:49:49,343 [ERROR] LogOutputStream:75 - [STDERR_REDIRECT] [Fatal Error] :1:1: Premature end of file.
2026-02-08 19:49:49,343 [ERROR] LogOutputStream:75 - [STDERR_REDIRECT] 
2026-02-08 19:49:50,352 [ERROR] LogOutputStream:75 - [STDERR_REDIRECT] [Fatal Error] :1:1: Premature end of file.
2026-02-08 19:49:50,352 [ERROR] LogOutputStream:75 - [STDERR_REDIRECT] 
2026-02-08 19:49:51,343 [ERROR] LogOutputStream:75 - [STDERR_REDIRECT] [Fatal Error] :1:1: Premature end of file.
2026-02-08 19:49:51,354 [ERROR] LogOutputStream:75 - [STDERR_REDIRECT] 
2026-02-08 19:49:52,346 [ERROR] LogOutputStream:75 - [STDERR_REDIRECT] [Fatal Error] :1:1: Premature end of file.
2026-02-08 19:49:52,346 [ERROR] LogOutputStream:75 - [STDERR_REDIRECT] 
2026-02-08 19:49:53,347 [ERROR] LogOutputStream:75 - [STDERR_REDIRECT] [Fatal Error] :1:1: Premature end of file.
2026-02-08 19:49:53,349 [ERROR] LogOutputStream:75 - [STDERR_REDIRECT] 
2026-02-08 19:49:54,346 [ERROR] LogOutputStream:75 - [STDERR_REDIRECT] [Fatal Error] :1:1: Premature end of file.
2026-02-08 19:49:54,346 [ERROR] LogOutputStream:75 - [STDERR_REDIRECT] 
2026-02-08 19:49:55,348 [ERROR] LogOutputStream:75 - [STDERR_REDIRECT] [Fatal Error] :1:1: Premature end of file.
2026-02-08 19:49:55,349 [ERROR] LogOutputStream:75 - [STDERR_REDIRECT] 
2026-02-08 19:49:56,343 [ERROR] LogOutputStream:75 - [STDERR_REDIRECT] [Fatal Error] :1:1: Premature end of file.
2026-02-08 19:49:56,343 [ERROR] LogOutputStream:75 - [STDERR_REDIRECT] 
2026-02-08 19:49:57,337 [ERROR] LogOutputStream:75 - [STDERR_REDIRECT] [Fatal Error] :1:1: Premature end of file.
2026-02-08 19:49:57,338 [ERROR] LogOutputStream:75 - [STDERR_REDIRECT] 
2026-02-08 19:49:58,357 [ERROR] LogOutputStream:75 - [STDERR_REDIRECT] [Fatal Error] :1:1: Premature end of file.
2026-02-08 19:49:58,357 [ERROR] LogOutputStream:75 - [STDERR_REDIRECT] 
2026-02-08 19:49:59,360 [ERROR] LogOutputStream:75 - [STDERR_REDIRECT] [Fatal Error] :1:1: Premature end of file.
2026-02-08 19:49:59,361 [ERROR] LogOutputStream:75 - [STDERR_REDIRECT] 
2026-02-08 19:50:00,348 [ERROR] LogOutputStream:75 - [STDERR_REDIRECT] [Fatal Error] :1:1: Premature end of file.
2026-02-08 19:50:00,348 [ERROR] LogOutputStream:75 - [STDERR_REDIRECT] 
2026-02-08 19:50:01,341 [ERROR] LogOutputStream:75 - [STDERR_REDIRECT] [Fatal Error] :1:1: Premature end of file.
2026-02-08 19:50:01,341 [ERROR] LogOutputStream:75 - [STDERR_REDIRECT] 
2026-02-08 19:50:02,345 [ERROR] LogOutputStream:75 - [STDERR_REDIRECT] [Fatal Error] :1:1: Premature end of file.
2026-02-08 19:50:02,346 [ERROR] LogOutputStream:75 - [STDERR_REDIRECT] 
2026-02-08 19:50:03,337 [ERROR] LogOutputStream:75 - [STDERR_REDIRECT] [Fatal Error] :1:1: Premature end of file.
2026-02-08 19:50:03,338 [ERROR] LogOutputStream:75 - [STDERR_REDIRECT] 
2026-02-08 19:50:03,384 [INFO] McuFinderGlobals:63 - Set McuFinder mode to 2 (CubeIDE integrated)
2026-02-08 19:50:03,388 [INFO] MainUpdater:2872 - connection check result : 10
2026-02-08 19:50:03,700 [INFO] ApiDb:581 - Connected to CubeFinder SQLite database (C:\Users\Lenovo\.stmcufinder\plugins\mcufinder\mcu\cube-finder-db.db)
2026-02-08 19:50:03,778 [INFO] ApiDb:668 - CubeFinder database Data Model version=2.1
2026-02-08 19:50:03,778 [INFO] ApiDb:669 - CubeFinder database Configuration version=3.0.39
2026-02-08 19:50:03,778 [INFO] ApiDb:670 - CubeFinder database generation date=2025-12-22 (1766407740)
2026-02-08 19:50:03,778 [INFO] ApiDb:671 - CubeFinder database FW Pack versions=[FP-ATR-ASTRA1_V2.0.0, FP-SNS-FLIGHT1_V5.1.0, FP-SNS-MOTENV1_V5.1.0, FP-SNS-MOTENVWB1_V1.4.0, FP-SNS-SMARTAG2_V1.2.0, FP-SNS-STBOX1_V2.1.0, STM32Cube_FW_C0_V1.4.0, STM32Cube_FW_F4_V1.28.3, STM32Cube_FW_F7_V1.17.4, STM32Cube_FW_G0_V1.6.2, STM32Cube_FW_G4_V1.6.1, STM32Cube_FW_H5_V1.5.1, STM32Cube_FW_H7RS_V1.3.0, STM32Cube_FW_H7_V1.12.1, STM32Cube_FW_L0_V1.12.2, STM32Cube_FW_L4_V1.18.1, STM32Cube_FW_L5_V1.6.0, STM32Cube_FW_N6_V1.3.0, STM32Cube_FW_U0_V1.3.0, STM32Cube_FW_U3_V1.2.1, STM32Cube_FW_U5_V1.8.0, STM32Cube_FW_WB0_V1.4.0, STM32Cube_FW_WBA_V1.8.0, STM32Cube_FW_WB_V1.24.0, STM32Cube_FW_WL3_V1.3.0, STM32Cube_FW_WL_V1.4.0, X-CUBE-ALGOBUILD_V1.4.0, X-CUBE-ALS_V1.0.2, X-CUBE-AZRTOS-F4_V1.1.0, X-CUBE-AZRTOS-F7_V1.1.0, X-CUBE-AZRTOS-G0_V1.1.0, X-CUBE-AZRTOS-G4_V2.0.0, X-CUBE-AZRTOS-H7RS_V1.1.0, X-CUBE-AZRTOS-H7_V3.4.0, X-CUBE-AZRTOS-L4_V2.0.0, X-CUBE-AZRTOS-L5_V2.0.0, X-CUBE-AZRTOS-WB_V2.0.0, X-CUBE-AZRTOS-WL_V2.0.0, X-CUBE-BLE1_V7.1.0, X-CUBE-BLE2_V3.3.0, X-CUBE-BLEMGR_V4.1.0, X-CUBE-EEPRMA1_V5.2.0, X-CUBE-FREERTOS_V1.3.1, X-CUBE-GNSS1_V6.0.0, X-CUBE-MEMS1_V12.0.0, X-CUBE-NFC4_V3.0.0, X-CUBE-NFC7_V2.0.0, X-CUBE-SFXS2LP1_V4.0.0, X-CUBE-ST67W61_V1.1.0, X-CUBE-SUBG2_V5.0.0, X-CUBE-TOF1_V3.4.3]
2026-02-08 19:50:03,901 [INFO] DbBoardsSqlite:226 - include board P-NUCLEO-WB55-NUCLEO as a kit item of type 'Nucleo-64'
2026-02-08 19:50:03,901 [INFO] DbBoardsSqlite:226 - include board P-NUCLEO-WB55-USBDONGLE as a kit item of type 'Nucleo USB Dongle'
2026-02-08 19:50:03,903 [INFO] DbBoardsSqlite:226 - include board STEVAL-IDP005V1 as a kit item of type 'Evaluation Board'
2026-02-08 19:50:03,903 [INFO] DbBoardsSqlite:226 - include board STEVAL-IDP005V2 as a kit item of type 'Evaluation Board'
2026-02-08 19:50:04,341 [ERROR] LogOutputStream:75 - [STDERR_REDIRECT] [Fatal Error] :1:1: Premature end of file.
2026-02-08 19:50:04,341 [ERROR] LogOutputStream:75 - [STDERR_REDIRECT] 
2026-02-08 19:50:04,505 [INFO] ApiDb:240 - Found 858 in-development CPN: [B-G473E-ZEST1S, B-WB1M-WPAN1, B-WBA5M-WPAN, B-WL5M-SUBG1, NUCLEO-C031C6, NUCLEO-C051C8, NUCLEO-C071RB, NUCLEO-C092RC, NUCLEO-H503RB, NUCLEO-H533RE, NUCLEO-H563ZI, NUCLEO-H7S3L8, NUCLEO-N657X0-Q, NUCLEO-U031R8, NUCLEO-U083RC, NUCLEO-U385RG-Q, NUCLEO-U545RE-Q, NUCLEO-U5A5ZJ-Q, NUCLEO-WB05KZ, NUCLEO-WB07CC, NUCLEO-WB09KE, NUCLEO-WBA52CG, NUCLEO-WBA55CG, NUCLEO-WL33CC1, NUCLEO-WL33CC2, STEVAL-PROTEUS1, STEVAL-SMARTAG2, STEVAL-STWINBX1, STM320518-EVAL, STM32C0116-DK, STM32C011D6Y3TR, STM32C011D6Y6TR, STM32C011F4P3, STM32C011F4P6, STM32C011F4U3, STM32C011F4U6TR, STM32C011F6P3, STM32C011F6P6, STM32C011F6U3, STM32C011F6U6TR, STM32C011J4M3, STM32C011J4M6, STM32C011J6M3, STM32C011J6M6, STM32C0316-DK, STM32C031C4T3, STM32C031C4T6, STM32C031C4U3, STM32C031C4U6, STM32C031C6T3, STM32C031C6T6, STM32C031C6U3, STM32C031C6U6, STM32C031F4P3, STM32C031F4P6, STM32C031F6P3, STM32C031F6P6, STM32C031G4U3, STM32C031G4U6, STM32C031G6U3, STM32C031G6U6, STM32C031K4T3, STM32C031K4T6, STM32C031K4U3, STM32C031K4U6, STM32C031K6T3, STM32C031K6T6, STM32C031K6U3, STM32C031K6U6, STM32C051C6T6, STM32C051C6U6, STM32C051C8T6, STM32C051C8U6, STM32C051D8Y6TR, STM32C051F6P6, STM32C051F8P6, STM32C051G6U6, STM32C051G8U6, STM32C051K6T6, STM32C051K6U6, STM32C051K8T6, STM32C071C8T6, STM32C071C8T6N, STM32C071C8U6, STM32C071C8U6N, STM32C071CBT6, STM32C071CBT6N, STM32C071CBU6, STM32C071CBU6N, STM32C071F8P6, STM32C071F8P6N, STM32C071FBP6, STM32C071FBP6N, STM32C071FBY6TR, STM32C071G8U6, STM32C071G8U6N, STM32C071GBU6, STM32C071GBU6N, STM32C071K8T6, STM32C071K8T6N, STM32C071K8U6, STM32C071K8U6N, STM32C071KBT6, STM32C071KBT6N, STM32C071KBU6, STM32C071KBU6N, STM32C071R8T6, STM32C071R8T6N, STM32C071RBI6N, STM32C071RBT6, STM32C071RBT6N, STM32C091CBT6, STM32C091CBU6, STM32C091CCT6, STM32C091CCU6, STM32C091ECY6TR, STM32C091FBP6, STM32C091FCP6, STM32C091GBU6, STM32C091GCU6, STM32C091KBT6, STM32C091KBU6, STM32C091KCT6, STM32C091KCU6, STM32C091RBT6, STM32C091RCI6, STM32C091RCT6, STM32C092CBT6, STM32C092CBU6, STM32C092CCT6, STM32C092CCU6, STM32C092ECY6TR, STM32C092FBP6, STM32C092FCP6, STM32C092GBU6, STM32C092GCU6, STM32C092KBT6, STM32C092KBU6, STM32C092KCT6, STM32C092KCU6, STM32C092RBT6, STM32C092RCI6, STM32C092RCT6, STM32G071K8TXN, STM32G071K8UXN, STM32G081GBU6N, STM32G081KBT6N, STM32G081KBUXN, STM32G0B1CCT6N, STM32G0B1KCT6, STM32G0B1NEY6TR, STM32G0B1RCT6N, STM32G0C1CCT6, STM32G0C1CCT6N, STM32G0C1CCU6N, STM32G0C1CET6N, STM32G0C1CEU6N, STM32G0C1KCT6, STM32G0C1NEY6TR, STM32G0C1RCI6N, STM32G0C1RCT6N, STM32G0C1REI6N, STM32G0C1RET6N, STM32G0C1VCI6, STM32G0C1VEI6, STM32G411C6T3, STM32G411C6T6, STM32G411C6U3, STM32G411C6U6, STM32G411C8T3, STM32G411C8T6, STM32G411C8U3, STM32G411C8U6, STM32G411CBT3, STM32G411CBT6, STM32G411CBU3, STM32G411CBU6, STM32G411CCT3, STM32G411CCT6, STM32G411CCU3, STM32G411CCU6, STM32G411K6T3, STM32G411K6T6, STM32G411K6U3, STM32G411K6U6, STM32G411K8T3, STM32G411K8T6, STM32G411K8U3, STM32G411K8U6, STM32G411KBT3, STM32G411KBT6, STM32G411KBU3, STM32G411KBU6, STM32G411M6T3, STM32G411M6T6, STM32G411M8T3, STM32G411M8T6, STM32G411MBT3, STM32G411MBT6, STM32G411MCT3, STM32G411MCT6, STM32G411R6T3, STM32G411R6T6, STM32G411R8T3, STM32G411R8T6, STM32G411RBT3, STM32G411RBT6, STM32G411RCT3, STM32G411RCT6, STM32G414CBT3, STM32G414CBT6, STM32G414CBU3, STM32G414CBU6, STM32G414CCT3, STM32G414CCT6, STM32G414CCU3, STM32G414CCU6, STM32G414MBT3, STM32G414MBT6, STM32G414MCT3, STM32G414MCT6, STM32G414RBT3, STM32G414RBT6, STM32G414RCT3, STM32G414RCT6, STM32G414VBT3, STM32G414VBT6, STM32G414VCT3, STM32G414VCT6, STM32G431CBT3Z, STM32G431RBT3Z, STM32G471CCT6, STM32G471CCU6, STM32G471CET3, STM32G471CET6, STM32G471CEU3, STM32G471CEU6, STM32G471MCT6, STM32G471MET3, STM32G471MET6, STM32G471MEY6TR, STM32G471QCT6, STM32G471QET3, STM32G471RCT6, STM32G471RET3, STM32G471RET6, STM32G471VCH6, STM32G471VCI6, STM32G471VCT6, STM32G471VEH3, STM32G471VEH6, STM32G471VEI3, STM32G471VEI6, STM32G471VET3, STM32G471VET6, STM32G473QET3Z, STM32G473RET3Z, STM32G474CCT6, STM32G491RET3Z, STM32H503CBT6, STM32H503CBU6, STM32H503EBY6TR, STM32H503KBU6, STM32H503RBT6, STM32H523CCT6, STM32H523CCU6, STM32H523CET6, STM32H523CEU6, STM32H523HEY6TR, STM32H523RCT6, STM32H523RET6, STM32H523VCI6, STM32H523VCT6, STM32H523VEI6, STM32H523VET6, STM32H523ZCJ6, STM32H523ZCT6, STM32H523ZEJ6, STM32H523ZET6, STM32H533CET6, STM32H533CEU6, STM32H533HEY6TR, STM32H533RET6, STM32H533VEI6, STM32H533VET6, STM32H533ZEJ6, STM32H533ZET6, STM32H562AGI6, STM32H562AII6, STM32H562IGK6, STM32H562IGT6, STM32H562IIK6, STM32H562IIT6, STM32H562RGT6, STM32H562RGV6, STM32H562RIT6, STM32H562RIV6, STM32H562VGT6, STM32H562VIT6, STM32H562ZGT6, STM32H562ZIT6, STM32H563AGI6, STM32H563AII3Q, STM32H563AII6, STM32H563IGK6, STM32H563IGT6, STM32H563IIK3Q, STM32H563IIK6, STM32H563IIT3Q, STM32H563IIT6, STM32H563MIY3QTR, STM32H563RGT6, STM32H563RGV6, STM32H563RIT6, STM32H563RIV6, STM32H563VGT6, STM32H563VIT3Q, STM32H563VIT6, STM32H563ZGT6, STM32H563ZIT3Q, STM32H563ZIT6, STM32H573AII3Q, STM32H573AII6, STM32H573I-DK, STM32H573IIK3Q, STM32H573IIK6, STM32H573IIT3Q, STM32H573IIT6, STM32H573MIY3QTR, STM32H573RIT6, STM32H573RIV6, STM32H573VIT3Q, STM32H573VIT6, STM32H573ZIT3Q, STM32H573ZIT6, STM32H7R3A8I6, STM32H7R3I8K6, STM32H7R3I8T6, STM32H7R3L8H6, STM32H7R3L8H6H, STM32H7R3R8V6, STM32H7R3V8H6, STM32H7R3V8T6, STM32H7R3V8Y6TR, STM32H7R3Z8J6, STM32H7R3Z8T6, STM32H7R7A8I6, STM32H7R7I8K6, STM32H7R7I8T6, STM32H7R7L8H6, STM32H7R7L8H6H, STM32H7R7Z8J6, STM32H7S3A8I6, STM32H7S3I8K6, STM32H7S3I8T6, STM32H7S3L8H6, STM32H7S3L8H6H, STM32H7S3R8V6, STM32H7S3V8H6, STM32H7S3V8T6, STM32H7S3V8Y6TR, STM32H7S3Z8J6, STM32H7S3Z8T6, STM32H7S78-DK, STM32H7S7A8I6, STM32H7S7I8K6, STM32H7S7I8T6, STM32H7S7L8H6, STM32H7S7L8H6H, STM32H7S7Z8J6, STM32L4R5QGI6STR, STM32MP131AAE3, STM32MP131AAF3, STM32MP131AAG3, STM32MP131CAE3, STM32MP131CAF3, STM32MP131CAG3, STM32MP131DAE7, STM32MP131DAF7, STM32MP131DAG7, STM32MP131FAE7, STM32MP131FAF7, STM32MP131FAG7, STM32MP133AAE3, STM32MP133AAF3, STM32MP133AAG3, STM32MP133CAE3, STM32MP133CAF3, STM32MP133CAG3, STM32MP133DAE7, STM32MP133DAF7, STM32MP133DAG7, STM32MP133FAE7, STM32MP133FAF7, STM32MP133FAG7, STM32MP135AAE3, STM32MP135AAF3, STM32MP135AAG3, STM32MP135CAE3, STM32MP135CAF3, STM32MP135CAG3, STM32MP135DAE7, STM32MP135DAF7, STM32MP135DAG7, STM32MP135F-DK, STM32MP135FAE7, STM32MP135FAF7, STM32MP135FAF7T, STM32MP135FAF7U, STM32MP135FAG7, STM32MP231AAJ3, STM32MP231AAK3, STM32MP231AAL3, STM32MP231CAJ3, STM32MP231CAK3, STM32MP231CAL3, STM32MP231DAJ3, STM32MP231DAK3, STM32MP231DAL3, STM32MP231FAJ3, STM32MP231FAK3, STM32MP231FAL3, STM32MP233AAJ3, STM32MP233AAK3, STM32MP233AAL3, STM32MP233CAJ3, STM32MP233CAK3, STM32MP233CAL3, STM32MP233DAJ3, STM32MP233DAK3, STM32MP233DAL3, STM32MP233FAJ3, STM32MP233FAK3, STM32MP233FAL3, STM32MP235AAJ3, STM32MP235AAK3, STM32MP235AAL3, STM32MP235CAJ3, STM32MP235CAK3, STM32MP235CAL3, STM32MP235DAJ3, STM32MP235DAK3, STM32MP235DAL3, STM32MP235FAJ3, STM32MP235FAK3, STM32MP235FAL3, STM32MP251AAI3, STM32MP251AAJ3, STM32MP251AAK3, STM32MP251AAL3, STM32MP251CAI3, STM32MP251CAJ3, STM32MP251CAK3, STM32MP251CAL3, STM32MP251DAI3, STM32MP251DAJ3, STM32MP251DAK3, STM32MP251DAL3, STM32MP251FAI3, STM32MP251FAJ3, STM32MP251FAK3, STM32MP251FAL3, STM32MP253AAI3, STM32MP253AAJ3, STM32MP253AAK3, STM32MP253AAL3, STM32MP253CAI3, STM32MP253CAJ3, STM32MP253CAK3, STM32MP253CAL3, STM32MP253DAI3, STM32MP253DAJ3, STM32MP253DAK3, STM32MP253DAL3, STM32MP253FAI3, STM32MP253FAJ3, STM32MP253FAK3, STM32MP253FAL3, STM32MP255AAI3, STM32MP255AAJ3, STM32MP255AAK3, STM32MP255AAL3, STM32MP255CAI3, STM32MP255CAJ3, STM32MP255CAK3, STM32MP255CAL3, STM32MP255DAI3, STM32MP255DAJ3, STM32MP255DAK3, STM32MP255DAL3, STM32MP255FAI3, STM32MP255FAJ3, STM32MP255FAK3, STM32MP255FAL3, STM32MP257AAI3, STM32MP257AAJ3, STM32MP257AAK3, STM32MP257AAL3, STM32MP257CAI3, STM32MP257CAJ3, STM32MP257CAK3, STM32MP257CAL3, STM32MP257DAI3, STM32MP257DAJ3, STM32MP257DAK3, STM32MP257DAL3, STM32MP257F-DK, STM32MP257F-EV1, STM32MP257FAI3, STM32MP257FAJ3, STM32MP257FAK3, STM32MP257FAL3, STM32N645A0H3Q, STM32N645B0H3Q, STM32N645I0H3Q, STM32N645L0H3Q, STM32N645X0H3Q, STM32N645Z0H3Q, STM32N647A0H3Q, STM32N647B0H3Q, STM32N647I0H3Q, STM32N647L0H3Q, STM32N647X0H3Q, STM32N647Z0H3Q, STM32N655A0H3Q, STM32N655B0H3Q, STM32N655I0H3Q, STM32N655L0H3Q, STM32N655X0H3Q, STM32N655Z0H3Q, STM32N6570-DK, STM32N657A0H3Q, STM32N657B0H3Q, STM32N657I0H3Q, STM32N657L0H3Q, STM32N657X0H3Q, STM32N657Z0H3Q, STM32U031C6T6, STM32U031C6U6, STM32U031C8T6, STM32U031C8U6, STM32U031F4P6, STM32U031F6P6, STM32U031F8P6, STM32U031G6Y6TR, STM32U031G8Y6TR, STM32U031K4U6, STM32U031K6U6, STM32U031K8U6, STM32U031R6I6, STM32U031R6T6, STM32U031R8I6, STM32U031R8T6, STM32U073C8T6, STM32U073C8U6, STM32U073CBT6, STM32U073CBU6, STM32U073CCT6, STM32U073CCU6, STM32U073H8Y6TR, STM32U073HBY6TR, STM32U073HCY6TR, STM32U073K8U6, STM32U073KBU6, STM32U073KCU6, STM32U073M8I6, STM32U073M8T6, STM32U073MBI6, STM32U073MBT6, STM32U073MCI6, STM32U073MCT6, STM32U073R8I6, STM32U073R8T6, STM32U073RBI6, STM32U073RBT6, STM32U073RCI6, STM32U073RCT6, STM32U083C-DK, STM32U083CCT6, STM32U083CCU6, STM32U083HCY6TR, STM32U083KCU6, STM32U083MCI6, STM32U083MCT6, STM32U083RCI6, STM32U083RCT6, STM32U375CET6, STM32U375CET6Q, STM32U375CEU6, STM32U375CEU6Q, STM32U375CEY6QTR, STM32U375CGT6, STM32U375CGT6Q, STM32U375CGU6, STM32U375CGU6Q, STM32U375CGY6QTR, STM32U375KEU6, STM32U375KGU6, STM32U375REI6, STM32U375REI6Q, STM32U375RET6, STM32U375RET6Q, STM32U375REY6GTR, STM32U375REY6QTR, STM32U375RGI6, STM32U375RGI6Q, STM32U375RGT6, STM32U375RGT6Q, STM32U375RGY6GTR, STM32U375RGY6QTR, STM32U375VEI6, STM32U375VEI6Q, STM32U375VET6, STM32U375VET6Q, STM32U375VGI6, STM32U375VGI6Q, STM32U375VGT6, STM32U375VGT6Q, STM32U385CGT6, STM32U385CGT6Q, STM32U385CGU6, STM32U385CGU6Q, STM32U385CGY6QTR, STM32U385KGU6, STM32U385RGI6, STM32U385RGI6Q, STM32U385RGT6, STM32U385RGT6Q, STM32U385RGY6GTR, STM32U385RGY6QTR, STM32U385VGI6, STM32U385VGI6Q, STM32U385VGT6, STM32U385VGT6Q, STM32U535CBT6, STM32U535CBT6Q, STM32U535CBU6, STM32U535CBU6Q, STM32U535CCT6, STM32U535CCT6Q, STM32U535CCU6, STM32U535CCU6Q, STM32U535CET6, STM32U535CET6Q, STM32U535CEU6, STM32U535CEU6Q, STM32U535JEY6QTR, STM32U535NCY6QTR, STM32U535NEY6QTR, STM32U535RBI6, STM32U535RBI6Q, STM32U535RBT6, STM32U535RBT6Q, STM32U535RCI6, STM32U535RCI6Q, STM32U535RCT6, STM32U535RCT6Q, STM32U535REI6, STM32U535REI6Q, STM32U535RET6, STM32U535RET6Q, STM32U535VCI6, STM32U535VCI6Q, STM32U535VCT6, STM32U535VCT6Q, STM32U535VEI6, STM32U535VEI6Q, STM32U535VET6, STM32U535VET6Q, STM32U545CET6, STM32U545CET6Q, STM32U545CEU6, STM32U545CEU6Q, STM32U545JEY6QTR, STM32U545NEY6QTR, STM32U545REI6, STM32U545REI6Q, STM32U545RET6, STM32U545RET6Q, STM32U545VEI6, STM32U545VEI6Q, STM32U545VET6, STM32U545VET6Q, STM32U595AIH6, STM32U595AIH6Q, STM32U595AJH6, STM32U595AJH6Q, STM32U595QII6, STM32U595QII6Q, STM32U595QJI6, STM32U595QJI6Q, STM32U595RIT6, STM32U595RIT6Q, STM32U595RJT6, STM32U595RJT6Q, STM32U595VIT6, STM32U595VIT6Q, STM32U595VJT6, STM32U595VJT6Q, STM32U595ZIT6, STM32U595ZIT6Q, STM32U595ZIY6QTR, STM32U595ZJT6, STM32U595ZJT6Q, STM32U595ZJY6QTR, STM32U599BJY6QTR, STM32U599NIH6Q, STM32U599NJH6Q, STM32U599VIT6Q, STM32U599VJT6, STM32U599VJT6Q, STM32U599ZIT6Q, STM32U599ZIY6QTR, STM32U599ZJT6Q, STM32U599ZJY6QTR, STM32U5A5AJH6, STM32U5A5AJH6Q, STM32U5A5QII3Q , STM32U5A5QJI6, STM32U5A5QJI6Q, STM32U5A5RJT6, STM32U5A5RJT6Q, STM32U5A5VJT6, STM32U5A5VJT6Q, STM32U5A5ZJT6, STM32U5A5ZJT6Q, STM32U5A5ZJY6QTR, STM32U5A9BJY6QTR, STM32U5A9J-DK, STM32U5A9NJH6Q, STM32U5A9VJT6Q, STM32U5A9ZJT6Q, STM32U5A9ZJY6QTR, STM32U5F7VIT6, STM32U5F7VIT6Q, STM32U5F7VJT6, STM32U5F7VJT6Q, STM32U5F9BJY6QTR, STM32U5F9NJH6Q, STM32U5F9VIT6Q, STM32U5F9VJT6Q, STM32U5F9ZIJ6QTR, STM32U5F9ZIT6Q, STM32U5F9ZJJ6QTR, STM32U5F9ZJT6Q, STM32U5G7VJT6, STM32U5G7VJT6Q, STM32U5G9BJY6QTR, STM32U5G9J-DK1, STM32U5G9J-DK2, STM32U5G9NJH6Q, STM32U5G9VJT6Q, STM32U5G9ZJJ6QTR, STM32U5G9ZJT6Q, STM32WB05KZV6TR, STM32WB05KZV7TR, STM32WB05TZF6TR, STM32WB05TZF7TR, STM32WB06CCF6TR, STM32WB06CCF7TR, STM32WB06CCV6TR, STM32WB06CCV7TR, STM32WB06KCV6TR, STM32WB06KCV7TR, STM32WB07CCF6TR, STM32WB07CCF7TR, STM32WB07CCV6TR, STM32WB07CCV7TR, STM32WB07KCV6TR, STM32WB07KCV7TR, STM32WB09KEV6TR, STM32WB09KEV7TR, STM32WB09TEF6TR, STM32WB09TEF7TR, STM32WB1MMCH6, STM32WBA50KGU6, STM32WBA50KGU6TR, STM32WBA52CEU6, STM32WBA52CEU6TR, STM32WBA52CEU7, STM32WBA52CEU7TR, STM32WBA52CGU6, STM32WBA52CGU6TR, STM32WBA52CGU6U, STM32WBA52CGU7, STM32WBA52CGU7TR, STM32WBA52KEU6, STM32WBA52KEU6TR, STM32WBA52KGU6, STM32WBA52KGU6TR, STM32WBA54CEU6, STM32WBA54CEU6TR, STM32WBA54CEU7, STM32WBA54CEU7TR, STM32WBA54CGU6, STM32WBA54CGU6TR, STM32WBA54CGU7, STM32WBA54CGU7TR, STM32WBA54KEU6, STM32WBA54KEU6TR, STM32WBA54KEU7, STM32WBA54KEU7TR, STM32WBA54KGU6, STM32WBA54KGU6TR, STM32WBA54KGU7, STM32WBA54KGU7TR, STM32WBA55CEU6, STM32WBA55CEU6TR, STM32WBA55CEU7, STM32WBA55CEU7TR, STM32WBA55CGU6, STM32WBA55CGU6TR, STM32WBA55CGU6U, STM32WBA55CGU7, STM32WBA55CGU7TR, STM32WBA55G-DK1, STM32WBA55HEF6, STM32WBA55HEF7, STM32WBA55HGF6, STM32WBA55HGF7, STM32WBA55UEI6, STM32WBA55UEI6TR, STM32WBA55UEI7, STM32WBA55UEI7TR, STM32WBA55UGI6, STM32WBA55UGI6TR, STM32WBA55UGI7, STM32WBA55UGI7TR, STM32WBA5MJGH6TR, STM32WBA5MJGH6U, STM32WL33C8V6, STM32WL33C8V6TR, STM32WL33C8V7, STM32WL33C8V7TR, STM32WL33CBV6, STM32WL33CBV6TR, STM32WL33CBV7, STM32WL33CBV7TR, STM32WL33CCV6, STM32WL33CCV6TR, STM32WL33CCV7, STM32WL33CCV7A, STM32WL33CCV7ATR, STM32WL33CCV7TR, STM32WL33K8V6, STM32WL33K8V6TR, STM32WL33K8V7, STM32WL33K8V7TR, STM32WL33KBV6, STM32WL33KBV6TR, STM32WL33KBV7, STM32WL33KBV7TR, STM32WL33KCV6, STM32WL33KCV6TR, STM32WL33KCV7, STM32WL33KCV7TR, STM32WL5MOCH6, STM32WL5MOCH6TR]
2026-02-08 19:50:04,509 [INFO] ApiDb:668 - CubeFinder database Data Model version=2.1
2026-02-08 19:50:04,509 [INFO] ApiDb:669 - CubeFinder database Configuration version=3.0.39
2026-02-08 19:50:04,509 [INFO] ApiDb:670 - CubeFinder database generation date=2025-12-22 (1766407740)
2026-02-08 19:50:04,509 [INFO] ApiDb:671 - CubeFinder database FW Pack versions=[FP-ATR-ASTRA1_V2.0.0, FP-SNS-FLIGHT1_V5.1.0, FP-SNS-MOTENV1_V5.1.0, FP-SNS-MOTENVWB1_V1.4.0, FP-SNS-SMARTAG2_V1.2.0, FP-SNS-STBOX1_V2.1.0, STM32Cube_FW_C0_V1.4.0, STM32Cube_FW_F4_V1.28.3, STM32Cube_FW_F7_V1.17.4, STM32Cube_FW_G0_V1.6.2, STM32Cube_FW_G4_V1.6.1, STM32Cube_FW_H5_V1.5.1, STM32Cube_FW_H7RS_V1.3.0, STM32Cube_FW_H7_V1.12.1, STM32Cube_FW_L0_V1.12.2, STM32Cube_FW_L4_V1.18.1, STM32Cube_FW_L5_V1.6.0, STM32Cube_FW_N6_V1.3.0, STM32Cube_FW_U0_V1.3.0, STM32Cube_FW_U3_V1.2.1, STM32Cube_FW_U5_V1.8.0, STM32Cube_FW_WB0_V1.4.0, STM32Cube_FW_WBA_V1.8.0, STM32Cube_FW_WB_V1.24.0, STM32Cube_FW_WL3_V1.3.0, STM32Cube_FW_WL_V1.4.0, X-CUBE-ALGOBUILD_V1.4.0, X-CUBE-ALS_V1.0.2, X-CUBE-AZRTOS-F4_V1.1.0, X-CUBE-AZRTOS-F7_V1.1.0, X-CUBE-AZRTOS-G0_V1.1.0, X-CUBE-AZRTOS-G4_V2.0.0, X-CUBE-AZRTOS-H7RS_V1.1.0, X-CUBE-AZRTOS-H7_V3.4.0, X-CUBE-AZRTOS-L4_V2.0.0, X-CUBE-AZRTOS-L5_V2.0.0, X-CUBE-AZRTOS-WB_V2.0.0, X-CUBE-AZRTOS-WL_V2.0.0, X-CUBE-BLE1_V7.1.0, X-CUBE-BLE2_V3.3.0, X-CUBE-BLEMGR_V4.1.0, X-CUBE-EEPRMA1_V5.2.0, X-CUBE-FREERTOS_V1.3.1, X-CUBE-GNSS1_V6.0.0, X-CUBE-MEMS1_V12.0.0, X-CUBE-NFC4_V3.0.0, X-CUBE-NFC7_V2.0.0, X-CUBE-SFXS2LP1_V4.0.0, X-CUBE-ST67W61_V1.1.0, X-CUBE-SUBG2_V5.0.0, X-CUBE-TOF1_V3.4.3]
2026-02-08 19:50:05,338 [ERROR] LogOutputStream:75 - [STDERR_REDIRECT] [Fatal Error] :1:1: Premature end of file.
2026-02-08 19:50:05,339 [ERROR] LogOutputStream:75 - [STDERR_REDIRECT] 
2026-02-08 19:50:06,209 [INFO] ApiDb:240 - Found 858 in-development CPN: [B-G473E-ZEST1S, B-WB1M-WPAN1, B-WBA5M-WPAN, B-WL5M-SUBG1, NUCLEO-C031C6, NUCLEO-C051C8, NUCLEO-C071RB, NUCLEO-C092RC, NUCLEO-H503RB, NUCLEO-H533RE, NUCLEO-H563ZI, NUCLEO-H7S3L8, NUCLEO-N657X0-Q, NUCLEO-U031R8, NUCLEO-U083RC, NUCLEO-U385RG-Q, NUCLEO-U545RE-Q, NUCLEO-U5A5ZJ-Q, NUCLEO-WB05KZ, NUCLEO-WB07CC, NUCLEO-WB09KE, NUCLEO-WBA52CG, NUCLEO-WBA55CG, NUCLEO-WL33CC1, NUCLEO-WL33CC2, STEVAL-PROTEUS1, STEVAL-SMARTAG2, STEVAL-STWINBX1, STM320518-EVAL, STM32C0116-DK, STM32C011D6Y3TR, STM32C011D6Y6TR, STM32C011F4P3, STM32C011F4P6, STM32C011F4U3, STM32C011F4U6TR, STM32C011F6P3, STM32C011F6P6, STM32C011F6U3, STM32C011F6U6TR, STM32C011J4M3, STM32C011J4M6, STM32C011J6M3, STM32C011J6M6, STM32C0316-DK, STM32C031C4T3, STM32C031C4T6, STM32C031C4U3, STM32C031C4U6, STM32C031C6T3, STM32C031C6T6, STM32C031C6U3, STM32C031C6U6, STM32C031F4P3, STM32C031F4P6, STM32C031F6P3, STM32C031F6P6, STM32C031G4U3, STM32C031G4U6, STM32C031G6U3, STM32C031G6U6, STM32C031K4T3, STM32C031K4T6, STM32C031K4U3, STM32C031K4U6, STM32C031K6T3, STM32C031K6T6, STM32C031K6U3, STM32C031K6U6, STM32C051C6T6, STM32C051C6U6, STM32C051C8T6, STM32C051C8U6, STM32C051D8Y6TR, STM32C051F6P6, STM32C051F8P6, STM32C051G6U6, STM32C051G8U6, STM32C051K6T6, STM32C051K6U6, STM32C051K8T6, STM32C071C8T6, STM32C071C8T6N, STM32C071C8U6, STM32C071C8U6N, STM32C071CBT6, STM32C071CBT6N, STM32C071CBU6, STM32C071CBU6N, STM32C071F8P6, STM32C071F8P6N, STM32C071FBP6, STM32C071FBP6N, STM32C071FBY6TR, STM32C071G8U6, STM32C071G8U6N, STM32C071GBU6, STM32C071GBU6N, STM32C071K8T6, STM32C071K8T6N, STM32C071K8U6, STM32C071K8U6N, STM32C071KBT6, STM32C071KBT6N, STM32C071KBU6, STM32C071KBU6N, STM32C071R8T6, STM32C071R8T6N, STM32C071RBI6N, STM32C071RBT6, STM32C071RBT6N, STM32C091CBT6, STM32C091CBU6, STM32C091CCT6, STM32C091CCU6, STM32C091ECY6TR, STM32C091FBP6, STM32C091FCP6, STM32C091GBU6, STM32C091GCU6, STM32C091KBT6, STM32C091KBU6, STM32C091KCT6, STM32C091KCU6, STM32C091RBT6, STM32C091RCI6, STM32C091RCT6, STM32C092CBT6, STM32C092CBU6, STM32C092CCT6, STM32C092CCU6, STM32C092ECY6TR, STM32C092FBP6, STM32C092FCP6, STM32C092GBU6, STM32C092GCU6, STM32C092KBT6, STM32C092KBU6, STM32C092KCT6, STM32C092KCU6, STM32C092RBT6, STM32C092RCI6, STM32C092RCT6, STM32G071K8TXN, STM32G071K8UXN, STM32G081GBU6N, STM32G081KBT6N, STM32G081KBUXN, STM32G0B1CCT6N, STM32G0B1KCT6, STM32G0B1NEY6TR, STM32G0B1RCT6N, STM32G0C1CCT6, STM32G0C1CCT6N, STM32G0C1CCU6N, STM32G0C1CET6N, STM32G0C1CEU6N, STM32G0C1KCT6, STM32G0C1NEY6TR, STM32G0C1RCI6N, STM32G0C1RCT6N, STM32G0C1REI6N, STM32G0C1RET6N, STM32G0C1VCI6, STM32G0C1VEI6, STM32G411C6T3, STM32G411C6T6, STM32G411C6U3, STM32G411C6U6, STM32G411C8T3, STM32G411C8T6, STM32G411C8U3, STM32G411C8U6, STM32G411CBT3, STM32G411CBT6, STM32G411CBU3, STM32G411CBU6, STM32G411CCT3, STM32G411CCT6, STM32G411CCU3, STM32G411CCU6, STM32G411K6T3, STM32G411K6T6, STM32G411K6U3, STM32G411K6U6, STM32G411K8T3, STM32G411K8T6, STM32G411K8U3, STM32G411K8U6, STM32G411KBT3, STM32G411KBT6, STM32G411KBU3, STM32G411KBU6, STM32G411M6T3, STM32G411M6T6, STM32G411M8T3, STM32G411M8T6, STM32G411MBT3, STM32G411MBT6, STM32G411MCT3, STM32G411MCT6, STM32G411R6T3, STM32G411R6T6, STM32G411R8T3, STM32G411R8T6, STM32G411RBT3, STM32G411RBT6, STM32G411RCT3, STM32G411RCT6, STM32G414CBT3, STM32G414CBT6, STM32G414CBU3, STM32G414CBU6, STM32G414CCT3, STM32G414CCT6, STM32G414CCU3, STM32G414CCU6, STM32G414MBT3, STM32G414MBT6, STM32G414MCT3, STM32G414MCT6, STM32G414RBT3, STM32G414RBT6, STM32G414RCT3, STM32G414RCT6, STM32G414VBT3, STM32G414VBT6, STM32G414VCT3, STM32G414VCT6, STM32G431CBT3Z, STM32G431RBT3Z, STM32G471CCT6, STM32G471CCU6, STM32G471CET3, STM32G471CET6, STM32G471CEU3, STM32G471CEU6, STM32G471MCT6, STM32G471MET3, STM32G471MET6, STM32G471MEY6TR, STM32G471QCT6, STM32G471QET3, STM32G471RCT6, STM32G471RET3, STM32G471RET6, STM32G471VCH6, STM32G471VCI6, STM32G471VCT6, STM32G471VEH3, STM32G471VEH6, STM32G471VEI3, STM32G471VEI6, STM32G471VET3, STM32G471VET6, STM32G473QET3Z, STM32G473RET3Z, STM32G474CCT6, STM32G491RET3Z, STM32H503CBT6, STM32H503CBU6, STM32H503EBY6TR, STM32H503KBU6, STM32H503RBT6, STM32H523CCT6, STM32H523CCU6, STM32H523CET6, STM32H523CEU6, STM32H523HEY6TR, STM32H523RCT6, STM32H523RET6, STM32H523VCI6, STM32H523VCT6, STM32H523VEI6, STM32H523VET6, STM32H523ZCJ6, STM32H523ZCT6, STM32H523ZEJ6, STM32H523ZET6, STM32H533CET6, STM32H533CEU6, STM32H533HEY6TR, STM32H533RET6, STM32H533VEI6, STM32H533VET6, STM32H533ZEJ6, STM32H533ZET6, STM32H562AGI6, STM32H562AII6, STM32H562IGK6, STM32H562IGT6, STM32H562IIK6, STM32H562IIT6, STM32H562RGT6, STM32H562RGV6, STM32H562RIT6, STM32H562RIV6, STM32H562VGT6, STM32H562VIT6, STM32H562ZGT6, STM32H562ZIT6, STM32H563AGI6, STM32H563AII3Q, STM32H563AII6, STM32H563IGK6, STM32H563IGT6, STM32H563IIK3Q, STM32H563IIK6, STM32H563IIT3Q, STM32H563IIT6, STM32H563MIY3QTR, STM32H563RGT6, STM32H563RGV6, STM32H563RIT6, STM32H563RIV6, STM32H563VGT6, STM32H563VIT3Q, STM32H563VIT6, STM32H563ZGT6, STM32H563ZIT3Q, STM32H563ZIT6, STM32H573AII3Q, STM32H573AII6, STM32H573I-DK, STM32H573IIK3Q, STM32H573IIK6, STM32H573IIT3Q, STM32H573IIT6, STM32H573MIY3QTR, STM32H573RIT6, STM32H573RIV6, STM32H573VIT3Q, STM32H573VIT6, STM32H573ZIT3Q, STM32H573ZIT6, STM32H7R3A8I6, STM32H7R3I8K6, STM32H7R3I8T6, STM32H7R3L8H6, STM32H7R3L8H6H, STM32H7R3R8V6, STM32H7R3V8H6, STM32H7R3V8T6, STM32H7R3V8Y6TR, STM32H7R3Z8J6, STM32H7R3Z8T6, STM32H7R7A8I6, STM32H7R7I8K6, STM32H7R7I8T6, STM32H7R7L8H6, STM32H7R7L8H6H, STM32H7R7Z8J6, STM32H7S3A8I6, STM32H7S3I8K6, STM32H7S3I8T6, STM32H7S3L8H6, STM32H7S3L8H6H, STM32H7S3R8V6, STM32H7S3V8H6, STM32H7S3V8T6, STM32H7S3V8Y6TR, STM32H7S3Z8J6, STM32H7S3Z8T6, STM32H7S78-DK, STM32H7S7A8I6, STM32H7S7I8K6, STM32H7S7I8T6, STM32H7S7L8H6, STM32H7S7L8H6H, STM32H7S7Z8J6, STM32L4R5QGI6STR, STM32MP131AAE3, STM32MP131AAF3, STM32MP131AAG3, STM32MP131CAE3, STM32MP131CAF3, STM32MP131CAG3, STM32MP131DAE7, STM32MP131DAF7, STM32MP131DAG7, STM32MP131FAE7, STM32MP131FAF7, STM32MP131FAG7, STM32MP133AAE3, STM32MP133AAF3, STM32MP133AAG3, STM32MP133CAE3, STM32MP133CAF3, STM32MP133CAG3, STM32MP133DAE7, STM32MP133DAF7, STM32MP133DAG7, STM32MP133FAE7, STM32MP133FAF7, STM32MP133FAG7, STM32MP135AAE3, STM32MP135AAF3, STM32MP135AAG3, STM32MP135CAE3, STM32MP135CAF3, STM32MP135CAG3, STM32MP135DAE7, STM32MP135DAF7, STM32MP135DAG7, STM32MP135F-DK, STM32MP135FAE7, STM32MP135FAF7, STM32MP135FAF7T, STM32MP135FAF7U, STM32MP135FAG7, STM32MP231AAJ3, STM32MP231AAK3, STM32MP231AAL3, STM32MP231CAJ3, STM32MP231CAK3, STM32MP231CAL3, STM32MP231DAJ3, STM32MP231DAK3, STM32MP231DAL3, STM32MP231FAJ3, STM32MP231FAK3, STM32MP231FAL3, STM32MP233AAJ3, STM32MP233AAK3, STM32MP233AAL3, STM32MP233CAJ3, STM32MP233CAK3, STM32MP233CAL3, STM32MP233DAJ3, STM32MP233DAK3, STM32MP233DAL3, STM32MP233FAJ3, STM32MP233FAK3, STM32MP233FAL3, STM32MP235AAJ3, STM32MP235AAK3, STM32MP235AAL3, STM32MP235CAJ3, STM32MP235CAK3, STM32MP235CAL3, STM32MP235DAJ3, STM32MP235DAK3, STM32MP235DAL3, STM32MP235FAJ3, STM32MP235FAK3, STM32MP235FAL3, STM32MP251AAI3, STM32MP251AAJ3, STM32MP251AAK3, STM32MP251AAL3, STM32MP251CAI3, STM32MP251CAJ3, STM32MP251CAK3, STM32MP251CAL3, STM32MP251DAI3, STM32MP251DAJ3, STM32MP251DAK3, STM32MP251DAL3, STM32MP251FAI3, STM32MP251FAJ3, STM32MP251FAK3, STM32MP251FAL3, STM32MP253AAI3, STM32MP253AAJ3, STM32MP253AAK3, STM32MP253AAL3, STM32MP253CAI3, STM32MP253CAJ3, STM32MP253CAK3, STM32MP253CAL3, STM32MP253DAI3, STM32MP253DAJ3, STM32MP253DAK3, STM32MP253DAL3, STM32MP253FAI3, STM32MP253FAJ3, STM32MP253FAK3, STM32MP253FAL3, STM32MP255AAI3, STM32MP255AAJ3, STM32MP255AAK3, STM32MP255AAL3, STM32MP255CAI3, STM32MP255CAJ3, STM32MP255CAK3, STM32MP255CAL3, STM32MP255DAI3, STM32MP255DAJ3, STM32MP255DAK3, STM32MP255DAL3, STM32MP255FAI3, STM32MP255FAJ3, STM32MP255FAK3, STM32MP255FAL3, STM32MP257AAI3, STM32MP257AAJ3, STM32MP257AAK3, STM32MP257AAL3, STM32MP257CAI3, STM32MP257CAJ3, STM32MP257CAK3, STM32MP257CAL3, STM32MP257DAI3, STM32MP257DAJ3, STM32MP257DAK3, STM32MP257DAL3, STM32MP257F-DK, STM32MP257F-EV1, STM32MP257FAI3, STM32MP257FAJ3, STM32MP257FAK3, STM32MP257FAL3, STM32N645A0H3Q, STM32N645B0H3Q, STM32N645I0H3Q, STM32N645L0H3Q, STM32N645X0H3Q, STM32N645Z0H3Q, STM32N647A0H3Q, STM32N647B0H3Q, STM32N647I0H3Q, STM32N647L0H3Q, STM32N647X0H3Q, STM32N647Z0H3Q, STM32N655A0H3Q, STM32N655B0H3Q, STM32N655I0H3Q, STM32N655L0H3Q, STM32N655X0H3Q, STM32N655Z0H3Q, STM32N6570-DK, STM32N657A0H3Q, STM32N657B0H3Q, STM32N657I0H3Q, STM32N657L0H3Q, STM32N657X0H3Q, STM32N657Z0H3Q, STM32U031C6T6, STM32U031C6U6, STM32U031C8T6, STM32U031C8U6, STM32U031F4P6, STM32U031F6P6, STM32U031F8P6, STM32U031G6Y6TR, STM32U031G8Y6TR, STM32U031K4U6, STM32U031K6U6, STM32U031K8U6, STM32U031R6I6, STM32U031R6T6, STM32U031R8I6, STM32U031R8T6, STM32U073C8T6, STM32U073C8U6, STM32U073CBT6, STM32U073CBU6, STM32U073CCT6, STM32U073CCU6, STM32U073H8Y6TR, STM32U073HBY6TR, STM32U073HCY6TR, STM32U073K8U6, STM32U073KBU6, STM32U073KCU6, STM32U073M8I6, STM32U073M8T6, STM32U073MBI6, STM32U073MBT6, STM32U073MCI6, STM32U073MCT6, STM32U073R8I6, STM32U073R8T6, STM32U073RBI6, STM32U073RBT6, STM32U073RCI6, STM32U073RCT6, STM32U083C-DK, STM32U083CCT6, STM32U083CCU6, STM32U083HCY6TR, STM32U083KCU6, STM32U083MCI6, STM32U083MCT6, STM32U083RCI6, STM32U083RCT6, STM32U375CET6, STM32U375CET6Q, STM32U375CEU6, STM32U375CEU6Q, STM32U375CEY6QTR, STM32U375CGT6, STM32U375CGT6Q, STM32U375CGU6, STM32U375CGU6Q, STM32U375CGY6QTR, STM32U375KEU6, STM32U375KGU6, STM32U375REI6, STM32U375REI6Q, STM32U375RET6, STM32U375RET6Q, STM32U375REY6GTR, STM32U375REY6QTR, STM32U375RGI6, STM32U375RGI6Q, STM32U375RGT6, STM32U375RGT6Q, STM32U375RGY6GTR, STM32U375RGY6QTR, STM32U375VEI6, STM32U375VEI6Q, STM32U375VET6, STM32U375VET6Q, STM32U375VGI6, STM32U375VGI6Q, STM32U375VGT6, STM32U375VGT6Q, STM32U385CGT6, STM32U385CGT6Q, STM32U385CGU6, STM32U385CGU6Q, STM32U385CGY6QTR, STM32U385KGU6, STM32U385RGI6, STM32U385RGI6Q, STM32U385RGT6, STM32U385RGT6Q, STM32U385RGY6GTR, STM32U385RGY6QTR, STM32U385VGI6, STM32U385VGI6Q, STM32U385VGT6, STM32U385VGT6Q, STM32U535CBT6, STM32U535CBT6Q, STM32U535CBU6, STM32U535CBU6Q, STM32U535CCT6, STM32U535CCT6Q, STM32U535CCU6, STM32U535CCU6Q, STM32U535CET6, STM32U535CET6Q, STM32U535CEU6, STM32U535CEU6Q, STM32U535JEY6QTR, STM32U535NCY6QTR, STM32U535NEY6QTR, STM32U535RBI6, STM32U535RBI6Q, STM32U535RBT6, STM32U535RBT6Q, STM32U535RCI6, STM32U535RCI6Q, STM32U535RCT6, STM32U535RCT6Q, STM32U535REI6, STM32U535REI6Q, STM32U535RET6, STM32U535RET6Q, STM32U535VCI6, STM32U535VCI6Q, STM32U535VCT6, STM32U535VCT6Q, STM32U535VEI6, STM32U535VEI6Q, STM32U535VET6, STM32U535VET6Q, STM32U545CET6, STM32U545CET6Q, STM32U545CEU6, STM32U545CEU6Q, STM32U545JEY6QTR, STM32U545NEY6QTR, STM32U545REI6, STM32U545REI6Q, STM32U545RET6, STM32U545RET6Q, STM32U545VEI6, STM32U545VEI6Q, STM32U545VET6, STM32U545VET6Q, STM32U595AIH6, STM32U595AIH6Q, STM32U595AJH6, STM32U595AJH6Q, STM32U595QII6, STM32U595QII6Q, STM32U595QJI6, STM32U595QJI6Q, STM32U595RIT6, STM32U595RIT6Q, STM32U595RJT6, STM32U595RJT6Q, STM32U595VIT6, STM32U595VIT6Q, STM32U595VJT6, STM32U595VJT6Q, STM32U595ZIT6, STM32U595ZIT6Q, STM32U595ZIY6QTR, STM32U595ZJT6, STM32U595ZJT6Q, STM32U595ZJY6QTR, STM32U599BJY6QTR, STM32U599NIH6Q, STM32U599NJH6Q, STM32U599VIT6Q, STM32U599VJT6, STM32U599VJT6Q, STM32U599ZIT6Q, STM32U599ZIY6QTR, STM32U599ZJT6Q, STM32U599ZJY6QTR, STM32U5A5AJH6, STM32U5A5AJH6Q, STM32U5A5QII3Q , STM32U5A5QJI6, STM32U5A5QJI6Q, STM32U5A5RJT6, STM32U5A5RJT6Q, STM32U5A5VJT6, STM32U5A5VJT6Q, STM32U5A5ZJT6, STM32U5A5ZJT6Q, STM32U5A5ZJY6QTR, STM32U5A9BJY6QTR, STM32U5A9J-DK, STM32U5A9NJH6Q, STM32U5A9VJT6Q, STM32U5A9ZJT6Q, STM32U5A9ZJY6QTR, STM32U5F7VIT6, STM32U5F7VIT6Q, STM32U5F7VJT6, STM32U5F7VJT6Q, STM32U5F9BJY6QTR, STM32U5F9NJH6Q, STM32U5F9VIT6Q, STM32U5F9VJT6Q, STM32U5F9ZIJ6QTR, STM32U5F9ZIT6Q, STM32U5F9ZJJ6QTR, STM32U5F9ZJT6Q, STM32U5G7VJT6, STM32U5G7VJT6Q, STM32U5G9BJY6QTR, STM32U5G9J-DK1, STM32U5G9J-DK2, STM32U5G9NJH6Q, STM32U5G9VJT6Q, STM32U5G9ZJJ6QTR, STM32U5G9ZJT6Q, STM32WB05KZV6TR, STM32WB05KZV7TR, STM32WB05TZF6TR, STM32WB05TZF7TR, STM32WB06CCF6TR, STM32WB06CCF7TR, STM32WB06CCV6TR, STM32WB06CCV7TR, STM32WB06KCV6TR, STM32WB06KCV7TR, STM32WB07CCF6TR, STM32WB07CCF7TR, STM32WB07CCV6TR, STM32WB07CCV7TR, STM32WB07KCV6TR, STM32WB07KCV7TR, STM32WB09KEV6TR, STM32WB09KEV7TR, STM32WB09TEF6TR, STM32WB09TEF7TR, STM32WB1MMCH6, STM32WBA50KGU6, STM32WBA50KGU6TR, STM32WBA52CEU6, STM32WBA52CEU6TR, STM32WBA52CEU7, STM32WBA52CEU7TR, STM32WBA52CGU6, STM32WBA52CGU6TR, STM32WBA52CGU6U, STM32WBA52CGU7, STM32WBA52CGU7TR, STM32WBA52KEU6, STM32WBA52KEU6TR, STM32WBA52KGU6, STM32WBA52KGU6TR, STM32WBA54CEU6, STM32WBA54CEU6TR, STM32WBA54CEU7, STM32WBA54CEU7TR, STM32WBA54CGU6, STM32WBA54CGU6TR, STM32WBA54CGU7, STM32WBA54CGU7TR, STM32WBA54KEU6, STM32WBA54KEU6TR, STM32WBA54KEU7, STM32WBA54KEU7TR, STM32WBA54KGU6, STM32WBA54KGU6TR, STM32WBA54KGU7, STM32WBA54KGU7TR, STM32WBA55CEU6, STM32WBA55CEU6TR, STM32WBA55CEU7, STM32WBA55CEU7TR, STM32WBA55CGU6, STM32WBA55CGU6TR, STM32WBA55CGU6U, STM32WBA55CGU7, STM32WBA55CGU7TR, STM32WBA55G-DK1, STM32WBA55HEF6, STM32WBA55HEF7, STM32WBA55HGF6, STM32WBA55HGF7, STM32WBA55UEI6, STM32WBA55UEI6TR, STM32WBA55UEI7, STM32WBA55UEI7TR, STM32WBA55UGI6, STM32WBA55UGI6TR, STM32WBA55UGI7, STM32WBA55UGI7TR, STM32WBA5MJGH6TR, STM32WBA5MJGH6U, STM32WL33C8V6, STM32WL33C8V6TR, STM32WL33C8V7, STM32WL33C8V7TR, STM32WL33CBV6, STM32WL33CBV6TR, STM32WL33CBV7, STM32WL33CBV7TR, STM32WL33CCV6, STM32WL33CCV6TR, STM32WL33CCV7, STM32WL33CCV7A, STM32WL33CCV7ATR, STM32WL33CCV7TR, STM32WL33K8V6, STM32WL33K8V6TR, STM32WL33K8V7, STM32WL33K8V7TR, STM32WL33KBV6, STM32WL33KBV6TR, STM32WL33KBV7, STM32WL33KBV7TR, STM32WL33KCV6, STM32WL33KCV6TR, STM32WL33KCV7, STM32WL33KCV7TR, STM32WL5MOCH6, STM32WL5MOCH6TR]
2026-02-08 19:50:06,215 [INFO] DbMcus:218 - Found 4817 MCUs, 4817 are supported
2026-02-08 19:50:06,216 [INFO] ApiDb:423 - Load user favorites file C:\Users\Lenovo/.stm32cubeide/favorites.mcus.txt: 0 item(s)
2026-02-08 19:50:06,216 [INFO] ApiDb:427 - User favorites MCUs=[]
2026-02-08 19:50:06,216 [INFO] DbMcus:224 - Set 0 / 0 favorites MCUs
2026-02-08 19:50:06,343 [ERROR] LogOutputStream:75 - [STDERR_REDIRECT] [Fatal Error] :1:1: Premature end of file.
2026-02-08 19:50:06,343 [ERROR] LogOutputStream:75 - [STDERR_REDIRECT] 
2026-02-08 19:50:06,721 [INFO] BoardInfo:889 - No configuration file found for board NUCLEO-WBA65RI
2026-02-08 19:50:06,722 [INFO] DbBoards:161 - Board is not supported: NUCLEO-WBA65RI
2026-02-08 19:50:06,734 [INFO] BoardInfo:889 - No configuration file found for board P-NUCLEO-WB55
2026-02-08 19:50:06,736 [INFO] DbBoards:161 - Kit is not supported: P-NUCLEO-WB55
2026-02-08 19:50:06,742 [INFO] BoardInfo:889 - No configuration file found for board STEVAL-BFA001V1B
2026-02-08 19:50:06,743 [INFO] DbBoards:161 - Kit is not supported: STEVAL-BFA001V1B
2026-02-08 19:50:06,743 [INFO] BoardInfo:889 - No configuration file found for board STEVAL-BFA001V2B
2026-02-08 19:50:06,744 [INFO] DbBoards:161 - Kit is not supported: STEVAL-BFA001V2B
2026-02-08 19:50:06,930 [INFO] BoardInfo:889 - No configuration file found for board STM32WBA65I-DK1
2026-02-08 19:50:06,931 [INFO] DbBoards:161 - Board is not supported: STM32WBA65I-DK1
2026-02-08 19:50:06,931 [INFO] DbBoards:168 - Found 211 boards, 206 are supported
2026-02-08 19:50:06,931 [INFO] DbBoards:169 - Found 211 boards, 42 of them is supported for  Bsp
2026-02-08 19:50:06,933 [INFO] ApiDb:423 - Load user favorites file C:\Users\Lenovo/.stm32cubeide/favorites.boards.txt: 0 item(s)
2026-02-08 19:50:06,933 [INFO] ApiDb:427 - User favorites Boards=[]
2026-02-08 19:50:06,933 [INFO] DbBoards:198 - Set 0 / 0 favorites Boards
2026-02-08 19:50:06,933 [INFO] McuFinderGlobals:76 - Set McuFinderConnectedMode to true
2026-02-08 19:50:06,958 [INFO] MultiScanPanel:200 - Auto-refresh data requested => check proxy status ongoing
2026-02-08 19:50:06,960 [INFO] FinderPluginLoader:95 - Searching for filters in installed packs
2026-02-08 19:50:07,341 [ERROR] LogOutputStream:75 - [STDERR_REDIRECT] [Fatal Error] :1:1: Premature end of file.
2026-02-08 19:50:07,341 [ERROR] LogOutputStream:75 - [STDERR_REDIRECT] 
2026-02-08 19:50:08,297 [INFO] LoadUrlFilesThread:185 - End of LoadServerUrlFiles without Thread
2026-02-08 19:50:08,342 [ERROR] LogOutputStream:75 - [STDERR_REDIRECT] [Fatal Error] :1:1: Premature end of file.
2026-02-08 19:50:08,343 [ERROR] LogOutputStream:75 - [STDERR_REDIRECT] 
2026-02-08 19:50:08,363 [INFO] DetailPanel:341 - Set advertising image to C:/Users/Lenovo/STM32Cube/Repository/\en.prom-stm32mp21-0126.png
2026-02-08 19:50:09,344 [ERROR] LogOutputStream:75 - [STDERR_REDIRECT] [Fatal Error] :1:1: Premature end of file.
2026-02-08 19:50:09,344 [ERROR] LogOutputStream:75 - [STDERR_REDIRECT] 
2026-02-08 19:50:10,345 [ERROR] LogOutputStream:75 - [STDERR_REDIRECT] [Fatal Error] :1:1: Premature end of file.
2026-02-08 19:50:10,347 [ERROR] LogOutputStream:75 - [STDERR_REDIRECT] 
2026-02-08 19:50:11,349 [ERROR] LogOutputStream:75 - [STDERR_REDIRECT] [Fatal Error] :1:1: Premature end of file.
2026-02-08 19:50:11,350 [ERROR] LogOutputStream:75 - [STDERR_REDIRECT] 
2026-02-08 19:50:11,731 [INFO] McuFinderGlobals:76 - Set McuFinderConnectedMode to true
2026-02-08 19:50:12,344 [ERROR] LogOutputStream:75 - [STDERR_REDIRECT] [Fatal Error] :1:1: Premature end of file.
2026-02-08 19:50:12,344 [ERROR] LogOutputStream:75 - [STDERR_REDIRECT] 
2026-02-08 19:50:12,736 [INFO] ApiDb:448 - Save user favorites file C:\Users\Lenovo/.stm32cubeide/favorites.mcus.txt: 0 item(s)
2026-02-08 19:50:12,736 [INFO] ApiDb:452 - User favorites MCUs=[]
2026-02-08 19:50:13,342 [ERROR] LogOutputStream:75 - [STDERR_REDIRECT] [Fatal Error] :1:1: Premature end of file.
2026-02-08 19:50:13,343 [ERROR] LogOutputStream:75 - [STDERR_REDIRECT] 
2026-02-08 19:50:14,341 [ERROR] LogOutputStream:75 - [STDERR_REDIRECT] [Fatal Error] :1:1: Premature end of file.
2026-02-08 19:50:14,342 [ERROR] LogOutputStream:75 - [STDERR_REDIRECT] 
2026-02-08 19:50:15,339 [ERROR] LogOutputStream:75 - [STDERR_REDIRECT] [Fatal Error] :1:1: Premature end of file.
2026-02-08 19:50:15,339 [ERROR] LogOutputStream:75 - [STDERR_REDIRECT] 
2026-02-08 19:50:16,348 [ERROR] LogOutputStream:75 - [STDERR_REDIRECT] [Fatal Error] :1:1: Premature end of file.
2026-02-08 19:50:16,349 [ERROR] LogOutputStream:75 - [STDERR_REDIRECT] 
2026-02-08 19:50:17,341 [ERROR] LogOutputStream:75 - [STDERR_REDIRECT] [Fatal Error] :1:1: Premature end of file.
2026-02-08 19:50:17,341 [ERROR] LogOutputStream:75 - [STDERR_REDIRECT] 
2026-02-08 19:50:18,338 [ERROR] LogOutputStream:75 - [STDERR_REDIRECT] [Fatal Error] :1:1: Premature end of file.
2026-02-08 19:50:18,338 [ERROR] LogOutputStream:75 - [STDERR_REDIRECT] 
2026-02-08 19:50:19,349 [ERROR] LogOutputStream:75 - [STDERR_REDIRECT] [Fatal Error] :1:1: Premature end of file.
2026-02-08 19:50:19,350 [ERROR] LogOutputStream:75 - [STDERR_REDIRECT] 
2026-02-08 19:50:20,341 [ERROR] LogOutputStream:75 - [STDERR_REDIRECT] [Fatal Error] :1:1: Premature end of file.
2026-02-08 19:50:20,341 [ERROR] LogOutputStream:75 - [STDERR_REDIRECT] 
2026-02-08 19:50:21,344 [ERROR] LogOutputStream:75 - [STDERR_REDIRECT] [Fatal Error] :1:1: Premature end of file.
2026-02-08 19:50:21,346 [ERROR] LogOutputStream:75 - [STDERR_REDIRECT] 
2026-02-08 19:50:22,354 [ERROR] LogOutputStream:75 - [STDERR_REDIRECT] [Fatal Error] :1:1: Premature end of file.
2026-02-08 19:50:22,354 [ERROR] LogOutputStream:75 - [STDERR_REDIRECT] 
2026-02-08 19:50:23,348 [ERROR] LogOutputStream:75 - [STDERR_REDIRECT] [Fatal Error] :1:1: Premature end of file.
2026-02-08 19:50:23,348 [ERROR] LogOutputStream:75 - [STDERR_REDIRECT] 
2026-02-08 19:50:24,350 [ERROR] LogOutputStream:75 - [STDERR_REDIRECT] [Fatal Error] :1:1: Premature end of file.
2026-02-08 19:50:24,351 [ERROR] LogOutputStream:75 - [STDERR_REDIRECT] 
2026-02-08 19:50:25,349 [ERROR] LogOutputStream:75 - [STDERR_REDIRECT] [Fatal Error] :1:1: Premature end of file.
2026-02-08 19:50:25,350 [ERROR] LogOutputStream:75 - [STDERR_REDIRECT] 
2026-02-08 19:50:26,347 [ERROR] LogOutputStream:75 - [STDERR_REDIRECT] [Fatal Error] :1:1: Premature end of file.
2026-02-08 19:50:26,348 [ERROR] LogOutputStream:75 - [STDERR_REDIRECT] 
2026-02-08 19:50:27,339 [ERROR] LogOutputStream:75 - [STDERR_REDIRECT] [Fatal Error] :1:1: Premature end of file.
2026-02-08 19:50:27,339 [ERROR] LogOutputStream:75 - [STDERR_REDIRECT] 
2026-02-08 19:50:28,358 [ERROR] LogOutputStream:75 - [STDERR_REDIRECT] [Fatal Error] :1:1: Premature end of file.
2026-02-08 19:50:28,359 [ERROR] LogOutputStream:75 - [STDERR_REDIRECT] 
2026-02-08 19:50:29,345 [ERROR] LogOutputStream:75 - [STDERR_REDIRECT] [Fatal Error] :1:1: Premature end of file.
2026-02-08 19:50:29,345 [ERROR] LogOutputStream:75 - [STDERR_REDIRECT] 
2026-02-08 19:50:30,338 [ERROR] LogOutputStream:75 - [STDERR_REDIRECT] [Fatal Error] :1:1: Premature end of file.
2026-02-08 19:50:30,339 [ERROR] LogOutputStream:75 - [STDERR_REDIRECT] 
2026-02-08 19:50:31,352 [ERROR] LogOutputStream:75 - [STDERR_REDIRECT] [Fatal Error] :1:1: Premature end of file.
2026-02-08 19:50:31,352 [ERROR] LogOutputStream:75 - [STDERR_REDIRECT] 
2026-02-08 19:50:32,346 [ERROR] LogOutputStream:75 - [STDERR_REDIRECT] [Fatal Error] :1:1: Premature end of file.
2026-02-08 19:50:32,347 [ERROR] LogOutputStream:75 - [STDERR_REDIRECT] 
2026-02-08 19:50:33,356 [ERROR] LogOutputStream:75 - [STDERR_REDIRECT] [Fatal Error] :1:1: Premature end of file.
2026-02-08 19:50:33,356 [ERROR] LogOutputStream:75 - [STDERR_REDIRECT] 
2026-02-08 19:50:34,344 [ERROR] LogOutputStream:75 - [STDERR_REDIRECT] [Fatal Error] :1:1: Premature end of file.
2026-02-08 19:50:34,344 [ERROR] LogOutputStream:75 - [STDERR_REDIRECT] 
2026-02-08 19:50:35,349 [ERROR] LogOutputStream:75 - [STDERR_REDIRECT] [Fatal Error] :1:1: Premature end of file.
2026-02-08 19:50:35,349 [ERROR] LogOutputStream:75 - [STDERR_REDIRECT] 
2026-02-08 19:50:36,353 [ERROR] LogOutputStream:75 - [STDERR_REDIRECT] [Fatal Error] :1:1: Premature end of file.
2026-02-08 19:50:36,353 [ERROR] LogOutputStream:75 - [STDERR_REDIRECT] 
2026-02-08 19:50:37,343 [ERROR] LogOutputStream:75 - [STDERR_REDIRECT] [Fatal Error] :1:1: Premature end of file.
2026-02-08 19:50:37,343 [ERROR] LogOutputStream:75 - [STDERR_REDIRECT] 
2026-02-08 19:50:38,353 [ERROR] LogOutputStream:75 - [STDERR_REDIRECT] [Fatal Error] :1:1: Premature end of file.
2026-02-08 19:50:38,353 [ERROR] LogOutputStream:75 - [STDERR_REDIRECT] 
2026-02-08 19:50:39,358 [ERROR] LogOutputStream:75 - [STDERR_REDIRECT] [Fatal Error] :1:1: Premature end of file.
2026-02-08 19:50:39,358 [ERROR] LogOutputStream:75 - [STDERR_REDIRECT] 
2026-02-08 19:50:40,366 [ERROR] LogOutputStream:75 - [STDERR_REDIRECT] [Fatal Error] :1:1: Premature end of file.
2026-02-08 19:50:40,366 [ERROR] LogOutputStream:75 - [STDERR_REDIRECT] 
2026-02-08 19:50:41,370 [ERROR] LogOutputStream:75 - [STDERR_REDIRECT] [Fatal Error] :1:1: Premature end of file.
2026-02-08 19:50:41,370 [ERROR] LogOutputStream:75 - [STDERR_REDIRECT] 
2026-02-08 19:50:42,367 [ERROR] LogOutputStream:75 - [STDERR_REDIRECT] [Fatal Error] :1:1: Premature end of file.
2026-02-08 19:50:42,367 [ERROR] LogOutputStream:75 - [STDERR_REDIRECT] 
2026-02-08 19:50:43,355 [ERROR] LogOutputStream:75 - [STDERR_REDIRECT] [Fatal Error] :1:1: Premature end of file.
2026-02-08 19:50:43,355 [ERROR] LogOutputStream:75 - [STDERR_REDIRECT] 
2026-02-08 19:50:44,347 [ERROR] LogOutputStream:75 - [STDERR_REDIRECT] [Fatal Error] :1:1: Premature end of file.
2026-02-08 19:50:44,347 [ERROR] LogOutputStream:75 - [STDERR_REDIRECT] 
2026-02-08 19:50:45,363 [ERROR] LogOutputStream:75 - [STDERR_REDIRECT] [Fatal Error] :1:1: Premature end of file.
2026-02-08 19:50:45,363 [ERROR] LogOutputStream:75 - [STDERR_REDIRECT] 
2026-02-08 19:50:46,366 [ERROR] LogOutputStream:75 - [STDERR_REDIRECT] [Fatal Error] :1:1: Premature end of file.
2026-02-08 19:50:46,367 [ERROR] LogOutputStream:75 - [STDERR_REDIRECT] 
2026-02-08 19:50:47,347 [ERROR] LogOutputStream:75 - [STDERR_REDIRECT] [Fatal Error] :1:1: Premature end of file.
2026-02-08 19:50:47,347 [ERROR] LogOutputStream:75 - [STDERR_REDIRECT] 
2026-02-08 19:50:48,353 [ERROR] LogOutputStream:75 - [STDERR_REDIRECT] [Fatal Error] :1:1: Premature end of file.
2026-02-08 19:50:48,354 [ERROR] LogOutputStream:75 - [STDERR_REDIRECT] 
2026-02-08 19:50:49,359 [ERROR] LogOutputStream:75 - [STDERR_REDIRECT] [Fatal Error] :1:1: Premature end of file.
2026-02-08 19:50:49,359 [ERROR] LogOutputStream:75 - [STDERR_REDIRECT] 
2026-02-08 19:50:50,368 [ERROR] LogOutputStream:75 - [STDERR_REDIRECT] [Fatal Error] :1:1: Premature end of file.
2026-02-08 19:50:50,369 [ERROR] LogOutputStream:75 - [STDERR_REDIRECT] 
2026-02-08 19:50:51,365 [ERROR] LogOutputStream:75 - [STDERR_REDIRECT] [Fatal Error] :1:1: Premature end of file.
2026-02-08 19:50:51,365 [ERROR] LogOutputStream:75 - [STDERR_REDIRECT] 
2026-02-08 19:50:52,343 [ERROR] LogOutputStream:75 - [STDERR_REDIRECT] [Fatal Error] :1:1: Premature end of file.
2026-02-08 19:50:52,343 [ERROR] LogOutputStream:75 - [STDERR_REDIRECT] 
2026-02-08 19:50:53,352 [ERROR] LogOutputStream:75 - [STDERR_REDIRECT] [Fatal Error] :1:1: Premature end of file.
2026-02-08 19:50:53,352 [ERROR] LogOutputStream:75 - [STDERR_REDIRECT] 
2026-02-08 19:50:54,340 [ERROR] LogOutputStream:75 - [STDERR_REDIRECT] [Fatal Error] :1:1: Premature end of file.
2026-02-08 19:50:54,340 [ERROR] LogOutputStream:75 - [STDERR_REDIRECT] 
2026-02-08 19:50:55,369 [ERROR] LogOutputStream:75 - [STDERR_REDIRECT] [Fatal Error] :1:1: Premature end of file.
2026-02-08 19:50:55,370 [ERROR] LogOutputStream:75 - [STDERR_REDIRECT] 
2026-02-08 19:50:56,353 [ERROR] LogOutputStream:75 - [STDERR_REDIRECT] [Fatal Error] :1:1: Premature end of file.
2026-02-08 19:50:56,353 [ERROR] LogOutputStream:75 - [STDERR_REDIRECT] 
2026-02-08 19:50:57,352 [ERROR] LogOutputStream:75 - [STDERR_REDIRECT] [Fatal Error] :1:1: Premature end of file.
2026-02-08 19:50:57,352 [ERROR] LogOutputStream:75 - [STDERR_REDIRECT] 
2026-02-08 19:50:58,349 [ERROR] LogOutputStream:75 - [STDERR_REDIRECT] [Fatal Error] :1:1: Premature end of file.
2026-02-08 19:50:58,349 [ERROR] LogOutputStream:75 - [STDERR_REDIRECT] 
2026-02-08 19:50:59,364 [ERROR] LogOutputStream:75 - [STDERR_REDIRECT] [Fatal Error] :1:1: Premature end of file.
2026-02-08 19:50:59,365 [ERROR] LogOutputStream:75 - [STDERR_REDIRECT] 
2026-02-08 19:51:00,341 [ERROR] LogOutputStream:75 - [STDERR_REDIRECT] [Fatal Error] :1:1: Premature end of file.
2026-02-08 19:51:00,342 [ERROR] LogOutputStream:75 - [STDERR_REDIRECT] 
2026-02-08 19:51:01,344 [ERROR] LogOutputStream:75 - [STDERR_REDIRECT] [Fatal Error] :1:1: Premature end of file.
2026-02-08 19:51:01,344 [ERROR] LogOutputStream:75 - [STDERR_REDIRECT] 
2026-02-08 19:51:02,352 [ERROR] LogOutputStream:75 - [STDERR_REDIRECT] [Fatal Error] :1:1: Premature end of file.
2026-02-08 19:51:02,352 [ERROR] LogOutputStream:75 - [STDERR_REDIRECT] 
2026-02-08 19:51:03,353 [ERROR] LogOutputStream:75 - [STDERR_REDIRECT] [Fatal Error] :1:1: Premature end of file.
2026-02-08 19:51:03,353 [ERROR] LogOutputStream:75 - [STDERR_REDIRECT] 
2026-02-08 19:51:04,347 [ERROR] LogOutputStream:75 - [STDERR_REDIRECT] [Fatal Error] :1:1: Premature end of file.
2026-02-08 19:51:04,347 [ERROR] LogOutputStream:75 - [STDERR_REDIRECT] 
2026-02-08 19:51:05,342 [ERROR] LogOutputStream:75 - [STDERR_REDIRECT] [Fatal Error] :1:1: Premature end of file.
2026-02-08 19:51:05,342 [ERROR] LogOutputStream:75 - [STDERR_REDIRECT] 
2026-02-08 19:51:06,358 [ERROR] LogOutputStream:75 - [STDERR_REDIRECT] [Fatal Error] :1:1: Premature end of file.
2026-02-08 19:51:06,358 [ERROR] LogOutputStream:75 - [STDERR_REDIRECT] 
2026-02-08 19:51:07,341 [ERROR] LogOutputStream:75 - [STDERR_REDIRECT] [Fatal Error] :1:1: Premature end of file.
2026-02-08 19:51:07,341 [ERROR] LogOutputStream:75 - [STDERR_REDIRECT] 
2026-02-08 19:51:08,346 [ERROR] LogOutputStream:75 - [STDERR_REDIRECT] [Fatal Error] :1:1: Premature end of file.
2026-02-08 19:51:08,348 [ERROR] LogOutputStream:75 - [STDERR_REDIRECT] 
2026-02-08 19:51:09,358 [ERROR] LogOutputStream:75 - [STDERR_REDIRECT] [Fatal Error] :1:1: Premature end of file.
2026-02-08 19:51:09,358 [ERROR] LogOutputStream:75 - [STDERR_REDIRECT] 
2026-02-08 19:51:10,363 [ERROR] LogOutputStream:75 - [STDERR_REDIRECT] [Fatal Error] :1:1: Premature end of file.
2026-02-08 19:51:10,364 [ERROR] LogOutputStream:75 - [STDERR_REDIRECT] 
2026-02-08 19:51:11,366 [ERROR] LogOutputStream:75 - [STDERR_REDIRECT] [Fatal Error] :1:1: Premature end of file.
2026-02-08 19:51:11,366 [ERROR] LogOutputStream:75 - [STDERR_REDIRECT] 
2026-02-08 19:51:12,366 [ERROR] LogOutputStream:75 - [STDERR_REDIRECT] [Fatal Error] :1:1: Premature end of file.
2026-02-08 19:51:12,366 [ERROR] LogOutputStream:75 - [STDERR_REDIRECT] 
2026-02-08 19:51:13,349 [ERROR] LogOutputStream:75 - [STDERR_REDIRECT] [Fatal Error] :1:1: Premature end of file.
2026-02-08 19:51:13,349 [ERROR] LogOutputStream:75 - [STDERR_REDIRECT] 
2026-02-08 19:51:14,348 [ERROR] LogOutputStream:75 - [STDERR_REDIRECT] [Fatal Error] :1:1: Premature end of file.
2026-02-08 19:51:14,348 [ERROR] LogOutputStream:75 - [STDERR_REDIRECT] 
2026-02-08 19:51:15,353 [ERROR] LogOutputStream:75 - [STDERR_REDIRECT] [Fatal Error] :1:1: Premature end of file.
2026-02-08 19:51:15,353 [ERROR] LogOutputStream:75 - [STDERR_REDIRECT] 
2026-02-08 19:51:16,341 [ERROR] LogOutputStream:75 - [STDERR_REDIRECT] [Fatal Error] :1:1: Premature end of file.
2026-02-08 19:51:16,341 [ERROR] LogOutputStream:75 - [STDERR_REDIRECT] 
2026-02-08 19:51:17,351 [ERROR] LogOutputStream:75 - [STDERR_REDIRECT] [Fatal Error] :1:1: Premature end of file.
2026-02-08 19:51:17,351 [ERROR] LogOutputStream:75 - [STDERR_REDIRECT] 
2026-02-08 19:51:18,349 [ERROR] LogOutputStream:75 - [STDERR_REDIRECT] [Fatal Error] :1:1: Premature end of file.
2026-02-08 19:51:18,349 [ERROR] LogOutputStream:75 - [STDERR_REDIRECT] 
2026-02-08 19:51:19,362 [ERROR] LogOutputStream:75 - [STDERR_REDIRECT] [Fatal Error] :1:1: Premature end of file.
2026-02-08 19:51:19,362 [ERROR] LogOutputStream:75 - [STDERR_REDIRECT] 
2026-02-08 19:51:20,357 [ERROR] LogOutputStream:75 - [STDERR_REDIRECT] [Fatal Error] :1:1: Premature end of file.
2026-02-08 19:51:20,357 [ERROR] LogOutputStream:75 - [STDERR_REDIRECT] 
2026-02-08 19:51:21,347 [ERROR] LogOutputStream:75 - [STDERR_REDIRECT] [Fatal Error] :1:1: Premature end of file.
2026-02-08 19:51:21,348 [ERROR] LogOutputStream:75 - [STDERR_REDIRECT] 
2026-02-08 19:51:22,346 [ERROR] LogOutputStream:75 - [STDERR_REDIRECT] [Fatal Error] :1:1: Premature end of file.
2026-02-08 19:51:22,346 [ERROR] LogOutputStream:75 - [STDERR_REDIRECT] 
2026-02-08 19:51:23,353 [ERROR] LogOutputStream:75 - [STDERR_REDIRECT] [Fatal Error] :1:1: Premature end of file.
2026-02-08 19:51:23,354 [ERROR] LogOutputStream:75 - [STDERR_REDIRECT] 
2026-02-08 19:51:24,347 [ERROR] LogOutputStream:75 - [STDERR_REDIRECT] [Fatal Error] :1:1: Premature end of file.
2026-02-08 19:51:24,347 [ERROR] LogOutputStream:75 - [STDERR_REDIRECT] 
2026-02-08 19:51:25,348 [ERROR] LogOutputStream:75 - [STDERR_REDIRECT] [Fatal Error] :1:1: Premature end of file.
2026-02-08 19:51:25,349 [ERROR] LogOutputStream:75 - [STDERR_REDIRECT] 
2026-02-08 19:51:26,347 [ERROR] LogOutputStream:75 - [STDERR_REDIRECT] [Fatal Error] :1:1: Premature end of file.
2026-02-08 19:51:26,347 [ERROR] LogOutputStream:75 - [STDERR_REDIRECT] 
2026-02-08 19:51:27,350 [ERROR] LogOutputStream:75 - [STDERR_REDIRECT] [Fatal Error] :1:1: Premature end of file.
2026-02-08 19:51:27,350 [ERROR] LogOutputStream:75 - [STDERR_REDIRECT] 
2026-02-08 19:51:28,345 [ERROR] LogOutputStream:75 - [STDERR_REDIRECT] [Fatal Error] :1:1: Premature end of file.
2026-02-08 19:51:28,345 [ERROR] LogOutputStream:75 - [STDERR_REDIRECT] 
2026-02-08 19:51:29,362 [ERROR] LogOutputStream:75 - [STDERR_REDIRECT] [Fatal Error] :1:1: Premature end of file.
2026-02-08 19:51:29,362 [ERROR] LogOutputStream:75 - [STDERR_REDIRECT] 
2026-02-08 19:51:30,347 [ERROR] LogOutputStream:75 - [STDERR_REDIRECT] [Fatal Error] :1:1: Premature end of file.
2026-02-08 19:51:30,347 [ERROR] LogOutputStream:75 - [STDERR_REDIRECT] 
2026-02-08 19:51:31,368 [ERROR] LogOutputStream:75 - [STDERR_REDIRECT] [Fatal Error] :1:1: Premature end of file.
2026-02-08 19:51:31,369 [ERROR] LogOutputStream:75 - [STDERR_REDIRECT] 
2026-02-08 19:51:32,370 [ERROR] LogOutputStream:75 - [STDERR_REDIRECT] [Fatal Error] :1:1: Premature end of file.
2026-02-08 19:51:32,370 [ERROR] LogOutputStream:75 - [STDERR_REDIRECT] 
2026-02-08 19:51:33,362 [ERROR] LogOutputStream:75 - [STDERR_REDIRECT] [Fatal Error] :1:1: Premature end of file.
2026-02-08 19:51:33,362 [ERROR] LogOutputStream:75 - [STDERR_REDIRECT] 
2026-02-08 19:51:34,345 [ERROR] LogOutputStream:75 - [STDERR_REDIRECT] [Fatal Error] :1:1: Premature end of file.
2026-02-08 19:51:34,345 [ERROR] LogOutputStream:75 - [STDERR_REDIRECT] 
2026-02-08 19:51:35,343 [ERROR] LogOutputStream:75 - [STDERR_REDIRECT] [Fatal Error] :1:1: Premature end of file.
2026-02-08 19:51:35,343 [ERROR] LogOutputStream:75 - [STDERR_REDIRECT] 
2026-02-08 19:51:36,343 [ERROR] LogOutputStream:75 - [STDERR_REDIRECT] [Fatal Error] :1:1: Premature end of file.
2026-02-08 19:51:36,343 [ERROR] LogOutputStream:75 - [STDERR_REDIRECT] 
2026-02-08 19:51:37,350 [ERROR] LogOutputStream:75 - [STDERR_REDIRECT] [Fatal Error] :1:1: Premature end of file.
2026-02-08 19:51:37,350 [ERROR] LogOutputStream:75 - [STDERR_REDIRECT] 
2026-02-08 19:51:38,369 [ERROR] LogOutputStream:75 - [STDERR_REDIRECT] [Fatal Error] :1:1: Premature end of file.
2026-02-08 19:51:38,369 [ERROR] LogOutputStream:75 - [STDERR_REDIRECT] 
2026-02-08 19:51:39,364 [ERROR] LogOutputStream:75 - [STDERR_REDIRECT] [Fatal Error] :1:1: Premature end of file.
2026-02-08 19:51:39,364 [ERROR] LogOutputStream:75 - [STDERR_REDIRECT] 
2026-02-08 19:51:40,370 [ERROR] LogOutputStream:75 - [STDERR_REDIRECT] [Fatal Error] :1:1: Premature end of file.
2026-02-08 19:51:40,372 [ERROR] LogOutputStream:75 - [STDERR_REDIRECT] 
2026-02-08 19:51:40,748 [ERROR] LogOutputStream:75 - [STDERR_REDIRECT] 
2026-02-08 19:52:44,862 [INFO] Activator:176 - 


2026-02-08 19:52:44,862 [INFO] Activator:177 - !SESSION log4j initialized
2026-02-08 19:52:47,163 [INFO] LogOutputStream:77 - [STDOUT_REDIRECT] 
2026-02-08 19:52:51,148 [INFO] ApplicationProperties:184 - Using Application install path: C:\ST\STM32CubeIDE_1.17.0\STM32CubeIDE\plugins\com.st.stm32cube.common.mx_6.13.0.202411220809
2026-02-08 19:52:51,167 [INFO] DbMcusXml:78 - Set database path to: C:\ST\STM32CubeIDE_1.17.0\STM32CubeIDE\plugins\com.st.stm32cube.common.mx_6.13.0.202411220809\\db\/mcu/
2026-02-08 19:52:51,168 [INFO] ApiDb:274 - Set plugin database path to: C:\ST\STM32CubeIDE_1.17.0\STM32CubeIDE\plugins\com.st.stm32cube.common.mx_6.13.0.202411220809\\db\/plugins/boardmanager/
2026-02-08 19:52:51,168 [WARN] ApiDb:259 - Overriding images path with different value:  => C:\ST\STM32CubeIDE_1.17.0\STM32CubeIDE\plugins\com.st.stm32cube.common.mx_6.13.0.202411220809\\db\/plugins/mcufinder/images/
2026-02-08 19:52:51,172 [INFO] ApiDb:250 - Set database path to: C:\Users\Lenovo\.stmcufinder\plugins\mcufinder//mcu/
2026-02-08 19:52:51,173 [INFO] DbMcusAds:125 - Set database path to: C:\Users\Lenovo\.stmcufinder\plugins\mcufinder//mcu/
2026-02-08 19:52:51,175 [INFO] CrossReferenceDbSqlite:203 - Set database path to: C:\Users\Lenovo\.stmcufinder\plugins\mcufinder//mcu/cs/
2026-02-08 19:52:51,273 [INFO] RulesReader:64 - Compatibility file has been processed (297 Rules)
2026-02-08 19:52:51,341 [INFO] DbMcusXml:78 - Set database path to: C:\ST\STM32CubeIDE_1.17.0\STM32CubeIDE\plugins\com.st.stm32cube.common.mx_6.13.0.202411220809\\db\/mcu/
2026-02-08 19:52:51,342 [INFO] ApiDb:274 - Set plugin database path to: C:\ST\STM32CubeIDE_1.17.0\STM32CubeIDE\plugins\com.st.stm32cube.common.mx_6.13.0.202411220809\\db\/plugins/boardmanager/
2026-02-08 19:52:51,342 [INFO] ApiDb:261 - Set plugin images path to: C:\ST\STM32CubeIDE_1.17.0\STM32CubeIDE\plugins\com.st.stm32cube.common.mx_6.13.0.202411220809\\db\/plugins/mcufinder/images/
2026-02-08 19:52:51,342 [WARN] DbFile:41 - Overriding database path with different value: C:\Users\Lenovo\.stmcufinder\plugins\mcufinder/ => C:\Users\Lenovo\.stmcufinder\plugins\mcufinder
2026-02-08 19:52:51,342 [INFO] ApiDb:250 - Set database path to: C:\Users\Lenovo\.stmcufinder\plugins\mcufinder//mcu/
2026-02-08 19:52:51,342 [WARN] DbFile:41 - Overriding database path with different value: C:\Users\Lenovo\.stmcufinder\plugins\mcufinder/ => C:\Users\Lenovo\.stmcufinder\plugins\mcufinder
2026-02-08 19:52:51,342 [INFO] DbMcusAds:125 - Set database path to: C:\Users\Lenovo\.stmcufinder\plugins\mcufinder//mcu/
2026-02-08 19:52:51,343 [WARN] DbFile:41 - Overriding database path with different value: C:\Users\Lenovo\.stmcufinder\plugins\mcufinder/ => C:\Users\Lenovo\.stmcufinder\plugins\mcufinder
2026-02-08 19:52:51,343 [WARN] DbFile:41 - Overriding database path with different value: C:\Users\Lenovo\.stmcufinder\plugins\mcufinder/ => C:\Users\Lenovo\.stmcufinder\plugins\mcufinder
2026-02-08 19:52:51,343 [INFO] CrossReferenceDbSqlite:203 - Set database path to: C:\Users\Lenovo\.stmcufinder\plugins\mcufinder//mcu/cs/
2026-02-08 19:52:51,399 [INFO] MainPanel:272 - HeapMemory: 268435456
2026-02-08 19:52:51,466 [INFO] DbMcusXml:78 - Set database path to: C:\ST\STM32CubeIDE_1.17.0\STM32CubeIDE\plugins\com.st.stm32cube.common.mx_6.13.0.202411220809\\db\/mcu/
2026-02-08 19:52:51,467 [INFO] ApiDb:274 - Set plugin database path to: C:\ST\STM32CubeIDE_1.17.0\STM32CubeIDE\plugins\com.st.stm32cube.common.mx_6.13.0.202411220809\\db\/plugins/boardmanager/
2026-02-08 19:52:51,467 [INFO] ApiDb:261 - Set plugin images path to: C:\ST\STM32CubeIDE_1.17.0\STM32CubeIDE\plugins\com.st.stm32cube.common.mx_6.13.0.202411220809\\db\/plugins/mcufinder/images/
2026-02-08 19:52:51,467 [WARN] DbFile:41 - Overriding database path with different value: C:\Users\Lenovo\.stmcufinder\plugins\mcufinder/ => C:\Users\Lenovo\.stmcufinder\plugins\mcufinder
2026-02-08 19:52:51,467 [INFO] ApiDb:250 - Set database path to: C:\Users\Lenovo\.stmcufinder\plugins\mcufinder//mcu/
2026-02-08 19:52:51,467 [WARN] DbFile:41 - Overriding database path with different value: C:\Users\Lenovo\.stmcufinder\plugins\mcufinder/ => C:\Users\Lenovo\.stmcufinder\plugins\mcufinder
2026-02-08 19:52:51,467 [INFO] DbMcusAds:125 - Set database path to: C:\Users\Lenovo\.stmcufinder\plugins\mcufinder//mcu/
2026-02-08 19:52:51,467 [WARN] DbFile:41 - Overriding database path with different value: C:\Users\Lenovo\.stmcufinder\plugins\mcufinder/ => C:\Users\Lenovo\.stmcufinder\plugins\mcufinder
2026-02-08 19:52:51,467 [WARN] DbFile:41 - Overriding database path with different value: C:\Users\Lenovo\.stmcufinder\plugins\mcufinder/ => C:\Users\Lenovo\.stmcufinder\plugins\mcufinder
2026-02-08 19:52:51,468 [INFO] CrossReferenceDbSqlite:203 - Set database path to: C:\Users\Lenovo\.stmcufinder\plugins\mcufinder//mcu/cs/
2026-02-08 19:52:51,482 [INFO] ApplicationProperties:184 - Using Application install path: C:\ST\STM32CubeIDE_1.17.0\STM32CubeIDE\plugins\com.st.stm32cube.common.mx_6.13.0.202411220809
2026-02-08 19:52:51,484 [INFO] PluginManage:196 - Search for loadable plugins [exclusion list=, ]
2026-02-08 19:52:51,485 [INFO] PluginManage:310 - Check plugin analytics
2026-02-08 19:52:51,733 [INFO] AnalyticsPlugin:253 - Accepted Software Licenses: 
2026-02-08 19:52:51,733 [INFO] AnalyticsPlugin:255 - Accepted CMSIS Pack Licenses: 
2026-02-08 19:52:51,734 [INFO] AnalyticsPlugin:257 - Accepted Firmware Licenses: 
2026-02-08 19:52:51,737 [INFO] PluginManage:359 - Loaded plugin analytics (category:tool,tabindex:-1)
2026-02-08 19:52:51,739 [INFO] PluginManage:310 - Check plugin cadmodel
2026-02-08 19:52:51,744 [INFO] CADModel:105 - Init CAD model plugin
2026-02-08 19:52:51,744 [INFO] PluginManage:359 - Loaded plugin cadmodel (category:power,tabindex:5)
2026-02-08 19:52:51,744 [INFO] PluginManage:310 - Check plugin clock
2026-02-08 19:52:51,755 [INFO] PluginManage:359 - Loaded plugin clock (category:base,tabindex:2)
2026-02-08 19:52:51,756 [INFO] PluginManage:310 - Check plugin ddr
2026-02-08 19:52:51,759 [INFO] PluginManage:359 - Loaded plugin ddr (category:tool,tabindex:6)
2026-02-08 19:52:51,759 [INFO] PluginManage:310 - Check plugin filemanager
2026-02-08 19:52:51,900 [INFO] PluginManage:359 - Loaded plugin filemanager (category:base,tabindex:10)
2026-02-08 19:52:51,900 [INFO] PluginManage:310 - Check plugin ipmanager
2026-02-08 19:52:51,906 [INFO] PluginManage:359 - Loaded plugin ipmanager (category:base,tabindex:5)
2026-02-08 19:52:51,906 [INFO] PluginManage:310 - Check plugin lpbam
2026-02-08 19:52:51,912 [INFO] PluginManage:359 - Loaded plugin lpbam (category:base,tabindex:0)
2026-02-08 19:52:51,912 [INFO] PluginManage:310 - Check plugin memorymap
2026-02-08 19:52:51,921 [INFO] PluginManage:359 - Loaded plugin memorymap (category:base,tabindex:4)
2026-02-08 19:52:51,922 [INFO] PluginManage:310 - Check plugin pinoutandconfiguration
2026-02-08 19:52:51,927 [INFO] PluginManage:359 - Loaded plugin pinoutandconfiguration (category:base,tabindex:1)
2026-02-08 19:52:51,927 [INFO] PluginManage:310 - Check plugin pinoutconfig
2026-02-08 19:52:52,023 [WARN] SupportedApi:132 - Cannot load RTOS API schema: s4s-elt-must-match.1: The content of 'definitions' must match (annotation?, (simpleType | complexType)?, (unique | key | keyref)*)). A problem was found starting at: attribute.
2026-02-08 19:52:52,147 [INFO] PluginManage:359 - Loaded plugin pinoutconfig (category:base,tabindex:0)
2026-02-08 19:52:52,147 [INFO] PluginManage:310 - Check plugin power
2026-02-08 19:52:52,154 [INFO] PluginManage:359 - Loaded plugin power (category:power,tabindex:4)
2026-02-08 19:52:52,154 [INFO] PluginManage:310 - Check plugin projectmanager
2026-02-08 19:52:52,170 [INFO] PluginManage:359 - Loaded plugin projectmanager (category:projectmanager,tabindex:4)
2026-02-08 19:52:52,170 [INFO] PluginManage:310 - Check plugin rif
2026-02-08 19:52:52,180 [INFO] PluginManage:359 - Loaded plugin rif (category:base,tabindex:3)
2026-02-08 19:52:52,180 [INFO] PluginManage:310 - Check plugin thirdparty
2026-02-08 19:52:52,294 [WARN] IntegrityCheckThread:84 - waiting for thirdparty lock release [integrity check]
2026-02-08 19:52:52,294 [INFO] IntegrityCheckThread:86 - entering critical section [integrity check]
2026-02-08 19:52:52,294 [INFO] PluginManage:359 - Loaded plugin thirdparty (category:base,tabindex:-1)
2026-02-08 19:52:52,294 [INFO] PluginManage:310 - Check plugin tools
2026-02-08 19:52:52,295 [INFO] ThirdPartyUpdaterWithRetryManager:70 - Updater plugin not ready yet. [1/15]
2026-02-08 19:52:52,298 [INFO] PluginManage:359 - Loaded plugin tools (category:base,tabindex:7)
2026-02-08 19:52:52,299 [INFO] PluginManage:310 - Check plugin tutovideos
2026-02-08 19:52:52,432 [INFO] PluginManage:359 - Loaded plugin tutovideos (category:base,tabindex:-1)
2026-02-08 19:52:52,432 [INFO] PluginManage:310 - Check plugin updater
2026-02-08 19:52:52,452 [INFO] PluginManage:359 - Loaded plugin updater (category:base,tabindex:12)
2026-02-08 19:52:52,453 [INFO] PluginManage:310 - Check plugin userauth
2026-02-08 19:52:52,455 [INFO] UserAuth:118 - Init User Auth plugin
2026-02-08 19:52:52,455 [INFO] PluginManage:359 - Loaded plugin userauth (category:base,tabindex:14)
2026-02-08 19:52:52,456 [INFO] PluginManage:283 - PluginManage : Loaded plugins [18]
2026-02-08 19:52:52,660 [INFO] PinOutPanel:1589 - setPackage(No Configuration,No Configuration)
2026-02-08 19:52:52,724 [INFO] CADModel:165 - CPN selected for project level
2026-02-08 19:52:52,725 [INFO] CADModel:114 - Register for checkConnection events
2026-02-08 19:52:52,734 [INFO] IPUIPlugin:80 - create IPUIPlugin
2026-02-08 19:52:52,734 [INFO] PluginManager:220 - loadIPPluginJar : add adc
2026-02-08 19:52:52,736 [INFO] IPUIPlugin:80 - create IPUIPlugin
2026-02-08 19:52:52,737 [INFO] PluginManager:220 - loadIPPluginJar : add aes
2026-02-08 19:52:52,738 [INFO] IPUIPlugin:80 - create IPUIPlugin
2026-02-08 19:52:52,739 [INFO] PluginManager:220 - loadIPPluginJar : add can
2026-02-08 19:52:52,740 [INFO] IPUIPlugin:80 - create IPUIPlugin
2026-02-08 19:52:52,740 [INFO] PluginManager:220 - loadIPPluginJar : add comp
2026-02-08 19:52:52,741 [INFO] IPUIPlugin:80 - create IPUIPlugin
2026-02-08 19:52:52,741 [INFO] PluginManager:220 - loadIPPluginJar : add cryp
2026-02-08 19:52:52,743 [INFO] IPUIPlugin:80 - create IPUIPlugin
2026-02-08 19:52:52,743 [INFO] PluginManager:220 - loadIPPluginJar : add ddr_ctrl_phy
2026-02-08 19:52:52,745 [INFO] IPUIPlugin:80 - create IPUIPlugin
2026-02-08 19:52:52,745 [INFO] PluginManager:220 - loadIPPluginJar : add dfsdm
2026-02-08 19:52:52,748 [INFO] IPUIPlugin:80 - create IPUIPlugin
2026-02-08 19:52:52,749 [INFO] PluginManager:220 - loadIPPluginJar : add dma
2026-02-08 19:52:52,750 [INFO] IPUIPlugin:80 - create IPUIPlugin
2026-02-08 19:52:52,750 [INFO] PluginManager:220 - loadIPPluginJar : add dma3
2026-02-08 19:52:52,752 [INFO] IPUIPlugin:80 - create IPUIPlugin
2026-02-08 19:52:52,752 [INFO] PluginManager:220 - loadIPPluginJar : add extmemmanager
2026-02-08 19:52:52,753 [INFO] IPUIPlugin:80 - create IPUIPlugin
2026-02-08 19:52:52,753 [INFO] PluginManager:220 - loadIPPluginJar : add fatfs
2026-02-08 19:52:52,756 [INFO] IPUIPlugin:80 - create IPUIPlugin
2026-02-08 19:52:52,756 [INFO] PluginManager:220 - loadIPPluginJar : add fmc
2026-02-08 19:52:52,759 [INFO] IPUIPlugin:80 - create IPUIPlugin
2026-02-08 19:52:52,759 [INFO] PluginManager:220 - loadIPPluginJar : add freertos
2026-02-08 19:52:52,761 [INFO] IPUIPlugin:80 - create IPUIPlugin
2026-02-08 19:52:52,761 [INFO] PluginManager:220 - loadIPPluginJar : add genericplugin
2026-02-08 19:52:52,762 [INFO] IPUIPlugin:80 - create IPUIPlugin
2026-02-08 19:52:52,762 [INFO] PluginManager:220 - loadIPPluginJar : add gfxmmu
2026-02-08 19:52:52,765 [INFO] IPUIPlugin:80 - create IPUIPlugin
2026-02-08 19:52:52,765 [INFO] PluginManager:220 - loadIPPluginJar : add gic
2026-02-08 19:52:52,768 [INFO] IPUIPlugin:80 - create IPUIPlugin
2026-02-08 19:52:52,768 [INFO] PluginManager:220 - loadIPPluginJar : add gpio
2026-02-08 19:52:52,770 [INFO] IPUIPlugin:80 - create IPUIPlugin
2026-02-08 19:52:52,771 [INFO] PluginManager:220 - loadIPPluginJar : add gtzc
2026-02-08 19:52:52,772 [INFO] IPUIPlugin:80 - create IPUIPlugin
2026-02-08 19:52:52,772 [INFO] PluginManager:220 - loadIPPluginJar : add hash
2026-02-08 19:52:52,775 [INFO] IPUIPlugin:80 - create IPUIPlugin
2026-02-08 19:52:52,775 [INFO] PluginManager:220 - loadIPPluginJar : add i2c
2026-02-08 19:52:52,776 [INFO] IPUIPlugin:80 - create IPUIPlugin
2026-02-08 19:52:52,776 [INFO] PluginManager:220 - loadIPPluginJar : add i2s
2026-02-08 19:52:52,779 [INFO] IPUIPlugin:80 - create IPUIPlugin
2026-02-08 19:52:52,779 [INFO] PluginManager:220 - loadIPPluginJar : add i3c
2026-02-08 19:52:52,781 [INFO] IPUIPlugin:80 - create IPUIPlugin
2026-02-08 19:52:52,781 [INFO] PluginManager:220 - loadIPPluginJar : add ipddr
2026-02-08 19:52:52,786 [INFO] IPUIPlugin:80 - create IPUIPlugin
2026-02-08 19:52:52,786 [INFO] PluginManager:220 - loadIPPluginJar : add linkedlist
2026-02-08 19:52:52,789 [INFO] IPUIPlugin:80 - create IPUIPlugin
2026-02-08 19:52:52,789 [INFO] PluginManager:220 - loadIPPluginJar : add lorawan
2026-02-08 19:52:52,790 [INFO] IPUIPlugin:80 - create IPUIPlugin
2026-02-08 19:52:52,790 [INFO] PluginManager:220 - loadIPPluginJar : add ltdc
2026-02-08 19:52:52,794 [INFO] IPUIPlugin:80 - create IPUIPlugin
2026-02-08 19:52:52,794 [INFO] PluginManager:220 - loadIPPluginJar : add mdma
2026-02-08 19:52:52,797 [INFO] IPUIPlugin:80 - create IPUIPlugin
2026-02-08 19:52:52,797 [INFO] PluginManager:220 - loadIPPluginJar : add nvic
2026-02-08 19:52:52,799 [INFO] IPUIPlugin:80 - create IPUIPlugin
2026-02-08 19:52:52,799 [INFO] PluginManager:220 - loadIPPluginJar : add opamp
2026-02-08 19:52:52,801 [INFO] IPUIPlugin:80 - create IPUIPlugin
2026-02-08 19:52:52,801 [INFO] PluginManager:220 - loadIPPluginJar : add openamp
2026-02-08 19:52:52,803 [INFO] IPUIPlugin:80 - create IPUIPlugin
2026-02-08 19:52:52,803 [INFO] PluginManager:220 - loadIPPluginJar : add pdm2pcm
2026-02-08 19:52:52,806 [INFO] IPUIPlugin:80 - create IPUIPlugin
2026-02-08 19:52:52,808 [INFO] PluginManager:220 - loadIPPluginJar : add plateformsettings
2026-02-08 19:52:52,809 [INFO] IPUIPlugin:80 - create IPUIPlugin
2026-02-08 19:52:52,809 [INFO] PluginManager:220 - loadIPPluginJar : add quadspi
2026-02-08 19:52:52,810 [INFO] IPUIPlugin:80 - create IPUIPlugin
2026-02-08 19:52:52,810 [INFO] PluginManager:220 - loadIPPluginJar : add radio
2026-02-08 19:52:52,812 [INFO] IPUIPlugin:80 - create IPUIPlugin
2026-02-08 19:52:52,812 [INFO] PluginManager:220 - loadIPPluginJar : add resmgrutility
2026-02-08 19:52:52,814 [INFO] IPUIPlugin:80 - create IPUIPlugin
2026-02-08 19:52:52,814 [INFO] PluginManager:220 - loadIPPluginJar : add sai
2026-02-08 19:52:52,815 [INFO] IPUIPlugin:80 - create IPUIPlugin
2026-02-08 19:52:52,816 [INFO] PluginManager:220 - loadIPPluginJar : add spi
2026-02-08 19:52:52,818 [INFO] IPUIPlugin:80 - create IPUIPlugin
2026-02-08 19:52:52,818 [INFO] PluginManager:220 - loadIPPluginJar : add stm32_wpan
2026-02-08 19:52:52,819 [INFO] IPUIPlugin:80 - create IPUIPlugin
2026-02-08 19:52:52,819 [INFO] PluginManager:220 - loadIPPluginJar : add tim
2026-02-08 19:52:52,822 [INFO] IPUIPlugin:80 - create IPUIPlugin
2026-02-08 19:52:52,822 [INFO] PluginManager:220 - loadIPPluginJar : add touchsensing
2026-02-08 19:52:52,823 [INFO] IPUIPlugin:80 - create IPUIPlugin
2026-02-08 19:52:52,823 [INFO] PluginManager:220 - loadIPPluginJar : add tracer_emb
2026-02-08 19:52:52,825 [INFO] IPUIPlugin:80 - create IPUIPlugin
2026-02-08 19:52:52,825 [INFO] PluginManager:220 - loadIPPluginJar : add ts
2026-02-08 19:52:52,826 [INFO] IPUIPlugin:80 - create IPUIPlugin
2026-02-08 19:52:52,826 [INFO] PluginManager:220 - loadIPPluginJar : add tsc
2026-02-08 19:52:52,827 [INFO] IPUIPlugin:80 - create IPUIPlugin
2026-02-08 19:52:52,828 [INFO] PluginManager:220 - loadIPPluginJar : add ucpd
2026-02-08 19:52:52,829 [INFO] IPUIPlugin:80 - create IPUIPlugin
2026-02-08 19:52:52,830 [INFO] PluginManager:220 - loadIPPluginJar : add usart
2026-02-08 19:52:52,832 [INFO] IPUIPlugin:80 - create IPUIPlugin
2026-02-08 19:52:52,832 [INFO] PluginManager:220 - loadIPPluginJar : add usbx
2026-02-08 19:52:52,971 [FATAL] Updater:351 - Updater called before beeing initialized
2026-02-08 19:52:53,022 [INFO] RulesReader:64 - Compatibility file has been processed (297 Rules)
2026-02-08 19:52:53,031 [INFO] RulesReader:64 - Compatibility file has been processed (297 Rules)
2026-02-08 19:52:53,046 [INFO] CADModel:165 - CPN selected for project level
2026-02-08 19:52:53,046 [INFO] CADModel:114 - Register for checkConnection events
2026-02-08 19:52:53,046 [FATAL] Updater:351 - Updater called before beeing initialized
2026-02-08 19:52:53,046 [ERROR] CADModel:125 - Updater not yet initialized, retry later 
2026-02-08 19:52:53,202 [FATAL] Updater:351 - Updater called before beeing initialized
2026-02-08 19:52:53,203 [INFO] CADModel:165 - CPN selected for project level
2026-02-08 19:52:53,204 [INFO] CADModel:114 - Register for checkConnection events
2026-02-08 19:52:53,204 [FATAL] Updater:351 - Updater called before beeing initialized
2026-02-08 19:52:53,204 [ERROR] CADModel:125 - Updater not yet initialized, retry later 
2026-02-08 19:52:53,206 [FATAL] Updater:351 - Updater called before beeing initialized
2026-02-08 19:52:53,282 [FATAL] Updater:351 - Updater called before beeing initialized
2026-02-08 19:52:53,285 [INFO] DbMcusAds:53 - JSON generation date=Thu Jan 08 16:57:51 CET 2026 (1767887871456)
2026-02-08 19:52:53,286 [FATAL] Updater:351 - Updater called before beeing initialized
2026-02-08 19:52:53,310 [WARN] DetailPanel:346 - Failed to get advertising image, set to default
2026-02-08 19:52:53,476 [FATAL] Updater:351 - Updater called before beeing initialized
2026-02-08 19:52:53,478 [FATAL] Updater:351 - Updater called before beeing initialized
2026-02-08 19:52:53,478 [FATAL] Updater:351 - Updater called before beeing initialized
2026-02-08 19:52:53,479 [WARN] DetailPanel:346 - Failed to get advertising image, set to default
2026-02-08 19:52:53,480 [FATAL] Updater:351 - Updater called before beeing initialized
2026-02-08 19:52:53,518 [ERROR] Updater:1198 - MainUpdater not yet initialized. External WinMGr cannot be set.
2026-02-08 19:52:53,519 [INFO] Updater:1134 - Updater Version found : 6.13.0
2026-02-08 19:52:53,529 [INFO] ApplicationProperties:184 - Using Application install path: C:\ST\STM32CubeIDE_1.17.0\STM32CubeIDE\plugins\com.st.stm32cube.common.mx_6.13.0.202411220809
2026-02-08 19:52:55,099 [ERROR] LogOutputStream:75 - [STDERR_REDIRECT] Feb 08, 2026 7:52:55 PM java.util.prefs.WindowsPreferences <init>
2026-02-08 19:52:55,101 [ERROR] LogOutputStream:75 - [STDERR_REDIRECT] WARNING: Could not open/create prefs root node Software\JavaSoft\Prefs at root 0xffffffff80000002. Windows RegCreateKeyEx(...) returned error code 5.
2026-02-08 19:52:55,101 [ERROR] LogOutputStream:75 - [STDERR_REDIRECT] 
2026-02-08 19:52:55,295 [INFO] ThirdPartyUpdaterWithRetryManager:70 - Updater plugin not ready yet. [2/15]
2026-02-08 19:52:55,730 [INFO] MainUpdater:2872 - connection check result : 10
2026-02-08 19:52:55,732 [INFO] MainUpdater:289 - Updater Check For Update Now.
2026-02-08 19:52:55,732 [INFO] MicroXplorer:498 - Change Database Version : DB.6.0.130
2026-02-08 19:53:04,969 [INFO] Activator:176 - 


2026-02-08 19:53:04,970 [INFO] Activator:177 - !SESSION log4j initialized
2026-02-08 19:53:07,421 [INFO] LogOutputStream:77 - [STDOUT_REDIRECT] 
2026-02-08 19:53:09,145 [INFO] ApplicationProperties:184 - Using Application install path: C:\ST\STM32CubeIDE_1.17.0\STM32CubeIDE\plugins\com.st.stm32cube.common.mx_6.13.0.202411220809
2026-02-08 19:53:09,168 [INFO] DbMcusXml:78 - Set database path to: C:\ST\STM32CubeIDE_1.17.0\STM32CubeIDE\plugins\com.st.stm32cube.common.mx_6.13.0.202411220809\\db\/mcu/
2026-02-08 19:53:09,169 [INFO] ApiDb:274 - Set plugin database path to: C:\ST\STM32CubeIDE_1.17.0\STM32CubeIDE\plugins\com.st.stm32cube.common.mx_6.13.0.202411220809\\db\/plugins/boardmanager/
2026-02-08 19:53:09,169 [WARN] ApiDb:259 - Overriding images path with different value:  => C:\ST\STM32CubeIDE_1.17.0\STM32CubeIDE\plugins\com.st.stm32cube.common.mx_6.13.0.202411220809\\db\/plugins/mcufinder/images/
2026-02-08 19:53:09,173 [INFO] ApiDb:250 - Set database path to: C:\Users\Lenovo\.stmcufinder\plugins\mcufinder//mcu/
2026-02-08 19:53:09,174 [INFO] DbMcusAds:125 - Set database path to: C:\Users\Lenovo\.stmcufinder\plugins\mcufinder//mcu/
2026-02-08 19:53:09,177 [INFO] CrossReferenceDbSqlite:203 - Set database path to: C:\Users\Lenovo\.stmcufinder\plugins\mcufinder//mcu/cs/
2026-02-08 19:53:09,307 [INFO] RulesReader:64 - Compatibility file has been processed (297 Rules)
2026-02-08 19:53:09,425 [INFO] DbMcusXml:78 - Set database path to: C:\ST\STM32CubeIDE_1.17.0\STM32CubeIDE\plugins\com.st.stm32cube.common.mx_6.13.0.202411220809\\db\/mcu/
2026-02-08 19:53:09,425 [INFO] ApiDb:274 - Set plugin database path to: C:\ST\STM32CubeIDE_1.17.0\STM32CubeIDE\plugins\com.st.stm32cube.common.mx_6.13.0.202411220809\\db\/plugins/boardmanager/
2026-02-08 19:53:09,426 [INFO] ApiDb:261 - Set plugin images path to: C:\ST\STM32CubeIDE_1.17.0\STM32CubeIDE\plugins\com.st.stm32cube.common.mx_6.13.0.202411220809\\db\/plugins/mcufinder/images/
2026-02-08 19:53:09,426 [WARN] DbFile:41 - Overriding database path with different value: C:\Users\Lenovo\.stmcufinder\plugins\mcufinder/ => C:\Users\Lenovo\.stmcufinder\plugins\mcufinder
2026-02-08 19:53:09,427 [INFO] ApiDb:250 - Set database path to: C:\Users\Lenovo\.stmcufinder\plugins\mcufinder//mcu/
2026-02-08 19:53:09,427 [WARN] DbFile:41 - Overriding database path with different value: C:\Users\Lenovo\.stmcufinder\plugins\mcufinder/ => C:\Users\Lenovo\.stmcufinder\plugins\mcufinder
2026-02-08 19:53:09,427 [INFO] DbMcusAds:125 - Set database path to: C:\Users\Lenovo\.stmcufinder\plugins\mcufinder//mcu/
2026-02-08 19:53:09,427 [WARN] DbFile:41 - Overriding database path with different value: C:\Users\Lenovo\.stmcufinder\plugins\mcufinder/ => C:\Users\Lenovo\.stmcufinder\plugins\mcufinder
2026-02-08 19:53:09,427 [WARN] DbFile:41 - Overriding database path with different value: C:\Users\Lenovo\.stmcufinder\plugins\mcufinder/ => C:\Users\Lenovo\.stmcufinder\plugins\mcufinder
2026-02-08 19:53:09,427 [INFO] CrossReferenceDbSqlite:203 - Set database path to: C:\Users\Lenovo\.stmcufinder\plugins\mcufinder//mcu/cs/
2026-02-08 19:53:09,491 [INFO] MainPanel:272 - HeapMemory: 268435456
2026-02-08 19:53:09,563 [INFO] DbMcusXml:78 - Set database path to: C:\ST\STM32CubeIDE_1.17.0\STM32CubeIDE\plugins\com.st.stm32cube.common.mx_6.13.0.202411220809\\db\/mcu/
2026-02-08 19:53:09,563 [INFO] ApiDb:274 - Set plugin database path to: C:\ST\STM32CubeIDE_1.17.0\STM32CubeIDE\plugins\com.st.stm32cube.common.mx_6.13.0.202411220809\\db\/plugins/boardmanager/
2026-02-08 19:53:09,564 [INFO] ApiDb:261 - Set plugin images path to: C:\ST\STM32CubeIDE_1.17.0\STM32CubeIDE\plugins\com.st.stm32cube.common.mx_6.13.0.202411220809\\db\/plugins/mcufinder/images/
2026-02-08 19:53:09,564 [WARN] DbFile:41 - Overriding database path with different value: C:\Users\Lenovo\.stmcufinder\plugins\mcufinder/ => C:\Users\Lenovo\.stmcufinder\plugins\mcufinder
2026-02-08 19:53:09,564 [INFO] ApiDb:250 - Set database path to: C:\Users\Lenovo\.stmcufinder\plugins\mcufinder//mcu/
2026-02-08 19:53:09,564 [WARN] DbFile:41 - Overriding database path with different value: C:\Users\Lenovo\.stmcufinder\plugins\mcufinder/ => C:\Users\Lenovo\.stmcufinder\plugins\mcufinder
2026-02-08 19:53:09,564 [INFO] DbMcusAds:125 - Set database path to: C:\Users\Lenovo\.stmcufinder\plugins\mcufinder//mcu/
2026-02-08 19:53:09,564 [WARN] DbFile:41 - Overriding database path with different value: C:\Users\Lenovo\.stmcufinder\plugins\mcufinder/ => C:\Users\Lenovo\.stmcufinder\plugins\mcufinder
2026-02-08 19:53:09,564 [WARN] DbFile:41 - Overriding database path with different value: C:\Users\Lenovo\.stmcufinder\plugins\mcufinder/ => C:\Users\Lenovo\.stmcufinder\plugins\mcufinder
2026-02-08 19:53:09,565 [INFO] CrossReferenceDbSqlite:203 - Set database path to: C:\Users\Lenovo\.stmcufinder\plugins\mcufinder//mcu/cs/
2026-02-08 19:53:09,581 [INFO] ApplicationProperties:184 - Using Application install path: C:\ST\STM32CubeIDE_1.17.0\STM32CubeIDE\plugins\com.st.stm32cube.common.mx_6.13.0.202411220809
2026-02-08 19:53:09,583 [INFO] PluginManage:196 - Search for loadable plugins [exclusion list=, ]
2026-02-08 19:53:09,584 [INFO] PluginManage:310 - Check plugin analytics
2026-02-08 19:53:09,917 [INFO] AnalyticsPlugin:253 - Accepted Software Licenses: 
2026-02-08 19:53:09,917 [INFO] AnalyticsPlugin:255 - Accepted CMSIS Pack Licenses: 
2026-02-08 19:53:09,917 [INFO] AnalyticsPlugin:257 - Accepted Firmware Licenses: 
2026-02-08 19:53:09,924 [INFO] PluginManage:359 - Loaded plugin analytics (category:tool,tabindex:-1)
2026-02-08 19:53:09,924 [INFO] PluginManage:310 - Check plugin cadmodel
2026-02-08 19:53:09,929 [INFO] CADModel:105 - Init CAD model plugin
2026-02-08 19:53:09,929 [INFO] PluginManage:359 - Loaded plugin cadmodel (category:power,tabindex:5)
2026-02-08 19:53:09,929 [INFO] PluginManage:310 - Check plugin clock
2026-02-08 19:53:09,940 [INFO] PluginManage:359 - Loaded plugin clock (category:base,tabindex:2)
2026-02-08 19:53:09,941 [INFO] PluginManage:310 - Check plugin ddr
2026-02-08 19:53:09,948 [INFO] PluginManage:359 - Loaded plugin ddr (category:tool,tabindex:6)
2026-02-08 19:53:09,948 [INFO] PluginManage:310 - Check plugin filemanager
2026-02-08 19:53:10,086 [INFO] PluginManage:359 - Loaded plugin filemanager (category:base,tabindex:10)
2026-02-08 19:53:10,087 [INFO] PluginManage:310 - Check plugin ipmanager
2026-02-08 19:53:10,093 [INFO] PluginManage:359 - Loaded plugin ipmanager (category:base,tabindex:5)
2026-02-08 19:53:10,093 [INFO] PluginManage:310 - Check plugin lpbam
2026-02-08 19:53:10,100 [INFO] PluginManage:359 - Loaded plugin lpbam (category:base,tabindex:0)
2026-02-08 19:53:10,100 [INFO] PluginManage:310 - Check plugin memorymap
2026-02-08 19:53:10,108 [INFO] PluginManage:359 - Loaded plugin memorymap (category:base,tabindex:4)
2026-02-08 19:53:10,108 [INFO] PluginManage:310 - Check plugin pinoutandconfiguration
2026-02-08 19:53:10,114 [INFO] PluginManage:359 - Loaded plugin pinoutandconfiguration (category:base,tabindex:1)
2026-02-08 19:53:10,114 [INFO] PluginManage:310 - Check plugin pinoutconfig
2026-02-08 19:53:10,208 [WARN] SupportedApi:132 - Cannot load RTOS API schema: s4s-elt-must-match.1: The content of 'definitions' must match (annotation?, (simpleType | complexType)?, (unique | key | keyref)*)). A problem was found starting at: attribute.
2026-02-08 19:53:10,332 [INFO] PluginManage:359 - Loaded plugin pinoutconfig (category:base,tabindex:0)
2026-02-08 19:53:10,332 [INFO] PluginManage:310 - Check plugin power
2026-02-08 19:53:10,340 [INFO] PluginManage:359 - Loaded plugin power (category:power,tabindex:4)
2026-02-08 19:53:10,340 [INFO] PluginManage:310 - Check plugin projectmanager
2026-02-08 19:53:10,361 [INFO] PluginManage:359 - Loaded plugin projectmanager (category:projectmanager,tabindex:4)
2026-02-08 19:53:10,361 [INFO] PluginManage:310 - Check plugin rif
2026-02-08 19:53:10,368 [INFO] PluginManage:359 - Loaded plugin rif (category:base,tabindex:3)
2026-02-08 19:53:10,368 [INFO] PluginManage:310 - Check plugin thirdparty
2026-02-08 19:53:10,529 [WARN] IntegrityCheckThread:84 - waiting for thirdparty lock release [integrity check]
2026-02-08 19:53:10,530 [INFO] IntegrityCheckThread:86 - entering critical section [integrity check]
2026-02-08 19:53:10,530 [INFO] PluginManage:359 - Loaded plugin thirdparty (category:base,tabindex:-1)
2026-02-08 19:53:10,530 [INFO] PluginManage:310 - Check plugin tools
2026-02-08 19:53:10,530 [INFO] ThirdPartyUpdaterWithRetryManager:70 - Updater plugin not ready yet. [1/15]
2026-02-08 19:53:10,535 [INFO] PluginManage:359 - Loaded plugin tools (category:base,tabindex:7)
2026-02-08 19:53:10,535 [INFO] PluginManage:310 - Check plugin tutovideos
2026-02-08 19:53:10,684 [INFO] PluginManage:359 - Loaded plugin tutovideos (category:base,tabindex:-1)
2026-02-08 19:53:10,684 [INFO] PluginManage:310 - Check plugin updater
2026-02-08 19:53:10,708 [INFO] PluginManage:359 - Loaded plugin updater (category:base,tabindex:12)
2026-02-08 19:53:10,708 [INFO] PluginManage:310 - Check plugin userauth
2026-02-08 19:53:10,711 [INFO] UserAuth:118 - Init User Auth plugin
2026-02-08 19:53:10,712 [INFO] PluginManage:359 - Loaded plugin userauth (category:base,tabindex:14)
2026-02-08 19:53:10,713 [INFO] PluginManage:283 - PluginManage : Loaded plugins [18]
2026-02-08 19:53:10,922 [INFO] PinOutPanel:1589 - setPackage(No Configuration,No Configuration)
2026-02-08 19:53:10,991 [INFO] CADModel:165 - CPN selected for project level
2026-02-08 19:53:10,991 [INFO] CADModel:114 - Register for checkConnection events
2026-02-08 19:53:11,003 [INFO] IPUIPlugin:80 - create IPUIPlugin
2026-02-08 19:53:11,004 [INFO] PluginManager:220 - loadIPPluginJar : add adc
2026-02-08 19:53:11,005 [INFO] IPUIPlugin:80 - create IPUIPlugin
2026-02-08 19:53:11,006 [INFO] PluginManager:220 - loadIPPluginJar : add aes
2026-02-08 19:53:11,008 [INFO] IPUIPlugin:80 - create IPUIPlugin
2026-02-08 19:53:11,008 [INFO] PluginManager:220 - loadIPPluginJar : add can
2026-02-08 19:53:11,009 [INFO] IPUIPlugin:80 - create IPUIPlugin
2026-02-08 19:53:11,009 [INFO] PluginManager:220 - loadIPPluginJar : add comp
2026-02-08 19:53:11,011 [INFO] IPUIPlugin:80 - create IPUIPlugin
2026-02-08 19:53:11,011 [INFO] PluginManager:220 - loadIPPluginJar : add cryp
2026-02-08 19:53:11,013 [INFO] IPUIPlugin:80 - create IPUIPlugin
2026-02-08 19:53:11,013 [INFO] PluginManager:220 - loadIPPluginJar : add ddr_ctrl_phy
2026-02-08 19:53:11,015 [INFO] IPUIPlugin:80 - create IPUIPlugin
2026-02-08 19:53:11,015 [INFO] PluginManager:220 - loadIPPluginJar : add dfsdm
2026-02-08 19:53:11,019 [INFO] IPUIPlugin:80 - create IPUIPlugin
2026-02-08 19:53:11,020 [INFO] PluginManager:220 - loadIPPluginJar : add dma
2026-02-08 19:53:11,021 [INFO] IPUIPlugin:80 - create IPUIPlugin
2026-02-08 19:53:11,022 [INFO] PluginManager:220 - loadIPPluginJar : add dma3
2026-02-08 19:53:11,023 [INFO] IPUIPlugin:80 - create IPUIPlugin
2026-02-08 19:53:11,024 [INFO] PluginManager:220 - loadIPPluginJar : add extmemmanager
2026-02-08 19:53:11,025 [INFO] IPUIPlugin:80 - create IPUIPlugin
2026-02-08 19:53:11,025 [INFO] PluginManager:220 - loadIPPluginJar : add fatfs
2026-02-08 19:53:11,029 [INFO] IPUIPlugin:80 - create IPUIPlugin
2026-02-08 19:53:11,029 [INFO] PluginManager:220 - loadIPPluginJar : add fmc
2026-02-08 19:53:11,032 [INFO] IPUIPlugin:80 - create IPUIPlugin
2026-02-08 19:53:11,032 [INFO] PluginManager:220 - loadIPPluginJar : add freertos
2026-02-08 19:53:11,034 [INFO] IPUIPlugin:80 - create IPUIPlugin
2026-02-08 19:53:11,034 [INFO] PluginManager:220 - loadIPPluginJar : add genericplugin
2026-02-08 19:53:11,035 [INFO] IPUIPlugin:80 - create IPUIPlugin
2026-02-08 19:53:11,035 [INFO] PluginManager:220 - loadIPPluginJar : add gfxmmu
2026-02-08 19:53:11,038 [INFO] IPUIPlugin:80 - create IPUIPlugin
2026-02-08 19:53:11,038 [INFO] PluginManager:220 - loadIPPluginJar : add gic
2026-02-08 19:53:11,041 [INFO] IPUIPlugin:80 - create IPUIPlugin
2026-02-08 19:53:11,041 [INFO] PluginManager:220 - loadIPPluginJar : add gpio
2026-02-08 19:53:11,042 [INFO] IPUIPlugin:80 - create IPUIPlugin
2026-02-08 19:53:11,043 [INFO] PluginManager:220 - loadIPPluginJar : add gtzc
2026-02-08 19:53:11,044 [INFO] IPUIPlugin:80 - create IPUIPlugin
2026-02-08 19:53:11,044 [INFO] PluginManager:220 - loadIPPluginJar : add hash
2026-02-08 19:53:11,046 [INFO] IPUIPlugin:80 - create IPUIPlugin
2026-02-08 19:53:11,046 [INFO] PluginManager:220 - loadIPPluginJar : add i2c
2026-02-08 19:53:11,048 [INFO] IPUIPlugin:80 - create IPUIPlugin
2026-02-08 19:53:11,048 [INFO] PluginManager:220 - loadIPPluginJar : add i2s
2026-02-08 19:53:11,050 [INFO] IPUIPlugin:80 - create IPUIPlugin
2026-02-08 19:53:11,051 [INFO] PluginManager:220 - loadIPPluginJar : add i3c
2026-02-08 19:53:11,053 [INFO] IPUIPlugin:80 - create IPUIPlugin
2026-02-08 19:53:11,053 [INFO] PluginManager:220 - loadIPPluginJar : add ipddr
2026-02-08 19:53:11,058 [INFO] IPUIPlugin:80 - create IPUIPlugin
2026-02-08 19:53:11,059 [INFO] PluginManager:220 - loadIPPluginJar : add linkedlist
2026-02-08 19:53:11,061 [INFO] IPUIPlugin:80 - create IPUIPlugin
2026-02-08 19:53:11,062 [INFO] PluginManager:220 - loadIPPluginJar : add lorawan
2026-02-08 19:53:11,062 [INFO] IPUIPlugin:80 - create IPUIPlugin
2026-02-08 19:53:11,062 [INFO] PluginManager:220 - loadIPPluginJar : add ltdc
2026-02-08 19:53:11,066 [INFO] IPUIPlugin:80 - create IPUIPlugin
2026-02-08 19:53:11,067 [INFO] PluginManager:220 - loadIPPluginJar : add mdma
2026-02-08 19:53:11,069 [INFO] IPUIPlugin:80 - create IPUIPlugin
2026-02-08 19:53:11,069 [INFO] PluginManager:220 - loadIPPluginJar : add nvic
2026-02-08 19:53:11,071 [INFO] IPUIPlugin:80 - create IPUIPlugin
2026-02-08 19:53:11,071 [INFO] PluginManager:220 - loadIPPluginJar : add opamp
2026-02-08 19:53:11,074 [INFO] IPUIPlugin:80 - create IPUIPlugin
2026-02-08 19:53:11,074 [INFO] PluginManager:220 - loadIPPluginJar : add openamp
2026-02-08 19:53:11,076 [INFO] IPUIPlugin:80 - create IPUIPlugin
2026-02-08 19:53:11,076 [INFO] PluginManager:220 - loadIPPluginJar : add pdm2pcm
2026-02-08 19:53:11,080 [INFO] IPUIPlugin:80 - create IPUIPlugin
2026-02-08 19:53:11,082 [INFO] PluginManager:220 - loadIPPluginJar : add plateformsettings
2026-02-08 19:53:11,083 [INFO] IPUIPlugin:80 - create IPUIPlugin
2026-02-08 19:53:11,083 [INFO] PluginManager:220 - loadIPPluginJar : add quadspi
2026-02-08 19:53:11,085 [INFO] IPUIPlugin:80 - create IPUIPlugin
2026-02-08 19:53:11,085 [INFO] PluginManager:220 - loadIPPluginJar : add radio
2026-02-08 19:53:11,087 [INFO] IPUIPlugin:80 - create IPUIPlugin
2026-02-08 19:53:11,087 [INFO] PluginManager:220 - loadIPPluginJar : add resmgrutility
2026-02-08 19:53:11,090 [INFO] IPUIPlugin:80 - create IPUIPlugin
2026-02-08 19:53:11,090 [INFO] PluginManager:220 - loadIPPluginJar : add sai
2026-02-08 19:53:11,092 [INFO] IPUIPlugin:80 - create IPUIPlugin
2026-02-08 19:53:11,092 [INFO] PluginManager:220 - loadIPPluginJar : add spi
2026-02-08 19:53:11,096 [INFO] IPUIPlugin:80 - create IPUIPlugin
2026-02-08 19:53:11,096 [INFO] PluginManager:220 - loadIPPluginJar : add stm32_wpan
2026-02-08 19:53:11,097 [INFO] IPUIPlugin:80 - create IPUIPlugin
2026-02-08 19:53:11,097 [INFO] PluginManager:220 - loadIPPluginJar : add tim
2026-02-08 19:53:11,099 [INFO] IPUIPlugin:80 - create IPUIPlugin
2026-02-08 19:53:11,099 [INFO] PluginManager:220 - loadIPPluginJar : add touchsensing
2026-02-08 19:53:11,101 [INFO] IPUIPlugin:80 - create IPUIPlugin
2026-02-08 19:53:11,101 [INFO] PluginManager:220 - loadIPPluginJar : add tracer_emb
2026-02-08 19:53:11,102 [INFO] IPUIPlugin:80 - create IPUIPlugin
2026-02-08 19:53:11,102 [INFO] PluginManager:220 - loadIPPluginJar : add ts
2026-02-08 19:53:11,103 [INFO] IPUIPlugin:80 - create IPUIPlugin
2026-02-08 19:53:11,103 [INFO] PluginManager:220 - loadIPPluginJar : add tsc
2026-02-08 19:53:11,104 [INFO] IPUIPlugin:80 - create IPUIPlugin
2026-02-08 19:53:11,104 [INFO] PluginManager:220 - loadIPPluginJar : add ucpd
2026-02-08 19:53:11,106 [INFO] IPUIPlugin:80 - create IPUIPlugin
2026-02-08 19:53:11,106 [INFO] PluginManager:220 - loadIPPluginJar : add usart
2026-02-08 19:53:11,109 [INFO] IPUIPlugin:80 - create IPUIPlugin
2026-02-08 19:53:11,109 [INFO] PluginManager:220 - loadIPPluginJar : add usbx
2026-02-08 19:53:11,256 [FATAL] Updater:351 - Updater called before beeing initialized
2026-02-08 19:53:11,303 [INFO] RulesReader:64 - Compatibility file has been processed (297 Rules)
2026-02-08 19:53:11,316 [INFO] RulesReader:64 - Compatibility file has been processed (297 Rules)
2026-02-08 19:53:11,337 [INFO] CADModel:165 - CPN selected for project level
2026-02-08 19:53:11,337 [INFO] CADModel:114 - Register for checkConnection events
2026-02-08 19:53:11,338 [FATAL] Updater:351 - Updater called before beeing initialized
2026-02-08 19:53:11,338 [ERROR] CADModel:125 - Updater not yet initialized, retry later 
2026-02-08 19:53:11,520 [FATAL] Updater:351 - Updater called before beeing initialized
2026-02-08 19:53:11,521 [INFO] CADModel:165 - CPN selected for project level
2026-02-08 19:53:11,521 [INFO] CADModel:114 - Register for checkConnection events
2026-02-08 19:53:11,521 [FATAL] Updater:351 - Updater called before beeing initialized
2026-02-08 19:53:11,521 [ERROR] CADModel:125 - Updater not yet initialized, retry later 
2026-02-08 19:53:11,525 [FATAL] Updater:351 - Updater called before beeing initialized
2026-02-08 19:53:11,628 [FATAL] Updater:351 - Updater called before beeing initialized
2026-02-08 19:53:11,638 [INFO] DbMcusAds:53 - JSON generation date=Thu Jan 08 16:57:51 CET 2026 (1767887871456)
2026-02-08 19:53:11,638 [FATAL] Updater:351 - Updater called before beeing initialized
2026-02-08 19:53:11,668 [WARN] DetailPanel:346 - Failed to get advertising image, set to default
2026-02-08 19:53:11,877 [FATAL] Updater:351 - Updater called before beeing initialized
2026-02-08 19:53:11,879 [FATAL] Updater:351 - Updater called before beeing initialized
2026-02-08 19:53:11,879 [FATAL] Updater:351 - Updater called before beeing initialized
2026-02-08 19:53:11,880 [WARN] DetailPanel:346 - Failed to get advertising image, set to default
2026-02-08 19:53:11,881 [FATAL] Updater:351 - Updater called before beeing initialized
2026-02-08 19:53:11,925 [ERROR] Updater:1198 - MainUpdater not yet initialized. External WinMGr cannot be set.
2026-02-08 19:53:11,927 [INFO] Updater:1134 - Updater Version found : 6.13.0
2026-02-08 19:53:11,944 [INFO] ApplicationProperties:184 - Using Application install path: C:\ST\STM32CubeIDE_1.17.0\STM32CubeIDE\plugins\com.st.stm32cube.common.mx_6.13.0.202411220809
2026-02-08 19:53:13,524 [ERROR] LogOutputStream:75 - [STDERR_REDIRECT] Feb 08, 2026 7:53:13 PM java.util.prefs.WindowsPreferences <init>
2026-02-08 19:53:13,527 [ERROR] LogOutputStream:75 - [STDERR_REDIRECT] WARNING: Could not open/create prefs root node Software\JavaSoft\Prefs at root 0xffffffff80000002. Windows RegCreateKeyEx(...) returned error code 5.
2026-02-08 19:53:13,527 [ERROR] LogOutputStream:75 - [STDERR_REDIRECT] 
2026-02-08 19:53:13,531 [INFO] ThirdPartyUpdaterWithRetryManager:70 - Updater plugin not ready yet. [2/15]
2026-02-08 19:53:13,945 [INFO] MainUpdater:2872 - connection check result : 10
2026-02-08 19:53:13,946 [INFO] MainUpdater:289 - Updater Check For Update Now.
2026-02-08 19:53:13,946 [INFO] MicroXplorer:498 - Change Database Version : DB.6.0.130
2026-02-08 19:53:13,956 [INFO] McuFinderGlobals:63 - Set McuFinder mode to 2 (CubeIDE integrated)
2026-02-08 19:53:13,957 [INFO] UserAuth:486 - Internet connection configuration mode: 1
2026-02-08 19:53:14,009 [INFO] JxBrowserEngine:152 - Initiate JxBrowser Engine with user profile folder
2026-02-08 19:53:14,157 [INFO] CheckServerUpdateThread:120 - End of CheckServer Thread
2026-02-08 19:53:14,600 [INFO] WebApp:168 - Instantiating new browser for Auth
2026-02-08 19:53:15,194 [INFO] WebApp:449 - Apply proxy settings
2026-02-08 19:53:15,194 [INFO] WebApp:534 - Chromium requires no authentication
2026-02-08 19:53:15,201 [INFO] WebApp:477 - Direct internet connection detected
2026-02-08 19:53:15,226 [INFO] WebApp:880 - Register for checkConnection events
2026-02-08 19:53:15,226 [INFO] WebApp:449 - Apply proxy settings
2026-02-08 19:53:15,226 [INFO] WebApp:534 - Chromium requires no authentication
2026-02-08 19:53:15,227 [INFO] WebApp:477 - Direct internet connection detected
2026-02-08 19:53:15,347 [INFO] WebApp:221 - Starting web application
2026-02-08 19:53:15,347 [INFO] WebApp:579 - Web application path used C:\ST\STM32CubeIDE_1.17.0\STM32CubeIDE\plugins\com.st.stm32cube.common.mx_6.13.0.202411220809\db\plugins\mcufinder\reactClient1\index.html
2026-02-08 19:53:15,412 [INFO] UserAuth:486 - Internet connection configuration mode: 1
2026-02-08 19:53:15,473 [ERROR] LogOutputStream:75 - [STDERR_REDIRECT] [Fatal Error] :1:1: Premature end of file.
2026-02-08 19:53:15,473 [ERROR] LogOutputStream:75 - [STDERR_REDIRECT] 
2026-02-08 19:53:15,552 [INFO] WebApp:187 - Connection restablished
2026-02-08 19:53:16,468 [ERROR] LogOutputStream:75 - [STDERR_REDIRECT] [Fatal Error] :1:1: Premature end of file.
2026-02-08 19:53:16,469 [ERROR] LogOutputStream:75 - [STDERR_REDIRECT] 
2026-02-08 19:53:16,733 [WARN] PackLoader:240 - Cannot read IP mode file for STMicroelectronics.FP-SNS-MOTENVWB1.1.4.0
2026-02-08 19:53:16,748 [WARN] PackLoader:240 - Cannot read IP mode file for STMicroelectronics.FP-ATR-ASTRA1.2.0.2
2026-02-08 19:53:16,761 [WARN] PackLoader:240 - Cannot read IP mode file for STMicroelectronics.X-CUBE-SMBUS.2.1.0
2026-02-08 19:53:16,791 [WARN] PackLoader:240 - Cannot read IP mode file for STMicroelectronics.X-CUBE-AZRTOS-F7.1.1.0
2026-02-08 19:53:16,799 [ERROR] Engine:466 - C:\Users\Lenovo\.stm32cubemx\thirdparties\pdsc\STMicroelectronics.FP-SNS-MOTENV1.5.1.0.pdsc: PDSC version is not supported
2026-02-08 19:53:16,803 [ERROR] Engine:466 - C:\Users\Lenovo\.stm32cubemx\thirdparties\pdsc\WES.I-CUBE-Cesium.1.4.0.pdsc: PDSC version is not supported
2026-02-08 19:53:16,833 [WARN] PackLoader:240 - Cannot read IP mode file for STMicroelectronics.X-CUBE-AZRTOS-H7.3.4.0
2026-02-08 19:53:16,845 [WARN] PackLoader:240 - Cannot read IP mode file for STMicroelectronics.X-CUBE-DISPLAY.3.0.0
2026-02-08 19:53:16,858 [WARN] PackLoader:240 - Cannot read IP mode file for STMicroelectronics.X-CUBE-NFC10.1.0.0
2026-02-08 19:53:16,862 [WARN] PackLoader:240 - Cannot read IP mode file for STMicroelectronics.X-CUBE-ST60.1.1.0
2026-02-08 19:53:16,867 [WARN] PackLoader:240 - Cannot read IP mode file for emotas.I-CUBE-CANOPEN.1.3.0
2026-02-08 19:53:16,871 [WARN] PackLoader:240 - Cannot read IP mode file for STMicroelectronics.X-CUBE-GNSS1.7.1.0
2026-02-08 19:53:16,876 [ERROR] Engine:466 - C:\Users\Lenovo\.stm32cubemx\thirdparties\pdsc\STMicroelectronics.FP-SNS-STBOX1.2.1.0.pdsc: PDSC version is not supported
2026-02-08 19:53:16,879 [WARN] PackLoader:240 - Cannot read IP mode file for STMicroelectronics.FP-SNS-SMARTAG2.1.2.0
2026-02-08 19:53:16,883 [WARN] PackLoader:240 - Cannot read IP mode file for STMicroelectronics.FP-SNS-FLIGHT1.5.1.0
2026-02-08 19:53:16,898 [INFO] LogOutputStream:77 - [STDOUT_REDIRECT] 1 : Invalid condition id : UX_CORESTACK_Condition cause : null
2026-02-08 19:53:16,899 [INFO] LogOutputStream:77 - [STDOUT_REDIRECT] 1 : Invalid condition id : UX_CORESTACK_Condition cause : null
2026-02-08 19:53:16,900 [INFO] LogOutputStream:77 - [STDOUT_REDIRECT] 1 : Invalid condition id : UX_CORESTACK_Condition cause : null
2026-02-08 19:53:16,901 [INFO] LogOutputStream:77 - [STDOUT_REDIRECT] 1 : Invalid condition id : UX_CORESTACK_Condition cause : null
2026-02-08 19:53:16,902 [INFO] LogOutputStream:77 - [STDOUT_REDIRECT] 1 : Invalid condition id : UX_CORESTACK_Condition cause : null
2026-02-08 19:53:16,904 [WARN] PackLoader:240 - Cannot read IP mode file for STMicroelectronics.X-CUBE-AZRTOS-WL.2.0.0
2026-02-08 19:53:16,919 [WARN] PackLoader:240 - Cannot read IP mode file for STMicroelectronics.X-CUBE-AZRTOS-H7RS.1.2.0
2026-02-08 19:53:16,926 [WARN] PackLoader:240 - Cannot read IP mode file for STMicroelectronics.X-CUBE-BLE2.3.3.0
2026-02-08 19:53:16,941 [WARN] PackLoader:240 - Cannot read IP mode file for Infineon.AIROC-Wi-Fi-Bluetooth-STM32.1.8.0
2026-02-08 19:53:16,949 [WARN] PackLoader:240 - Cannot read IP mode file for STMicroelectronics.X-CUBE-NFC9.1.0.0
2026-02-08 19:53:16,953 [WARN] PackLoader:240 - Cannot read IP mode file for STMicroelectronics.X-CUBE-BLE1.7.1.0
2026-02-08 19:53:16,957 [WARN] PackLoader:240 - Cannot read IP mode file for wolfSSL.I-CUBE-wolfMQTT.1.19.2
2026-02-08 19:53:16,960 [ERROR] Engine:466 - C:\Users\Lenovo\.stm32cubemx\thirdparties\pdsc\STMicroelectronics.X-CUBE-FREERTOS.1.4.0.pdsc: PDSC version is not supported
2026-02-08 19:53:16,963 [WARN] PackLoader:240 - Cannot read IP mode file for STMicroelectronics.X-CUBE-EEPRMA1.5.2.0
2026-02-08 19:53:16,968 [WARN] PackLoader:240 - Cannot read IP mode file for wolfSSL.I-CUBE-wolfSSL.5.8.4
2026-02-08 19:53:16,974 [WARN] PackLoader:240 - Cannot read IP mode file for Cesanta.I-CUBE-Mongoose.7.20.0
2026-02-08 19:53:17,012 [WARN] PackLoader:240 - Cannot read IP mode file for STMicroelectronics.X-CUBE-MEMS1.12.0.0
2026-02-08 19:53:17,108 [WARN] PackLoader:240 - Cannot read IP mode file for STMicroelectronics.X-CUBE-AZRTOS-G0.1.1.0
2026-02-08 19:53:17,113 [WARN] PackLoader:240 - Cannot read IP mode file for STMicroelectronics.X-CUBE-NFC4.3.0.0
2026-02-08 19:53:17,130 [WARN] PackLoader:240 - Cannot read IP mode file for EmbeddedOffice.I-CUBE-FS-RTOS.1.0.1
2026-02-08 19:53:17,136 [WARN] PackLoader:240 - Cannot read IP mode file for STMicroelectronics.X-CUBE-WB05N.2.0.0
2026-02-08 19:53:17,143 [WARN] PackLoader:240 - Cannot read IP mode file for wolfSSL.I-CUBE-wolfTPM.3.8.0
2026-02-08 19:53:17,167 [WARN] PackLoader:240 - Cannot read IP mode file for STMicroelectronics.X-CUBE-TCPP.4.2.0
2026-02-08 19:53:17,177 [WARN] PackLoader:240 - Cannot read IP mode file for RealThread.X-CUBE-RT-Thread_Nano.4.1.1
2026-02-08 19:53:17,181 [WARN] PackLoader:240 - Cannot read IP mode file for STMicroelectronics.FP-ATR-SIGFOX1.3.2.0
2026-02-08 19:53:17,185 [WARN] PackLoader:240 - Cannot read IP mode file for ITTIA_DB.I-CUBE-ITTIADB.8.9.0
2026-02-08 19:53:17,190 [WARN] PackLoader:240 - Cannot read IP mode file for STMicroelectronics.X-CUBE-NFC6.3.2.0
2026-02-08 19:53:17,196 [WARN] PackLoader:240 - Cannot read IP mode file for STMicroelectronics.X-CUBE-AI.10.2.0
2026-02-08 19:53:17,215 [WARN] PackLoader:240 - Cannot read IP mode file for SEGGER.I-CUBE-embOS.1.3.1
2026-02-08 19:53:17,257 [WARN] PackLoader:240 - Cannot read IP mode file for STMicroelectronics.X-CUBE-ALGOBUILD.1.4.0
2026-02-08 19:53:17,262 [WARN] PackLoader:240 - Cannot read IP mode file for STMicroelectronics.X-CUBE-PM33A1.1.0.0
2026-02-08 19:53:17,269 [WARN] PackLoader:240 - Cannot read IP mode file for STMicroelectronics.X-CUBE-AZRTOS-F4.1.1.0
2026-02-08 19:53:17,273 [WARN] PackLoader:240 - Cannot read IP mode file for STMicroelectronics.X-CUBE-ISPU.2.1.0
2026-02-08 19:53:17,277 [ERROR] Engine:466 - C:\Users\Lenovo\.stm32cubemx\thirdparties\pdsc\STMicroelectronics.X-CUBE-IPS.3.2.0.pdsc: PDSC version is not supported
2026-02-08 19:53:17,281 [WARN] PackLoader:240 - Cannot read IP mode file for STMicroelectronics.X-CUBE-NFC12.1.0.0
2026-02-08 19:53:17,291 [WARN] PackLoader:240 - Cannot read IP mode file for STMicroelectronics.X-CUBE-AZRTOS-L5.2.0.0
2026-02-08 19:53:17,298 [WARN] PackLoader:240 - Cannot read IP mode file for STMicroelectronics.X-CUBE-TOUCHGFX.4.26.0
2026-02-08 19:53:17,301 [WARN] PackLoader:240 - Cannot read IP mode file for STMicroelectronics.FP-SNS-STAIOTCFT.1.0.0
2026-02-08 19:53:17,307 [WARN] PackLoader:240 - Cannot read IP mode file for STMicroelectronics.X-CUBE-DPower.1.3.0
2026-02-08 19:53:17,317 [WARN] ConditionMgr:438 - getConditionDescription Invalid condition id : LAN8742 Phy interface Condition cause : null
2026-02-08 19:53:17,318 [WARN] PackLoader:240 - Cannot read IP mode file for STMicroelectronics.X-CUBE-AZRTOS-L4.2.0.0
2026-02-08 19:53:17,319 [WARN] ConditionMgr:1044 - genDependencies : Invalid condition id : LAN8742 Phy interface Condition cause : null
2026-02-08 19:53:17,319 [WARN] ConditionMgr:1044 - genDependencies : Invalid condition id : LAN8742 Phy interface Condition cause : null
2026-02-08 19:53:17,319 [WARN] ConditionMgr:1044 - genDependencies : Invalid condition id : LAN8742 Phy interface Condition cause : null
2026-02-08 19:53:17,325 [WARN] PackLoader:240 - Cannot read IP mode file for STMicroelectronics.X-CUBE-SFXS2LP1.4.0.0
2026-02-08 19:53:17,328 [ERROR] Engine:466 - C:\Users\Lenovo\.stm32cubemx\thirdparties\pdsc\STMicroelectronics.X-CUBE-ST67W61.1.2.0.pdsc: PDSC version is not supported
2026-02-08 19:53:17,334 [WARN] PackLoader:240 - Cannot read IP mode file for STMicroelectronics.X-CUBE-BLEMGR.4.1.0
2026-02-08 19:53:17,343 [WARN] ConditionMgr:438 - getConditionDescription Invalid condition id : UX DEVICE CLASS RTOS Condition cause : null
2026-02-08 19:53:17,343 [WARN] ConditionMgr:438 - getConditionDescription Invalid condition id : UX DEVICE CLASS RTOS Condition cause : null
2026-02-08 19:53:17,344 [WARN] PackLoader:240 - Cannot read IP mode file for STMicroelectronics.X-CUBE-AZRTOS-WB.2.0.0
2026-02-08 19:53:17,345 [WARN] ConditionMgr:1044 - genDependencies : Invalid condition id : UX DEVICE CLASS RTOS Condition cause : null
2026-02-08 19:53:17,345 [WARN] ConditionMgr:1044 - genDependencies : Invalid condition id : UX DEVICE CLASS RTOS Condition cause : null
2026-02-08 19:53:17,345 [WARN] ConditionMgr:1044 - genDependencies : Invalid condition id : UX DEVICE CLASS RTOS Condition cause : null
2026-02-08 19:53:17,345 [WARN] ConditionMgr:1044 - genDependencies : Invalid condition id : UX DEVICE CLASS RTOS Condition cause : null
2026-02-08 19:53:17,345 [WARN] ConditionMgr:1044 - genDependencies : Invalid condition id : UX DEVICE CLASS RTOS Condition cause : null
2026-02-08 19:53:17,349 [WARN] ConditionMgr:438 - getConditionDescription Invalid condition id : Cortex-A Device cause : null
2026-02-08 19:53:17,365 [WARN] ConditionMgr:1044 - genDependencies : Invalid condition id : Cortex-A Device cause : null
2026-02-08 19:53:17,365 [WARN] ConditionMgr:1044 - genDependencies : Invalid condition id : Cortex-A Device cause : null
2026-02-08 19:53:17,365 [WARN] ConditionMgr:1044 - genDependencies : Invalid condition id : Cortex-A Device cause : null
2026-02-08 19:53:17,370 [WARN] PackLoader:240 - Cannot read IP mode file for STMicroelectronics.X-CUBE-STSE01.2.0.0
2026-02-08 19:53:17,383 [WARN] PackLoader:240 - Cannot read IP mode file for STMicroelectronics.X-CUBE-SUBG2.5.0.0
2026-02-08 19:53:17,393 [WARN] PackLoader:240 - Cannot read IP mode file for STMicroelectronics.X-CUBE-AZRTOS-G4.2.0.0
2026-02-08 19:53:17,397 [WARN] PackLoader:240 - Cannot read IP mode file for wolfSSL.I-CUBE-wolfSSH.1.4.20
2026-02-08 19:53:17,400 [WARN] PackLoader:240 - Cannot read IP mode file for STMicroelectronics.X-CUBE-NFC7.2.0.0
2026-02-08 19:53:17,402 [WARN] PackLoader:240 - Cannot read IP mode file for STMicroelectronics.X-CUBE-ALS.1.0.2
2026-02-08 19:53:17,409 [WARN] PackLoader:240 - Cannot read IP mode file for STMicroelectronics.X-CUBE-TOF1.3.4.3
2026-02-08 19:53:17,414 [INFO] ThirdParty:978 - Integrity check success = true
2026-02-08 19:53:17,415 [INFO] IntegrityCheckThread:100 - exiting critical section [integrity check]
2026-02-08 19:53:17,415 [INFO] IntegrityCheckThread:103 - End integrity checks thread
2026-02-08 19:53:17,458 [ERROR] LogOutputStream:75 - [STDERR_REDIRECT] [Fatal Error] :1:1: Premature end of file.
2026-02-08 19:53:17,459 [ERROR] LogOutputStream:75 - [STDERR_REDIRECT] 
2026-02-08 19:53:18,461 [ERROR] LogOutputStream:75 - [STDERR_REDIRECT] [Fatal Error] :1:1: Premature end of file.
2026-02-08 19:53:18,462 [ERROR] LogOutputStream:75 - [STDERR_REDIRECT] 
2026-02-08 19:53:19,467 [ERROR] LogOutputStream:75 - [STDERR_REDIRECT] [Fatal Error] :1:1: Premature end of file.
2026-02-08 19:53:19,467 [ERROR] LogOutputStream:75 - [STDERR_REDIRECT] 
2026-02-08 19:53:20,465 [ERROR] LogOutputStream:75 - [STDERR_REDIRECT] [Fatal Error] :1:1: Premature end of file.
2026-02-08 19:53:20,465 [ERROR] LogOutputStream:75 - [STDERR_REDIRECT] 
2026-02-08 19:53:21,465 [ERROR] LogOutputStream:75 - [STDERR_REDIRECT] [Fatal Error] :1:1: Premature end of file.
2026-02-08 19:53:21,465 [ERROR] LogOutputStream:75 - [STDERR_REDIRECT] 
2026-02-08 19:53:22,461 [ERROR] LogOutputStream:75 - [STDERR_REDIRECT] [Fatal Error] :1:1: Premature end of file.
2026-02-08 19:53:22,461 [ERROR] LogOutputStream:75 - [STDERR_REDIRECT] 
2026-02-08 19:53:23,469 [ERROR] LogOutputStream:75 - [STDERR_REDIRECT] [Fatal Error] :1:1: Premature end of file.
2026-02-08 19:53:23,470 [ERROR] LogOutputStream:75 - [STDERR_REDIRECT] 
2026-02-08 19:53:24,457 [ERROR] LogOutputStream:75 - [STDERR_REDIRECT] [Fatal Error] :1:1: Premature end of file.
2026-02-08 19:53:24,458 [ERROR] LogOutputStream:75 - [STDERR_REDIRECT] 
2026-02-08 19:53:25,469 [ERROR] LogOutputStream:75 - [STDERR_REDIRECT] [Fatal Error] :1:1: Premature end of file.
2026-02-08 19:53:25,469 [ERROR] LogOutputStream:75 - [STDERR_REDIRECT] 
2026-02-08 19:53:26,467 [ERROR] LogOutputStream:75 - [STDERR_REDIRECT] [Fatal Error] :1:1: Premature end of file.
2026-02-08 19:53:26,467 [ERROR] LogOutputStream:75 - [STDERR_REDIRECT] 
2026-02-08 19:53:27,468 [ERROR] LogOutputStream:75 - [STDERR_REDIRECT] [Fatal Error] :1:1: Premature end of file.
2026-02-08 19:53:27,469 [ERROR] LogOutputStream:75 - [STDERR_REDIRECT] 
2026-02-08 19:53:28,463 [ERROR] LogOutputStream:75 - [STDERR_REDIRECT] [Fatal Error] :1:1: Premature end of file.
2026-02-08 19:53:28,464 [ERROR] LogOutputStream:75 - [STDERR_REDIRECT] 
2026-02-08 19:53:29,483 [ERROR] LogOutputStream:75 - [STDERR_REDIRECT] [Fatal Error] :1:1: Premature end of file.
2026-02-08 19:53:29,483 [ERROR] LogOutputStream:75 - [STDERR_REDIRECT] 
2026-02-08 19:53:30,490 [ERROR] LogOutputStream:75 - [STDERR_REDIRECT] [Fatal Error] :1:1: Premature end of file.
2026-02-08 19:53:30,490 [ERROR] LogOutputStream:75 - [STDERR_REDIRECT] 
2026-02-08 19:53:31,481 [ERROR] LogOutputStream:75 - [STDERR_REDIRECT] [Fatal Error] :1:1: Premature end of file.
2026-02-08 19:53:31,481 [ERROR] LogOutputStream:75 - [STDERR_REDIRECT] 
2026-02-08 19:53:32,481 [ERROR] LogOutputStream:75 - [STDERR_REDIRECT] [Fatal Error] :1:1: Premature end of file.
2026-02-08 19:53:32,481 [ERROR] LogOutputStream:75 - [STDERR_REDIRECT] 
2026-02-08 19:53:33,483 [ERROR] LogOutputStream:75 - [STDERR_REDIRECT] [Fatal Error] :1:1: Premature end of file.
2026-02-08 19:53:33,483 [ERROR] LogOutputStream:75 - [STDERR_REDIRECT] 
2026-02-08 19:53:34,481 [ERROR] LogOutputStream:75 - [STDERR_REDIRECT] [Fatal Error] :1:1: Premature end of file.
2026-02-08 19:53:34,483 [ERROR] LogOutputStream:75 - [STDERR_REDIRECT] 
2026-02-08 19:53:35,473 [ERROR] LogOutputStream:75 - [STDERR_REDIRECT] [Fatal Error] :1:1: Premature end of file.
2026-02-08 19:53:35,473 [ERROR] LogOutputStream:75 - [STDERR_REDIRECT] 
2026-02-08 19:53:36,459 [ERROR] LogOutputStream:75 - [STDERR_REDIRECT] [Fatal Error] :1:1: Premature end of file.
2026-02-08 19:53:36,459 [ERROR] LogOutputStream:75 - [STDERR_REDIRECT] 
2026-02-08 19:53:37,463 [ERROR] LogOutputStream:75 - [STDERR_REDIRECT] [Fatal Error] :1:1: Premature end of file.
2026-02-08 19:53:37,464 [ERROR] LogOutputStream:75 - [STDERR_REDIRECT] 
2026-02-08 19:53:38,465 [ERROR] LogOutputStream:75 - [STDERR_REDIRECT] [Fatal Error] :1:1: Premature end of file.
2026-02-08 19:53:38,466 [ERROR] LogOutputStream:75 - [STDERR_REDIRECT] 
2026-02-08 19:53:39,476 [ERROR] LogOutputStream:75 - [STDERR_REDIRECT] [Fatal Error] :1:1: Premature end of file.
2026-02-08 19:53:39,477 [ERROR] LogOutputStream:75 - [STDERR_REDIRECT] 
2026-02-08 19:53:40,481 [ERROR] LogOutputStream:75 - [STDERR_REDIRECT] [Fatal Error] :1:1: Premature end of file.
2026-02-08 19:53:40,482 [ERROR] LogOutputStream:75 - [STDERR_REDIRECT] 
2026-02-08 19:53:41,473 [ERROR] LogOutputStream:75 - [STDERR_REDIRECT] [Fatal Error] :1:1: Premature end of file.
2026-02-08 19:53:41,474 [ERROR] LogOutputStream:75 - [STDERR_REDIRECT] 
2026-02-08 19:53:42,463 [ERROR] LogOutputStream:75 - [STDERR_REDIRECT] [Fatal Error] :1:1: Premature end of file.
2026-02-08 19:53:42,464 [ERROR] LogOutputStream:75 - [STDERR_REDIRECT] 
2026-02-08 19:53:43,457 [ERROR] LogOutputStream:75 - [STDERR_REDIRECT] [Fatal Error] :1:1: Premature end of file.
2026-02-08 19:53:43,458 [ERROR] LogOutputStream:75 - [STDERR_REDIRECT] 
2026-02-08 19:53:44,461 [ERROR] LogOutputStream:75 - [STDERR_REDIRECT] [Fatal Error] :1:1: Premature end of file.
2026-02-08 19:53:44,461 [ERROR] LogOutputStream:75 - [STDERR_REDIRECT] 
2026-02-08 19:53:45,460 [ERROR] LogOutputStream:75 - [STDERR_REDIRECT] [Fatal Error] :1:1: Premature end of file.
2026-02-08 19:53:45,461 [ERROR] LogOutputStream:75 - [STDERR_REDIRECT] 
2026-02-08 19:53:45,980 [INFO] McuFinderGlobals:63 - Set McuFinder mode to 2 (CubeIDE integrated)
2026-02-08 19:53:45,982 [INFO] MainUpdater:2872 - connection check result : 10
2026-02-08 19:53:46,285 [INFO] ApiDb:581 - Connected to CubeFinder SQLite database (C:\Users\Lenovo\.stmcufinder\plugins\mcufinder\mcu\cube-finder-db.db)
2026-02-08 19:53:46,345 [INFO] ApiDb:668 - CubeFinder database Data Model version=2.1
2026-02-08 19:53:46,345 [INFO] ApiDb:669 - CubeFinder database Configuration version=3.0.39
2026-02-08 19:53:46,345 [INFO] ApiDb:670 - CubeFinder database generation date=2025-12-22 (1766407740)
2026-02-08 19:53:46,345 [INFO] ApiDb:671 - CubeFinder database FW Pack versions=[FP-ATR-ASTRA1_V2.0.0, FP-SNS-FLIGHT1_V5.1.0, FP-SNS-MOTENV1_V5.1.0, FP-SNS-MOTENVWB1_V1.4.0, FP-SNS-SMARTAG2_V1.2.0, FP-SNS-STBOX1_V2.1.0, STM32Cube_FW_C0_V1.4.0, STM32Cube_FW_F4_V1.28.3, STM32Cube_FW_F7_V1.17.4, STM32Cube_FW_G0_V1.6.2, STM32Cube_FW_G4_V1.6.1, STM32Cube_FW_H5_V1.5.1, STM32Cube_FW_H7RS_V1.3.0, STM32Cube_FW_H7_V1.12.1, STM32Cube_FW_L0_V1.12.2, STM32Cube_FW_L4_V1.18.1, STM32Cube_FW_L5_V1.6.0, STM32Cube_FW_N6_V1.3.0, STM32Cube_FW_U0_V1.3.0, STM32Cube_FW_U3_V1.2.1, STM32Cube_FW_U5_V1.8.0, STM32Cube_FW_WB0_V1.4.0, STM32Cube_FW_WBA_V1.8.0, STM32Cube_FW_WB_V1.24.0, STM32Cube_FW_WL3_V1.3.0, STM32Cube_FW_WL_V1.4.0, X-CUBE-ALGOBUILD_V1.4.0, X-CUBE-ALS_V1.0.2, X-CUBE-AZRTOS-F4_V1.1.0, X-CUBE-AZRTOS-F7_V1.1.0, X-CUBE-AZRTOS-G0_V1.1.0, X-CUBE-AZRTOS-G4_V2.0.0, X-CUBE-AZRTOS-H7RS_V1.1.0, X-CUBE-AZRTOS-H7_V3.4.0, X-CUBE-AZRTOS-L4_V2.0.0, X-CUBE-AZRTOS-L5_V2.0.0, X-CUBE-AZRTOS-WB_V2.0.0, X-CUBE-AZRTOS-WL_V2.0.0, X-CUBE-BLE1_V7.1.0, X-CUBE-BLE2_V3.3.0, X-CUBE-BLEMGR_V4.1.0, X-CUBE-EEPRMA1_V5.2.0, X-CUBE-FREERTOS_V1.3.1, X-CUBE-GNSS1_V6.0.0, X-CUBE-MEMS1_V12.0.0, X-CUBE-NFC4_V3.0.0, X-CUBE-NFC7_V2.0.0, X-CUBE-SFXS2LP1_V4.0.0, X-CUBE-ST67W61_V1.1.0, X-CUBE-SUBG2_V5.0.0, X-CUBE-TOF1_V3.4.3]
2026-02-08 19:53:46,416 [INFO] DbBoardsSqlite:226 - include board P-NUCLEO-WB55-NUCLEO as a kit item of type 'Nucleo-64'
2026-02-08 19:53:46,416 [INFO] DbBoardsSqlite:226 - include board P-NUCLEO-WB55-USBDONGLE as a kit item of type 'Nucleo USB Dongle'
2026-02-08 19:53:46,417 [INFO] DbBoardsSqlite:226 - include board STEVAL-IDP005V1 as a kit item of type 'Evaluation Board'
2026-02-08 19:53:46,417 [INFO] DbBoardsSqlite:226 - include board STEVAL-IDP005V2 as a kit item of type 'Evaluation Board'
2026-02-08 19:53:46,463 [ERROR] LogOutputStream:75 - [STDERR_REDIRECT] [Fatal Error] :1:1: Premature end of file.
2026-02-08 19:53:46,465 [ERROR] LogOutputStream:75 - [STDERR_REDIRECT] 
2026-02-08 19:53:46,486 [INFO] ApiDb:240 - Found 858 in-development CPN: [B-G473E-ZEST1S, B-WB1M-WPAN1, B-WBA5M-WPAN, B-WL5M-SUBG1, NUCLEO-C031C6, NUCLEO-C051C8, NUCLEO-C071RB, NUCLEO-C092RC, NUCLEO-H503RB, NUCLEO-H533RE, NUCLEO-H563ZI, NUCLEO-H7S3L8, NUCLEO-N657X0-Q, NUCLEO-U031R8, NUCLEO-U083RC, NUCLEO-U385RG-Q, NUCLEO-U545RE-Q, NUCLEO-U5A5ZJ-Q, NUCLEO-WB05KZ, NUCLEO-WB07CC, NUCLEO-WB09KE, NUCLEO-WBA52CG, NUCLEO-WBA55CG, NUCLEO-WL33CC1, NUCLEO-WL33CC2, STEVAL-PROTEUS1, STEVAL-SMARTAG2, STEVAL-STWINBX1, STM320518-EVAL, STM32C0116-DK, STM32C011D6Y3TR, STM32C011D6Y6TR, STM32C011F4P3, STM32C011F4P6, STM32C011F4U3, STM32C011F4U6TR, STM32C011F6P3, STM32C011F6P6, STM32C011F6U3, STM32C011F6U6TR, STM32C011J4M3, STM32C011J4M6, STM32C011J6M3, STM32C011J6M6, STM32C0316-DK, STM32C031C4T3, STM32C031C4T6, STM32C031C4U3, STM32C031C4U6, STM32C031C6T3, STM32C031C6T6, STM32C031C6U3, STM32C031C6U6, STM32C031F4P3, STM32C031F4P6, STM32C031F6P3, STM32C031F6P6, STM32C031G4U3, STM32C031G4U6, STM32C031G6U3, STM32C031G6U6, STM32C031K4T3, STM32C031K4T6, STM32C031K4U3, STM32C031K4U6, STM32C031K6T3, STM32C031K6T6, STM32C031K6U3, STM32C031K6U6, STM32C051C6T6, STM32C051C6U6, STM32C051C8T6, STM32C051C8U6, STM32C051D8Y6TR, STM32C051F6P6, STM32C051F8P6, STM32C051G6U6, STM32C051G8U6, STM32C051K6T6, STM32C051K6U6, STM32C051K8T6, STM32C071C8T6, STM32C071C8T6N, STM32C071C8U6, STM32C071C8U6N, STM32C071CBT6, STM32C071CBT6N, STM32C071CBU6, STM32C071CBU6N, STM32C071F8P6, STM32C071F8P6N, STM32C071FBP6, STM32C071FBP6N, STM32C071FBY6TR, STM32C071G8U6, STM32C071G8U6N, STM32C071GBU6, STM32C071GBU6N, STM32C071K8T6, STM32C071K8T6N, STM32C071K8U6, STM32C071K8U6N, STM32C071KBT6, STM32C071KBT6N, STM32C071KBU6, STM32C071KBU6N, STM32C071R8T6, STM32C071R8T6N, STM32C071RBI6N, STM32C071RBT6, STM32C071RBT6N, STM32C091CBT6, STM32C091CBU6, STM32C091CCT6, STM32C091CCU6, STM32C091ECY6TR, STM32C091FBP6, STM32C091FCP6, STM32C091GBU6, STM32C091GCU6, STM32C091KBT6, STM32C091KBU6, STM32C091KCT6, STM32C091KCU6, STM32C091RBT6, STM32C091RCI6, STM32C091RCT6, STM32C092CBT6, STM32C092CBU6, STM32C092CCT6, STM32C092CCU6, STM32C092ECY6TR, STM32C092FBP6, STM32C092FCP6, STM32C092GBU6, STM32C092GCU6, STM32C092KBT6, STM32C092KBU6, STM32C092KCT6, STM32C092KCU6, STM32C092RBT6, STM32C092RCI6, STM32C092RCT6, STM32G071K8TXN, STM32G071K8UXN, STM32G081GBU6N, STM32G081KBT6N, STM32G081KBUXN, STM32G0B1CCT6N, STM32G0B1KCT6, STM32G0B1NEY6TR, STM32G0B1RCT6N, STM32G0C1CCT6, STM32G0C1CCT6N, STM32G0C1CCU6N, STM32G0C1CET6N, STM32G0C1CEU6N, STM32G0C1KCT6, STM32G0C1NEY6TR, STM32G0C1RCI6N, STM32G0C1RCT6N, STM32G0C1REI6N, STM32G0C1RET6N, STM32G0C1VCI6, STM32G0C1VEI6, STM32G411C6T3, STM32G411C6T6, STM32G411C6U3, STM32G411C6U6, STM32G411C8T3, STM32G411C8T6, STM32G411C8U3, STM32G411C8U6, STM32G411CBT3, STM32G411CBT6, STM32G411CBU3, STM32G411CBU6, STM32G411CCT3, STM32G411CCT6, STM32G411CCU3, STM32G411CCU6, STM32G411K6T3, STM32G411K6T6, STM32G411K6U3, STM32G411K6U6, STM32G411K8T3, STM32G411K8T6, STM32G411K8U3, STM32G411K8U6, STM32G411KBT3, STM32G411KBT6, STM32G411KBU3, STM32G411KBU6, STM32G411M6T3, STM32G411M6T6, STM32G411M8T3, STM32G411M8T6, STM32G411MBT3, STM32G411MBT6, STM32G411MCT3, STM32G411MCT6, STM32G411R6T3, STM32G411R6T6, STM32G411R8T3, STM32G411R8T6, STM32G411RBT3, STM32G411RBT6, STM32G411RCT3, STM32G411RCT6, STM32G414CBT3, STM32G414CBT6, STM32G414CBU3, STM32G414CBU6, STM32G414CCT3, STM32G414CCT6, STM32G414CCU3, STM32G414CCU6, STM32G414MBT3, STM32G414MBT6, STM32G414MCT3, STM32G414MCT6, STM32G414RBT3, STM32G414RBT6, STM32G414RCT3, STM32G414RCT6, STM32G414VBT3, STM32G414VBT6, STM32G414VCT3, STM32G414VCT6, STM32G431CBT3Z, STM32G431RBT3Z, STM32G471CCT6, STM32G471CCU6, STM32G471CET3, STM32G471CET6, STM32G471CEU3, STM32G471CEU6, STM32G471MCT6, STM32G471MET3, STM32G471MET6, STM32G471MEY6TR, STM32G471QCT6, STM32G471QET3, STM32G471RCT6, STM32G471RET3, STM32G471RET6, STM32G471VCH6, STM32G471VCI6, STM32G471VCT6, STM32G471VEH3, STM32G471VEH6, STM32G471VEI3, STM32G471VEI6, STM32G471VET3, STM32G471VET6, STM32G473QET3Z, STM32G473RET3Z, STM32G474CCT6, STM32G491RET3Z, STM32H503CBT6, STM32H503CBU6, STM32H503EBY6TR, STM32H503KBU6, STM32H503RBT6, STM32H523CCT6, STM32H523CCU6, STM32H523CET6, STM32H523CEU6, STM32H523HEY6TR, STM32H523RCT6, STM32H523RET6, STM32H523VCI6, STM32H523VCT6, STM32H523VEI6, STM32H523VET6, STM32H523ZCJ6, STM32H523ZCT6, STM32H523ZEJ6, STM32H523ZET6, STM32H533CET6, STM32H533CEU6, STM32H533HEY6TR, STM32H533RET6, STM32H533VEI6, STM32H533VET6, STM32H533ZEJ6, STM32H533ZET6, STM32H562AGI6, STM32H562AII6, STM32H562IGK6, STM32H562IGT6, STM32H562IIK6, STM32H562IIT6, STM32H562RGT6, STM32H562RGV6, STM32H562RIT6, STM32H562RIV6, STM32H562VGT6, STM32H562VIT6, STM32H562ZGT6, STM32H562ZIT6, STM32H563AGI6, STM32H563AII3Q, STM32H563AII6, STM32H563IGK6, STM32H563IGT6, STM32H563IIK3Q, STM32H563IIK6, STM32H563IIT3Q, STM32H563IIT6, STM32H563MIY3QTR, STM32H563RGT6, STM32H563RGV6, STM32H563RIT6, STM32H563RIV6, STM32H563VGT6, STM32H563VIT3Q, STM32H563VIT6, STM32H563ZGT6, STM32H563ZIT3Q, STM32H563ZIT6, STM32H573AII3Q, STM32H573AII6, STM32H573I-DK, STM32H573IIK3Q, STM32H573IIK6, STM32H573IIT3Q, STM32H573IIT6, STM32H573MIY3QTR, STM32H573RIT6, STM32H573RIV6, STM32H573VIT3Q, STM32H573VIT6, STM32H573ZIT3Q, STM32H573ZIT6, STM32H7R3A8I6, STM32H7R3I8K6, STM32H7R3I8T6, STM32H7R3L8H6, STM32H7R3L8H6H, STM32H7R3R8V6, STM32H7R3V8H6, STM32H7R3V8T6, STM32H7R3V8Y6TR, STM32H7R3Z8J6, STM32H7R3Z8T6, STM32H7R7A8I6, STM32H7R7I8K6, STM32H7R7I8T6, STM32H7R7L8H6, STM32H7R7L8H6H, STM32H7R7Z8J6, STM32H7S3A8I6, STM32H7S3I8K6, STM32H7S3I8T6, STM32H7S3L8H6, STM32H7S3L8H6H, STM32H7S3R8V6, STM32H7S3V8H6, STM32H7S3V8T6, STM32H7S3V8Y6TR, STM32H7S3Z8J6, STM32H7S3Z8T6, STM32H7S78-DK, STM32H7S7A8I6, STM32H7S7I8K6, STM32H7S7I8T6, STM32H7S7L8H6, STM32H7S7L8H6H, STM32H7S7Z8J6, STM32L4R5QGI6STR, STM32MP131AAE3, STM32MP131AAF3, STM32MP131AAG3, STM32MP131CAE3, STM32MP131CAF3, STM32MP131CAG3, STM32MP131DAE7, STM32MP131DAF7, STM32MP131DAG7, STM32MP131FAE7, STM32MP131FAF7, STM32MP131FAG7, STM32MP133AAE3, STM32MP133AAF3, STM32MP133AAG3, STM32MP133CAE3, STM32MP133CAF3, STM32MP133CAG3, STM32MP133DAE7, STM32MP133DAF7, STM32MP133DAG7, STM32MP133FAE7, STM32MP133FAF7, STM32MP133FAG7, STM32MP135AAE3, STM32MP135AAF3, STM32MP135AAG3, STM32MP135CAE3, STM32MP135CAF3, STM32MP135CAG3, STM32MP135DAE7, STM32MP135DAF7, STM32MP135DAG7, STM32MP135F-DK, STM32MP135FAE7, STM32MP135FAF7, STM32MP135FAF7T, STM32MP135FAF7U, STM32MP135FAG7, STM32MP231AAJ3, STM32MP231AAK3, STM32MP231AAL3, STM32MP231CAJ3, STM32MP231CAK3, STM32MP231CAL3, STM32MP231DAJ3, STM32MP231DAK3, STM32MP231DAL3, STM32MP231FAJ3, STM32MP231FAK3, STM32MP231FAL3, STM32MP233AAJ3, STM32MP233AAK3, STM32MP233AAL3, STM32MP233CAJ3, STM32MP233CAK3, STM32MP233CAL3, STM32MP233DAJ3, STM32MP233DAK3, STM32MP233DAL3, STM32MP233FAJ3, STM32MP233FAK3, STM32MP233FAL3, STM32MP235AAJ3, STM32MP235AAK3, STM32MP235AAL3, STM32MP235CAJ3, STM32MP235CAK3, STM32MP235CAL3, STM32MP235DAJ3, STM32MP235DAK3, STM32MP235DAL3, STM32MP235FAJ3, STM32MP235FAK3, STM32MP235FAL3, STM32MP251AAI3, STM32MP251AAJ3, STM32MP251AAK3, STM32MP251AAL3, STM32MP251CAI3, STM32MP251CAJ3, STM32MP251CAK3, STM32MP251CAL3, STM32MP251DAI3, STM32MP251DAJ3, STM32MP251DAK3, STM32MP251DAL3, STM32MP251FAI3, STM32MP251FAJ3, STM32MP251FAK3, STM32MP251FAL3, STM32MP253AAI3, STM32MP253AAJ3, STM32MP253AAK3, STM32MP253AAL3, STM32MP253CAI3, STM32MP253CAJ3, STM32MP253CAK3, STM32MP253CAL3, STM32MP253DAI3, STM32MP253DAJ3, STM32MP253DAK3, STM32MP253DAL3, STM32MP253FAI3, STM32MP253FAJ3, STM32MP253FAK3, STM32MP253FAL3, STM32MP255AAI3, STM32MP255AAJ3, STM32MP255AAK3, STM32MP255AAL3, STM32MP255CAI3, STM32MP255CAJ3, STM32MP255CAK3, STM32MP255CAL3, STM32MP255DAI3, STM32MP255DAJ3, STM32MP255DAK3, STM32MP255DAL3, STM32MP255FAI3, STM32MP255FAJ3, STM32MP255FAK3, STM32MP255FAL3, STM32MP257AAI3, STM32MP257AAJ3, STM32MP257AAK3, STM32MP257AAL3, STM32MP257CAI3, STM32MP257CAJ3, STM32MP257CAK3, STM32MP257CAL3, STM32MP257DAI3, STM32MP257DAJ3, STM32MP257DAK3, STM32MP257DAL3, STM32MP257F-DK, STM32MP257F-EV1, STM32MP257FAI3, STM32MP257FAJ3, STM32MP257FAK3, STM32MP257FAL3, STM32N645A0H3Q, STM32N645B0H3Q, STM32N645I0H3Q, STM32N645L0H3Q, STM32N645X0H3Q, STM32N645Z0H3Q, STM32N647A0H3Q, STM32N647B0H3Q, STM32N647I0H3Q, STM32N647L0H3Q, STM32N647X0H3Q, STM32N647Z0H3Q, STM32N655A0H3Q, STM32N655B0H3Q, STM32N655I0H3Q, STM32N655L0H3Q, STM32N655X0H3Q, STM32N655Z0H3Q, STM32N6570-DK, STM32N657A0H3Q, STM32N657B0H3Q, STM32N657I0H3Q, STM32N657L0H3Q, STM32N657X0H3Q, STM32N657Z0H3Q, STM32U031C6T6, STM32U031C6U6, STM32U031C8T6, STM32U031C8U6, STM32U031F4P6, STM32U031F6P6, STM32U031F8P6, STM32U031G6Y6TR, STM32U031G8Y6TR, STM32U031K4U6, STM32U031K6U6, STM32U031K8U6, STM32U031R6I6, STM32U031R6T6, STM32U031R8I6, STM32U031R8T6, STM32U073C8T6, STM32U073C8U6, STM32U073CBT6, STM32U073CBU6, STM32U073CCT6, STM32U073CCU6, STM32U073H8Y6TR, STM32U073HBY6TR, STM32U073HCY6TR, STM32U073K8U6, STM32U073KBU6, STM32U073KCU6, STM32U073M8I6, STM32U073M8T6, STM32U073MBI6, STM32U073MBT6, STM32U073MCI6, STM32U073MCT6, STM32U073R8I6, STM32U073R8T6, STM32U073RBI6, STM32U073RBT6, STM32U073RCI6, STM32U073RCT6, STM32U083C-DK, STM32U083CCT6, STM32U083CCU6, STM32U083HCY6TR, STM32U083KCU6, STM32U083MCI6, STM32U083MCT6, STM32U083RCI6, STM32U083RCT6, STM32U375CET6, STM32U375CET6Q, STM32U375CEU6, STM32U375CEU6Q, STM32U375CEY6QTR, STM32U375CGT6, STM32U375CGT6Q, STM32U375CGU6, STM32U375CGU6Q, STM32U375CGY6QTR, STM32U375KEU6, STM32U375KGU6, STM32U375REI6, STM32U375REI6Q, STM32U375RET6, STM32U375RET6Q, STM32U375REY6GTR, STM32U375REY6QTR, STM32U375RGI6, STM32U375RGI6Q, STM32U375RGT6, STM32U375RGT6Q, STM32U375RGY6GTR, STM32U375RGY6QTR, STM32U375VEI6, STM32U375VEI6Q, STM32U375VET6, STM32U375VET6Q, STM32U375VGI6, STM32U375VGI6Q, STM32U375VGT6, STM32U375VGT6Q, STM32U385CGT6, STM32U385CGT6Q, STM32U385CGU6, STM32U385CGU6Q, STM32U385CGY6QTR, STM32U385KGU6, STM32U385RGI6, STM32U385RGI6Q, STM32U385RGT6, STM32U385RGT6Q, STM32U385RGY6GTR, STM32U385RGY6QTR, STM32U385VGI6, STM32U385VGI6Q, STM32U385VGT6, STM32U385VGT6Q, STM32U535CBT6, STM32U535CBT6Q, STM32U535CBU6, STM32U535CBU6Q, STM32U535CCT6, STM32U535CCT6Q, STM32U535CCU6, STM32U535CCU6Q, STM32U535CET6, STM32U535CET6Q, STM32U535CEU6, STM32U535CEU6Q, STM32U535JEY6QTR, STM32U535NCY6QTR, STM32U535NEY6QTR, STM32U535RBI6, STM32U535RBI6Q, STM32U535RBT6, STM32U535RBT6Q, STM32U535RCI6, STM32U535RCI6Q, STM32U535RCT6, STM32U535RCT6Q, STM32U535REI6, STM32U535REI6Q, STM32U535RET6, STM32U535RET6Q, STM32U535VCI6, STM32U535VCI6Q, STM32U535VCT6, STM32U535VCT6Q, STM32U535VEI6, STM32U535VEI6Q, STM32U535VET6, STM32U535VET6Q, STM32U545CET6, STM32U545CET6Q, STM32U545CEU6, STM32U545CEU6Q, STM32U545JEY6QTR, STM32U545NEY6QTR, STM32U545REI6, STM32U545REI6Q, STM32U545RET6, STM32U545RET6Q, STM32U545VEI6, STM32U545VEI6Q, STM32U545VET6, STM32U545VET6Q, STM32U595AIH6, STM32U595AIH6Q, STM32U595AJH6, STM32U595AJH6Q, STM32U595QII6, STM32U595QII6Q, STM32U595QJI6, STM32U595QJI6Q, STM32U595RIT6, STM32U595RIT6Q, STM32U595RJT6, STM32U595RJT6Q, STM32U595VIT6, STM32U595VIT6Q, STM32U595VJT6, STM32U595VJT6Q, STM32U595ZIT6, STM32U595ZIT6Q, STM32U595ZIY6QTR, STM32U595ZJT6, STM32U595ZJT6Q, STM32U595ZJY6QTR, STM32U599BJY6QTR, STM32U599NIH6Q, STM32U599NJH6Q, STM32U599VIT6Q, STM32U599VJT6, STM32U599VJT6Q, STM32U599ZIT6Q, STM32U599ZIY6QTR, STM32U599ZJT6Q, STM32U599ZJY6QTR, STM32U5A5AJH6, STM32U5A5AJH6Q, STM32U5A5QII3Q , STM32U5A5QJI6, STM32U5A5QJI6Q, STM32U5A5RJT6, STM32U5A5RJT6Q, STM32U5A5VJT6, STM32U5A5VJT6Q, STM32U5A5ZJT6, STM32U5A5ZJT6Q, STM32U5A5ZJY6QTR, STM32U5A9BJY6QTR, STM32U5A9J-DK, STM32U5A9NJH6Q, STM32U5A9VJT6Q, STM32U5A9ZJT6Q, STM32U5A9ZJY6QTR, STM32U5F7VIT6, STM32U5F7VIT6Q, STM32U5F7VJT6, STM32U5F7VJT6Q, STM32U5F9BJY6QTR, STM32U5F9NJH6Q, STM32U5F9VIT6Q, STM32U5F9VJT6Q, STM32U5F9ZIJ6QTR, STM32U5F9ZIT6Q, STM32U5F9ZJJ6QTR, STM32U5F9ZJT6Q, STM32U5G7VJT6, STM32U5G7VJT6Q, STM32U5G9BJY6QTR, STM32U5G9J-DK1, STM32U5G9J-DK2, STM32U5G9NJH6Q, STM32U5G9VJT6Q, STM32U5G9ZJJ6QTR, STM32U5G9ZJT6Q, STM32WB05KZV6TR, STM32WB05KZV7TR, STM32WB05TZF6TR, STM32WB05TZF7TR, STM32WB06CCF6TR, STM32WB06CCF7TR, STM32WB06CCV6TR, STM32WB06CCV7TR, STM32WB06KCV6TR, STM32WB06KCV7TR, STM32WB07CCF6TR, STM32WB07CCF7TR, STM32WB07CCV6TR, STM32WB07CCV7TR, STM32WB07KCV6TR, STM32WB07KCV7TR, STM32WB09KEV6TR, STM32WB09KEV7TR, STM32WB09TEF6TR, STM32WB09TEF7TR, STM32WB1MMCH6, STM32WBA50KGU6, STM32WBA50KGU6TR, STM32WBA52CEU6, STM32WBA52CEU6TR, STM32WBA52CEU7, STM32WBA52CEU7TR, STM32WBA52CGU6, STM32WBA52CGU6TR, STM32WBA52CGU6U, STM32WBA52CGU7, STM32WBA52CGU7TR, STM32WBA52KEU6, STM32WBA52KEU6TR, STM32WBA52KGU6, STM32WBA52KGU6TR, STM32WBA54CEU6, STM32WBA54CEU6TR, STM32WBA54CEU7, STM32WBA54CEU7TR, STM32WBA54CGU6, STM32WBA54CGU6TR, STM32WBA54CGU7, STM32WBA54CGU7TR, STM32WBA54KEU6, STM32WBA54KEU6TR, STM32WBA54KEU7, STM32WBA54KEU7TR, STM32WBA54KGU6, STM32WBA54KGU6TR, STM32WBA54KGU7, STM32WBA54KGU7TR, STM32WBA55CEU6, STM32WBA55CEU6TR, STM32WBA55CEU7, STM32WBA55CEU7TR, STM32WBA55CGU6, STM32WBA55CGU6TR, STM32WBA55CGU6U, STM32WBA55CGU7, STM32WBA55CGU7TR, STM32WBA55G-DK1, STM32WBA55HEF6, STM32WBA55HEF7, STM32WBA55HGF6, STM32WBA55HGF7, STM32WBA55UEI6, STM32WBA55UEI6TR, STM32WBA55UEI7, STM32WBA55UEI7TR, STM32WBA55UGI6, STM32WBA55UGI6TR, STM32WBA55UGI7, STM32WBA55UGI7TR, STM32WBA5MJGH6TR, STM32WBA5MJGH6U, STM32WL33C8V6, STM32WL33C8V6TR, STM32WL33C8V7, STM32WL33C8V7TR, STM32WL33CBV6, STM32WL33CBV6TR, STM32WL33CBV7, STM32WL33CBV7TR, STM32WL33CCV6, STM32WL33CCV6TR, STM32WL33CCV7, STM32WL33CCV7A, STM32WL33CCV7ATR, STM32WL33CCV7TR, STM32WL33K8V6, STM32WL33K8V6TR, STM32WL33K8V7, STM32WL33K8V7TR, STM32WL33KBV6, STM32WL33KBV6TR, STM32WL33KBV7, STM32WL33KBV7TR, STM32WL33KCV6, STM32WL33KCV6TR, STM32WL33KCV7, STM32WL33KCV7TR, STM32WL5MOCH6, STM32WL5MOCH6TR]
2026-02-08 19:53:46,493 [INFO] ApiDb:668 - CubeFinder database Data Model version=2.1
2026-02-08 19:53:46,493 [INFO] ApiDb:669 - CubeFinder database Configuration version=3.0.39
2026-02-08 19:53:46,493 [INFO] ApiDb:670 - CubeFinder database generation date=2025-12-22 (1766407740)
2026-02-08 19:53:46,493 [INFO] ApiDb:671 - CubeFinder database FW Pack versions=[FP-ATR-ASTRA1_V2.0.0, FP-SNS-FLIGHT1_V5.1.0, FP-SNS-MOTENV1_V5.1.0, FP-SNS-MOTENVWB1_V1.4.0, FP-SNS-SMARTAG2_V1.2.0, FP-SNS-STBOX1_V2.1.0, STM32Cube_FW_C0_V1.4.0, STM32Cube_FW_F4_V1.28.3, STM32Cube_FW_F7_V1.17.4, STM32Cube_FW_G0_V1.6.2, STM32Cube_FW_G4_V1.6.1, STM32Cube_FW_H5_V1.5.1, STM32Cube_FW_H7RS_V1.3.0, STM32Cube_FW_H7_V1.12.1, STM32Cube_FW_L0_V1.12.2, STM32Cube_FW_L4_V1.18.1, STM32Cube_FW_L5_V1.6.0, STM32Cube_FW_N6_V1.3.0, STM32Cube_FW_U0_V1.3.0, STM32Cube_FW_U3_V1.2.1, STM32Cube_FW_U5_V1.8.0, STM32Cube_FW_WB0_V1.4.0, STM32Cube_FW_WBA_V1.8.0, STM32Cube_FW_WB_V1.24.0, STM32Cube_FW_WL3_V1.3.0, STM32Cube_FW_WL_V1.4.0, X-CUBE-ALGOBUILD_V1.4.0, X-CUBE-ALS_V1.0.2, X-CUBE-AZRTOS-F4_V1.1.0, X-CUBE-AZRTOS-F7_V1.1.0, X-CUBE-AZRTOS-G0_V1.1.0, X-CUBE-AZRTOS-G4_V2.0.0, X-CUBE-AZRTOS-H7RS_V1.1.0, X-CUBE-AZRTOS-H7_V3.4.0, X-CUBE-AZRTOS-L4_V2.0.0, X-CUBE-AZRTOS-L5_V2.0.0, X-CUBE-AZRTOS-WB_V2.0.0, X-CUBE-AZRTOS-WL_V2.0.0, X-CUBE-BLE1_V7.1.0, X-CUBE-BLE2_V3.3.0, X-CUBE-BLEMGR_V4.1.0, X-CUBE-EEPRMA1_V5.2.0, X-CUBE-FREERTOS_V1.3.1, X-CUBE-GNSS1_V6.0.0, X-CUBE-MEMS1_V12.0.0, X-CUBE-NFC4_V3.0.0, X-CUBE-NFC7_V2.0.0, X-CUBE-SFXS2LP1_V4.0.0, X-CUBE-ST67W61_V1.1.0, X-CUBE-SUBG2_V5.0.0, X-CUBE-TOF1_V3.4.3]
2026-02-08 19:53:47,457 [ERROR] LogOutputStream:75 - [STDERR_REDIRECT] [Fatal Error] :1:1: Premature end of file.
2026-02-08 19:53:47,457 [ERROR] LogOutputStream:75 - [STDERR_REDIRECT] 
2026-02-08 19:53:48,215 [INFO] ApiDb:240 - Found 858 in-development CPN: [B-G473E-ZEST1S, B-WB1M-WPAN1, B-WBA5M-WPAN, B-WL5M-SUBG1, NUCLEO-C031C6, NUCLEO-C051C8, NUCLEO-C071RB, NUCLEO-C092RC, NUCLEO-H503RB, NUCLEO-H533RE, NUCLEO-H563ZI, NUCLEO-H7S3L8, NUCLEO-N657X0-Q, NUCLEO-U031R8, NUCLEO-U083RC, NUCLEO-U385RG-Q, NUCLEO-U545RE-Q, NUCLEO-U5A5ZJ-Q, NUCLEO-WB05KZ, NUCLEO-WB07CC, NUCLEO-WB09KE, NUCLEO-WBA52CG, NUCLEO-WBA55CG, NUCLEO-WL33CC1, NUCLEO-WL33CC2, STEVAL-PROTEUS1, STEVAL-SMARTAG2, STEVAL-STWINBX1, STM320518-EVAL, STM32C0116-DK, STM32C011D6Y3TR, STM32C011D6Y6TR, STM32C011F4P3, STM32C011F4P6, STM32C011F4U3, STM32C011F4U6TR, STM32C011F6P3, STM32C011F6P6, STM32C011F6U3, STM32C011F6U6TR, STM32C011J4M3, STM32C011J4M6, STM32C011J6M3, STM32C011J6M6, STM32C0316-DK, STM32C031C4T3, STM32C031C4T6, STM32C031C4U3, STM32C031C4U6, STM32C031C6T3, STM32C031C6T6, STM32C031C6U3, STM32C031C6U6, STM32C031F4P3, STM32C031F4P6, STM32C031F6P3, STM32C031F6P6, STM32C031G4U3, STM32C031G4U6, STM32C031G6U3, STM32C031G6U6, STM32C031K4T3, STM32C031K4T6, STM32C031K4U3, STM32C031K4U6, STM32C031K6T3, STM32C031K6T6, STM32C031K6U3, STM32C031K6U6, STM32C051C6T6, STM32C051C6U6, STM32C051C8T6, STM32C051C8U6, STM32C051D8Y6TR, STM32C051F6P6, STM32C051F8P6, STM32C051G6U6, STM32C051G8U6, STM32C051K6T6, STM32C051K6U6, STM32C051K8T6, STM32C071C8T6, STM32C071C8T6N, STM32C071C8U6, STM32C071C8U6N, STM32C071CBT6, STM32C071CBT6N, STM32C071CBU6, STM32C071CBU6N, STM32C071F8P6, STM32C071F8P6N, STM32C071FBP6, STM32C071FBP6N, STM32C071FBY6TR, STM32C071G8U6, STM32C071G8U6N, STM32C071GBU6, STM32C071GBU6N, STM32C071K8T6, STM32C071K8T6N, STM32C071K8U6, STM32C071K8U6N, STM32C071KBT6, STM32C071KBT6N, STM32C071KBU6, STM32C071KBU6N, STM32C071R8T6, STM32C071R8T6N, STM32C071RBI6N, STM32C071RBT6, STM32C071RBT6N, STM32C091CBT6, STM32C091CBU6, STM32C091CCT6, STM32C091CCU6, STM32C091ECY6TR, STM32C091FBP6, STM32C091FCP6, STM32C091GBU6, STM32C091GCU6, STM32C091KBT6, STM32C091KBU6, STM32C091KCT6, STM32C091KCU6, STM32C091RBT6, STM32C091RCI6, STM32C091RCT6, STM32C092CBT6, STM32C092CBU6, STM32C092CCT6, STM32C092CCU6, STM32C092ECY6TR, STM32C092FBP6, STM32C092FCP6, STM32C092GBU6, STM32C092GCU6, STM32C092KBT6, STM32C092KBU6, STM32C092KCT6, STM32C092KCU6, STM32C092RBT6, STM32C092RCI6, STM32C092RCT6, STM32G071K8TXN, STM32G071K8UXN, STM32G081GBU6N, STM32G081KBT6N, STM32G081KBUXN, STM32G0B1CCT6N, STM32G0B1KCT6, STM32G0B1NEY6TR, STM32G0B1RCT6N, STM32G0C1CCT6, STM32G0C1CCT6N, STM32G0C1CCU6N, STM32G0C1CET6N, STM32G0C1CEU6N, STM32G0C1KCT6, STM32G0C1NEY6TR, STM32G0C1RCI6N, STM32G0C1RCT6N, STM32G0C1REI6N, STM32G0C1RET6N, STM32G0C1VCI6, STM32G0C1VEI6, STM32G411C6T3, STM32G411C6T6, STM32G411C6U3, STM32G411C6U6, STM32G411C8T3, STM32G411C8T6, STM32G411C8U3, STM32G411C8U6, STM32G411CBT3, STM32G411CBT6, STM32G411CBU3, STM32G411CBU6, STM32G411CCT3, STM32G411CCT6, STM32G411CCU3, STM32G411CCU6, STM32G411K6T3, STM32G411K6T6, STM32G411K6U3, STM32G411K6U6, STM32G411K8T3, STM32G411K8T6, STM32G411K8U3, STM32G411K8U6, STM32G411KBT3, STM32G411KBT6, STM32G411KBU3, STM32G411KBU6, STM32G411M6T3, STM32G411M6T6, STM32G411M8T3, STM32G411M8T6, STM32G411MBT3, STM32G411MBT6, STM32G411MCT3, STM32G411MCT6, STM32G411R6T3, STM32G411R6T6, STM32G411R8T3, STM32G411R8T6, STM32G411RBT3, STM32G411RBT6, STM32G411RCT3, STM32G411RCT6, STM32G414CBT3, STM32G414CBT6, STM32G414CBU3, STM32G414CBU6, STM32G414CCT3, STM32G414CCT6, STM32G414CCU3, STM32G414CCU6, STM32G414MBT3, STM32G414MBT6, STM32G414MCT3, STM32G414MCT6, STM32G414RBT3, STM32G414RBT6, STM32G414RCT3, STM32G414RCT6, STM32G414VBT3, STM32G414VBT6, STM32G414VCT3, STM32G414VCT6, STM32G431CBT3Z, STM32G431RBT3Z, STM32G471CCT6, STM32G471CCU6, STM32G471CET3, STM32G471CET6, STM32G471CEU3, STM32G471CEU6, STM32G471MCT6, STM32G471MET3, STM32G471MET6, STM32G471MEY6TR, STM32G471QCT6, STM32G471QET3, STM32G471RCT6, STM32G471RET3, STM32G471RET6, STM32G471VCH6, STM32G471VCI6, STM32G471VCT6, STM32G471VEH3, STM32G471VEH6, STM32G471VEI3, STM32G471VEI6, STM32G471VET3, STM32G471VET6, STM32G473QET3Z, STM32G473RET3Z, STM32G474CCT6, STM32G491RET3Z, STM32H503CBT6, STM32H503CBU6, STM32H503EBY6TR, STM32H503KBU6, STM32H503RBT6, STM32H523CCT6, STM32H523CCU6, STM32H523CET6, STM32H523CEU6, STM32H523HEY6TR, STM32H523RCT6, STM32H523RET6, STM32H523VCI6, STM32H523VCT6, STM32H523VEI6, STM32H523VET6, STM32H523ZCJ6, STM32H523ZCT6, STM32H523ZEJ6, STM32H523ZET6, STM32H533CET6, STM32H533CEU6, STM32H533HEY6TR, STM32H533RET6, STM32H533VEI6, STM32H533VET6, STM32H533ZEJ6, STM32H533ZET6, STM32H562AGI6, STM32H562AII6, STM32H562IGK6, STM32H562IGT6, STM32H562IIK6, STM32H562IIT6, STM32H562RGT6, STM32H562RGV6, STM32H562RIT6, STM32H562RIV6, STM32H562VGT6, STM32H562VIT6, STM32H562ZGT6, STM32H562ZIT6, STM32H563AGI6, STM32H563AII3Q, STM32H563AII6, STM32H563IGK6, STM32H563IGT6, STM32H563IIK3Q, STM32H563IIK6, STM32H563IIT3Q, STM32H563IIT6, STM32H563MIY3QTR, STM32H563RGT6, STM32H563RGV6, STM32H563RIT6, STM32H563RIV6, STM32H563VGT6, STM32H563VIT3Q, STM32H563VIT6, STM32H563ZGT6, STM32H563ZIT3Q, STM32H563ZIT6, STM32H573AII3Q, STM32H573AII6, STM32H573I-DK, STM32H573IIK3Q, STM32H573IIK6, STM32H573IIT3Q, STM32H573IIT6, STM32H573MIY3QTR, STM32H573RIT6, STM32H573RIV6, STM32H573VIT3Q, STM32H573VIT6, STM32H573ZIT3Q, STM32H573ZIT6, STM32H7R3A8I6, STM32H7R3I8K6, STM32H7R3I8T6, STM32H7R3L8H6, STM32H7R3L8H6H, STM32H7R3R8V6, STM32H7R3V8H6, STM32H7R3V8T6, STM32H7R3V8Y6TR, STM32H7R3Z8J6, STM32H7R3Z8T6, STM32H7R7A8I6, STM32H7R7I8K6, STM32H7R7I8T6, STM32H7R7L8H6, STM32H7R7L8H6H, STM32H7R7Z8J6, STM32H7S3A8I6, STM32H7S3I8K6, STM32H7S3I8T6, STM32H7S3L8H6, STM32H7S3L8H6H, STM32H7S3R8V6, STM32H7S3V8H6, STM32H7S3V8T6, STM32H7S3V8Y6TR, STM32H7S3Z8J6, STM32H7S3Z8T6, STM32H7S78-DK, STM32H7S7A8I6, STM32H7S7I8K6, STM32H7S7I8T6, STM32H7S7L8H6, STM32H7S7L8H6H, STM32H7S7Z8J6, STM32L4R5QGI6STR, STM32MP131AAE3, STM32MP131AAF3, STM32MP131AAG3, STM32MP131CAE3, STM32MP131CAF3, STM32MP131CAG3, STM32MP131DAE7, STM32MP131DAF7, STM32MP131DAG7, STM32MP131FAE7, STM32MP131FAF7, STM32MP131FAG7, STM32MP133AAE3, STM32MP133AAF3, STM32MP133AAG3, STM32MP133CAE3, STM32MP133CAF3, STM32MP133CAG3, STM32MP133DAE7, STM32MP133DAF7, STM32MP133DAG7, STM32MP133FAE7, STM32MP133FAF7, STM32MP133FAG7, STM32MP135AAE3, STM32MP135AAF3, STM32MP135AAG3, STM32MP135CAE3, STM32MP135CAF3, STM32MP135CAG3, STM32MP135DAE7, STM32MP135DAF7, STM32MP135DAG7, STM32MP135F-DK, STM32MP135FAE7, STM32MP135FAF7, STM32MP135FAF7T, STM32MP135FAF7U, STM32MP135FAG7, STM32MP231AAJ3, STM32MP231AAK3, STM32MP231AAL3, STM32MP231CAJ3, STM32MP231CAK3, STM32MP231CAL3, STM32MP231DAJ3, STM32MP231DAK3, STM32MP231DAL3, STM32MP231FAJ3, STM32MP231FAK3, STM32MP231FAL3, STM32MP233AAJ3, STM32MP233AAK3, STM32MP233AAL3, STM32MP233CAJ3, STM32MP233CAK3, STM32MP233CAL3, STM32MP233DAJ3, STM32MP233DAK3, STM32MP233DAL3, STM32MP233FAJ3, STM32MP233FAK3, STM32MP233FAL3, STM32MP235AAJ3, STM32MP235AAK3, STM32MP235AAL3, STM32MP235CAJ3, STM32MP235CAK3, STM32MP235CAL3, STM32MP235DAJ3, STM32MP235DAK3, STM32MP235DAL3, STM32MP235FAJ3, STM32MP235FAK3, STM32MP235FAL3, STM32MP251AAI3, STM32MP251AAJ3, STM32MP251AAK3, STM32MP251AAL3, STM32MP251CAI3, STM32MP251CAJ3, STM32MP251CAK3, STM32MP251CAL3, STM32MP251DAI3, STM32MP251DAJ3, STM32MP251DAK3, STM32MP251DAL3, STM32MP251FAI3, STM32MP251FAJ3, STM32MP251FAK3, STM32MP251FAL3, STM32MP253AAI3, STM32MP253AAJ3, STM32MP253AAK3, STM32MP253AAL3, STM32MP253CAI3, STM32MP253CAJ3, STM32MP253CAK3, STM32MP253CAL3, STM32MP253DAI3, STM32MP253DAJ3, STM32MP253DAK3, STM32MP253DAL3, STM32MP253FAI3, STM32MP253FAJ3, STM32MP253FAK3, STM32MP253FAL3, STM32MP255AAI3, STM32MP255AAJ3, STM32MP255AAK3, STM32MP255AAL3, STM32MP255CAI3, STM32MP255CAJ3, STM32MP255CAK3, STM32MP255CAL3, STM32MP255DAI3, STM32MP255DAJ3, STM32MP255DAK3, STM32MP255DAL3, STM32MP255FAI3, STM32MP255FAJ3, STM32MP255FAK3, STM32MP255FAL3, STM32MP257AAI3, STM32MP257AAJ3, STM32MP257AAK3, STM32MP257AAL3, STM32MP257CAI3, STM32MP257CAJ3, STM32MP257CAK3, STM32MP257CAL3, STM32MP257DAI3, STM32MP257DAJ3, STM32MP257DAK3, STM32MP257DAL3, STM32MP257F-DK, STM32MP257F-EV1, STM32MP257FAI3, STM32MP257FAJ3, STM32MP257FAK3, STM32MP257FAL3, STM32N645A0H3Q, STM32N645B0H3Q, STM32N645I0H3Q, STM32N645L0H3Q, STM32N645X0H3Q, STM32N645Z0H3Q, STM32N647A0H3Q, STM32N647B0H3Q, STM32N647I0H3Q, STM32N647L0H3Q, STM32N647X0H3Q, STM32N647Z0H3Q, STM32N655A0H3Q, STM32N655B0H3Q, STM32N655I0H3Q, STM32N655L0H3Q, STM32N655X0H3Q, STM32N655Z0H3Q, STM32N6570-DK, STM32N657A0H3Q, STM32N657B0H3Q, STM32N657I0H3Q, STM32N657L0H3Q, STM32N657X0H3Q, STM32N657Z0H3Q, STM32U031C6T6, STM32U031C6U6, STM32U031C8T6, STM32U031C8U6, STM32U031F4P6, STM32U031F6P6, STM32U031F8P6, STM32U031G6Y6TR, STM32U031G8Y6TR, STM32U031K4U6, STM32U031K6U6, STM32U031K8U6, STM32U031R6I6, STM32U031R6T6, STM32U031R8I6, STM32U031R8T6, STM32U073C8T6, STM32U073C8U6, STM32U073CBT6, STM32U073CBU6, STM32U073CCT6, STM32U073CCU6, STM32U073H8Y6TR, STM32U073HBY6TR, STM32U073HCY6TR, STM32U073K8U6, STM32U073KBU6, STM32U073KCU6, STM32U073M8I6, STM32U073M8T6, STM32U073MBI6, STM32U073MBT6, STM32U073MCI6, STM32U073MCT6, STM32U073R8I6, STM32U073R8T6, STM32U073RBI6, STM32U073RBT6, STM32U073RCI6, STM32U073RCT6, STM32U083C-DK, STM32U083CCT6, STM32U083CCU6, STM32U083HCY6TR, STM32U083KCU6, STM32U083MCI6, STM32U083MCT6, STM32U083RCI6, STM32U083RCT6, STM32U375CET6, STM32U375CET6Q, STM32U375CEU6, STM32U375CEU6Q, STM32U375CEY6QTR, STM32U375CGT6, STM32U375CGT6Q, STM32U375CGU6, STM32U375CGU6Q, STM32U375CGY6QTR, STM32U375KEU6, STM32U375KGU6, STM32U375REI6, STM32U375REI6Q, STM32U375RET6, STM32U375RET6Q, STM32U375REY6GTR, STM32U375REY6QTR, STM32U375RGI6, STM32U375RGI6Q, STM32U375RGT6, STM32U375RGT6Q, STM32U375RGY6GTR, STM32U375RGY6QTR, STM32U375VEI6, STM32U375VEI6Q, STM32U375VET6, STM32U375VET6Q, STM32U375VGI6, STM32U375VGI6Q, STM32U375VGT6, STM32U375VGT6Q, STM32U385CGT6, STM32U385CGT6Q, STM32U385CGU6, STM32U385CGU6Q, STM32U385CGY6QTR, STM32U385KGU6, STM32U385RGI6, STM32U385RGI6Q, STM32U385RGT6, STM32U385RGT6Q, STM32U385RGY6GTR, STM32U385RGY6QTR, STM32U385VGI6, STM32U385VGI6Q, STM32U385VGT6, STM32U385VGT6Q, STM32U535CBT6, STM32U535CBT6Q, STM32U535CBU6, STM32U535CBU6Q, STM32U535CCT6, STM32U535CCT6Q, STM32U535CCU6, STM32U535CCU6Q, STM32U535CET6, STM32U535CET6Q, STM32U535CEU6, STM32U535CEU6Q, STM32U535JEY6QTR, STM32U535NCY6QTR, STM32U535NEY6QTR, STM32U535RBI6, STM32U535RBI6Q, STM32U535RBT6, STM32U535RBT6Q, STM32U535RCI6, STM32U535RCI6Q, STM32U535RCT6, STM32U535RCT6Q, STM32U535REI6, STM32U535REI6Q, STM32U535RET6, STM32U535RET6Q, STM32U535VCI6, STM32U535VCI6Q, STM32U535VCT6, STM32U535VCT6Q, STM32U535VEI6, STM32U535VEI6Q, STM32U535VET6, STM32U535VET6Q, STM32U545CET6, STM32U545CET6Q, STM32U545CEU6, STM32U545CEU6Q, STM32U545JEY6QTR, STM32U545NEY6QTR, STM32U545REI6, STM32U545REI6Q, STM32U545RET6, STM32U545RET6Q, STM32U545VEI6, STM32U545VEI6Q, STM32U545VET6, STM32U545VET6Q, STM32U595AIH6, STM32U595AIH6Q, STM32U595AJH6, STM32U595AJH6Q, STM32U595QII6, STM32U595QII6Q, STM32U595QJI6, STM32U595QJI6Q, STM32U595RIT6, STM32U595RIT6Q, STM32U595RJT6, STM32U595RJT6Q, STM32U595VIT6, STM32U595VIT6Q, STM32U595VJT6, STM32U595VJT6Q, STM32U595ZIT6, STM32U595ZIT6Q, STM32U595ZIY6QTR, STM32U595ZJT6, STM32U595ZJT6Q, STM32U595ZJY6QTR, STM32U599BJY6QTR, STM32U599NIH6Q, STM32U599NJH6Q, STM32U599VIT6Q, STM32U599VJT6, STM32U599VJT6Q, STM32U599ZIT6Q, STM32U599ZIY6QTR, STM32U599ZJT6Q, STM32U599ZJY6QTR, STM32U5A5AJH6, STM32U5A5AJH6Q, STM32U5A5QII3Q , STM32U5A5QJI6, STM32U5A5QJI6Q, STM32U5A5RJT6, STM32U5A5RJT6Q, STM32U5A5VJT6, STM32U5A5VJT6Q, STM32U5A5ZJT6, STM32U5A5ZJT6Q, STM32U5A5ZJY6QTR, STM32U5A9BJY6QTR, STM32U5A9J-DK, STM32U5A9NJH6Q, STM32U5A9VJT6Q, STM32U5A9ZJT6Q, STM32U5A9ZJY6QTR, STM32U5F7VIT6, STM32U5F7VIT6Q, STM32U5F7VJT6, STM32U5F7VJT6Q, STM32U5F9BJY6QTR, STM32U5F9NJH6Q, STM32U5F9VIT6Q, STM32U5F9VJT6Q, STM32U5F9ZIJ6QTR, STM32U5F9ZIT6Q, STM32U5F9ZJJ6QTR, STM32U5F9ZJT6Q, STM32U5G7VJT6, STM32U5G7VJT6Q, STM32U5G9BJY6QTR, STM32U5G9J-DK1, STM32U5G9J-DK2, STM32U5G9NJH6Q, STM32U5G9VJT6Q, STM32U5G9ZJJ6QTR, STM32U5G9ZJT6Q, STM32WB05KZV6TR, STM32WB05KZV7TR, STM32WB05TZF6TR, STM32WB05TZF7TR, STM32WB06CCF6TR, STM32WB06CCF7TR, STM32WB06CCV6TR, STM32WB06CCV7TR, STM32WB06KCV6TR, STM32WB06KCV7TR, STM32WB07CCF6TR, STM32WB07CCF7TR, STM32WB07CCV6TR, STM32WB07CCV7TR, STM32WB07KCV6TR, STM32WB07KCV7TR, STM32WB09KEV6TR, STM32WB09KEV7TR, STM32WB09TEF6TR, STM32WB09TEF7TR, STM32WB1MMCH6, STM32WBA50KGU6, STM32WBA50KGU6TR, STM32WBA52CEU6, STM32WBA52CEU6TR, STM32WBA52CEU7, STM32WBA52CEU7TR, STM32WBA52CGU6, STM32WBA52CGU6TR, STM32WBA52CGU6U, STM32WBA52CGU7, STM32WBA52CGU7TR, STM32WBA52KEU6, STM32WBA52KEU6TR, STM32WBA52KGU6, STM32WBA52KGU6TR, STM32WBA54CEU6, STM32WBA54CEU6TR, STM32WBA54CEU7, STM32WBA54CEU7TR, STM32WBA54CGU6, STM32WBA54CGU6TR, STM32WBA54CGU7, STM32WBA54CGU7TR, STM32WBA54KEU6, STM32WBA54KEU6TR, STM32WBA54KEU7, STM32WBA54KEU7TR, STM32WBA54KGU6, STM32WBA54KGU6TR, STM32WBA54KGU7, STM32WBA54KGU7TR, STM32WBA55CEU6, STM32WBA55CEU6TR, STM32WBA55CEU7, STM32WBA55CEU7TR, STM32WBA55CGU6, STM32WBA55CGU6TR, STM32WBA55CGU6U, STM32WBA55CGU7, STM32WBA55CGU7TR, STM32WBA55G-DK1, STM32WBA55HEF6, STM32WBA55HEF7, STM32WBA55HGF6, STM32WBA55HGF7, STM32WBA55UEI6, STM32WBA55UEI6TR, STM32WBA55UEI7, STM32WBA55UEI7TR, STM32WBA55UGI6, STM32WBA55UGI6TR, STM32WBA55UGI7, STM32WBA55UGI7TR, STM32WBA5MJGH6TR, STM32WBA5MJGH6U, STM32WL33C8V6, STM32WL33C8V6TR, STM32WL33C8V7, STM32WL33C8V7TR, STM32WL33CBV6, STM32WL33CBV6TR, STM32WL33CBV7, STM32WL33CBV7TR, STM32WL33CCV6, STM32WL33CCV6TR, STM32WL33CCV7, STM32WL33CCV7A, STM32WL33CCV7ATR, STM32WL33CCV7TR, STM32WL33K8V6, STM32WL33K8V6TR, STM32WL33K8V7, STM32WL33K8V7TR, STM32WL33KBV6, STM32WL33KBV6TR, STM32WL33KBV7, STM32WL33KBV7TR, STM32WL33KCV6, STM32WL33KCV6TR, STM32WL33KCV7, STM32WL33KCV7TR, STM32WL5MOCH6, STM32WL5MOCH6TR]
2026-02-08 19:53:48,220 [INFO] DbMcus:218 - Found 4817 MCUs, 4817 are supported
2026-02-08 19:53:48,220 [INFO] ApiDb:423 - Load user favorites file C:\Users\Lenovo/.stm32cubeide/favorites.mcus.txt: 0 item(s)
2026-02-08 19:53:48,220 [INFO] ApiDb:427 - User favorites MCUs=[]
2026-02-08 19:53:48,220 [INFO] DbMcus:224 - Set 0 / 0 favorites MCUs
2026-02-08 19:53:48,460 [ERROR] LogOutputStream:75 - [STDERR_REDIRECT] [Fatal Error] :1:1: Premature end of file.
2026-02-08 19:53:48,460 [ERROR] LogOutputStream:75 - [STDERR_REDIRECT] 
2026-02-08 19:53:48,647 [INFO] BoardInfo:889 - No configuration file found for board NUCLEO-WBA65RI
2026-02-08 19:53:48,649 [INFO] DbBoards:161 - Board is not supported: NUCLEO-WBA65RI
2026-02-08 19:53:48,658 [INFO] BoardInfo:889 - No configuration file found for board P-NUCLEO-WB55
2026-02-08 19:53:48,659 [INFO] DbBoards:161 - Kit is not supported: P-NUCLEO-WB55
2026-02-08 19:53:48,665 [INFO] BoardInfo:889 - No configuration file found for board STEVAL-BFA001V1B
2026-02-08 19:53:48,666 [INFO] DbBoards:161 - Kit is not supported: STEVAL-BFA001V1B
2026-02-08 19:53:48,667 [INFO] BoardInfo:889 - No configuration file found for board STEVAL-BFA001V2B
2026-02-08 19:53:48,668 [INFO] DbBoards:161 - Kit is not supported: STEVAL-BFA001V2B
2026-02-08 19:53:48,848 [INFO] BoardInfo:889 - No configuration file found for board STM32WBA65I-DK1
2026-02-08 19:53:48,850 [INFO] DbBoards:161 - Board is not supported: STM32WBA65I-DK1
2026-02-08 19:53:48,850 [INFO] DbBoards:168 - Found 211 boards, 206 are supported
2026-02-08 19:53:48,850 [INFO] DbBoards:169 - Found 211 boards, 42 of them is supported for  Bsp
2026-02-08 19:53:48,853 [INFO] ApiDb:423 - Load user favorites file C:\Users\Lenovo/.stm32cubeide/favorites.boards.txt: 0 item(s)
2026-02-08 19:53:48,853 [INFO] ApiDb:427 - User favorites Boards=[]
2026-02-08 19:53:48,853 [INFO] DbBoards:198 - Set 0 / 0 favorites Boards
2026-02-08 19:53:48,853 [INFO] McuFinderGlobals:76 - Set McuFinderConnectedMode to true
2026-02-08 19:53:48,858 [INFO] MultiScanPanel:200 - Auto-refresh data requested => check proxy status ongoing
2026-02-08 19:53:48,860 [INFO] FinderPluginLoader:95 - Searching for filters in installed packs
2026-02-08 19:53:49,462 [ERROR] LogOutputStream:75 - [STDERR_REDIRECT] [Fatal Error] :1:1: Premature end of file.
2026-02-08 19:53:49,463 [ERROR] LogOutputStream:75 - [STDERR_REDIRECT] 
2026-02-08 19:53:50,087 [INFO] LoadUrlFilesThread:185 - End of LoadServerUrlFiles without Thread
2026-02-08 19:53:50,140 [INFO] DetailPanel:341 - Set advertising image to C:/Users/Lenovo/STM32Cube/Repository/\en.prom-stm32mp21-0126.png
2026-02-08 19:53:50,472 [ERROR] LogOutputStream:75 - [STDERR_REDIRECT] [Fatal Error] :1:1: Premature end of file.
2026-02-08 19:53:50,472 [ERROR] LogOutputStream:75 - [STDERR_REDIRECT] 
2026-02-08 19:53:51,465 [ERROR] LogOutputStream:75 - [STDERR_REDIRECT] [Fatal Error] :1:1: Premature end of file.
2026-02-08 19:53:51,466 [ERROR] LogOutputStream:75 - [STDERR_REDIRECT] 
2026-02-08 19:53:52,461 [ERROR] LogOutputStream:75 - [STDERR_REDIRECT] [Fatal Error] :1:1: Premature end of file.
2026-02-08 19:53:52,461 [ERROR] LogOutputStream:75 - [STDERR_REDIRECT] 
2026-02-08 19:53:53,454 [ERROR] LogOutputStream:75 - [STDERR_REDIRECT] [Fatal Error] :1:1: Premature end of file.
2026-02-08 19:53:53,454 [ERROR] LogOutputStream:75 - [STDERR_REDIRECT] 
2026-02-08 19:53:54,460 [ERROR] LogOutputStream:75 - [STDERR_REDIRECT] [Fatal Error] :1:1: Premature end of file.
2026-02-08 19:53:54,460 [ERROR] LogOutputStream:75 - [STDERR_REDIRECT] 
2026-02-08 19:53:55,458 [ERROR] LogOutputStream:75 - [STDERR_REDIRECT] [Fatal Error] :1:1: Premature end of file.
2026-02-08 19:53:55,458 [ERROR] LogOutputStream:75 - [STDERR_REDIRECT] 
2026-02-08 19:53:55,797 [INFO] MultiScanPanel:200 - Auto-refresh data requested => check proxy status ongoing
2026-02-08 19:53:55,987 [INFO] LoadUrlFilesThread:185 - End of LoadServerUrlFiles without Thread
2026-02-08 19:53:55,987 [INFO] DetailPanel:341 - Set advertising image to C:/Users/Lenovo/STM32Cube/Repository/\en.prom-stm32mp21-0126.png
2026-02-08 19:53:56,003 [INFO] DbBoards:642 - Loading board mini-images...
2026-02-08 19:53:56,457 [ERROR] LogOutputStream:75 - [STDERR_REDIRECT] [Fatal Error] :1:1: Premature end of file.
2026-02-08 19:53:56,458 [ERROR] LogOutputStream:75 - [STDERR_REDIRECT] 
2026-02-08 19:53:57,457 [ERROR] LogOutputStream:75 - [STDERR_REDIRECT] [Fatal Error] :1:1: Premature end of file.
2026-02-08 19:53:57,457 [ERROR] LogOutputStream:75 - [STDERR_REDIRECT] 
2026-02-08 19:53:57,866 [INFO] DbBoards:665 - Loaded 211 board mini-images
2026-02-08 19:53:58,457 [ERROR] LogOutputStream:75 - [STDERR_REDIRECT] [Fatal Error] :1:1: Premature end of file.
2026-02-08 19:53:58,457 [ERROR] LogOutputStream:75 - [STDERR_REDIRECT] 
2026-02-08 19:53:59,467 [ERROR] LogOutputStream:75 - [STDERR_REDIRECT] [Fatal Error] :1:1: Premature end of file.
2026-02-08 19:53:59,467 [ERROR] LogOutputStream:75 - [STDERR_REDIRECT] 
2026-02-08 19:54:00,473 [ERROR] LogOutputStream:75 - [STDERR_REDIRECT] [Fatal Error] :1:1: Premature end of file.
2026-02-08 19:54:00,473 [ERROR] LogOutputStream:75 - [STDERR_REDIRECT] 
2026-02-08 19:54:01,459 [ERROR] LogOutputStream:75 - [STDERR_REDIRECT] [Fatal Error] :1:1: Premature end of file.
2026-02-08 19:54:01,459 [ERROR] LogOutputStream:75 - [STDERR_REDIRECT] 
2026-02-08 19:54:02,460 [ERROR] LogOutputStream:75 - [STDERR_REDIRECT] [Fatal Error] :1:1: Premature end of file.
2026-02-08 19:54:02,461 [ERROR] LogOutputStream:75 - [STDERR_REDIRECT] 
2026-02-08 19:54:03,468 [ERROR] LogOutputStream:75 - [STDERR_REDIRECT] [Fatal Error] :1:1: Premature end of file.
2026-02-08 19:54:03,468 [ERROR] LogOutputStream:75 - [STDERR_REDIRECT] 
2026-02-08 19:54:04,467 [ERROR] LogOutputStream:75 - [STDERR_REDIRECT] [Fatal Error] :1:1: Premature end of file.
2026-02-08 19:54:04,467 [ERROR] LogOutputStream:75 - [STDERR_REDIRECT] 
2026-02-08 19:54:05,457 [ERROR] LogOutputStream:75 - [STDERR_REDIRECT] [Fatal Error] :1:1: Premature end of file.
2026-02-08 19:54:05,457 [ERROR] LogOutputStream:75 - [STDERR_REDIRECT] 
2026-02-08 19:54:06,457 [ERROR] LogOutputStream:75 - [STDERR_REDIRECT] [Fatal Error] :1:1: Premature end of file.
2026-02-08 19:54:06,457 [ERROR] LogOutputStream:75 - [STDERR_REDIRECT] 
2026-02-08 19:54:07,462 [ERROR] LogOutputStream:75 - [STDERR_REDIRECT] [Fatal Error] :1:1: Premature end of file.
2026-02-08 19:54:07,462 [ERROR] LogOutputStream:75 - [STDERR_REDIRECT] 
2026-02-08 19:54:08,458 [ERROR] LogOutputStream:75 - [STDERR_REDIRECT] [Fatal Error] :1:1: Premature end of file.
2026-02-08 19:54:08,458 [ERROR] LogOutputStream:75 - [STDERR_REDIRECT] 
2026-02-08 19:54:09,483 [ERROR] LogOutputStream:75 - [STDERR_REDIRECT] [Fatal Error] :1:1: Premature end of file.
2026-02-08 19:54:09,483 [ERROR] LogOutputStream:75 - [STDERR_REDIRECT] 
2026-02-08 19:54:10,464 [ERROR] LogOutputStream:75 - [STDERR_REDIRECT] [Fatal Error] :1:1: Premature end of file.
2026-02-08 19:54:10,465 [ERROR] LogOutputStream:75 - [STDERR_REDIRECT] 
2026-02-08 19:54:11,461 [ERROR] LogOutputStream:75 - [STDERR_REDIRECT] [Fatal Error] :1:1: Premature end of file.
2026-02-08 19:54:11,461 [ERROR] LogOutputStream:75 - [STDERR_REDIRECT] 
2026-02-08 19:54:12,466 [ERROR] LogOutputStream:75 - [STDERR_REDIRECT] [Fatal Error] :1:1: Premature end of file.
2026-02-08 19:54:12,466 [ERROR] LogOutputStream:75 - [STDERR_REDIRECT] 
2026-02-08 19:54:13,459 [ERROR] LogOutputStream:75 - [STDERR_REDIRECT] [Fatal Error] :1:1: Premature end of file.
2026-02-08 19:54:13,459 [ERROR] LogOutputStream:75 - [STDERR_REDIRECT] 
2026-02-08 19:54:13,938 [INFO] MainUpdater:2872 - connection check result : 10
2026-02-08 19:54:13,938 [INFO] MainUpdater:2872 - connection check result : 10
2026-02-08 19:54:13,969 [INFO] MicroXplorer:468 - Change Database Path : 
2026-02-08 19:54:13,969 [INFO] MicroXplorer:498 - Change Database Version : DB.6.0.130
2026-02-08 19:54:13,975 [WARN] ThirdParty:871 - waiting for thirdparty lock release [close project]
2026-02-08 19:54:13,976 [INFO] ThirdParty:873 - entering critical section [close project]
2026-02-08 19:54:13,976 [INFO] ThirdParty:883 - exiting critical section [close project]
2026-02-08 19:54:13,978 [INFO] PinOutPanel:1589 - setPackage(No Configuration,No Configuration)
2026-02-08 19:54:13,983 [INFO] UtilMem:75 - Begin LoadConfig() Used Memory: 770206784 Bytes (1073741824)
2026-02-08 19:54:13,987 [INFO] OpenFileManager:332 - Change cursor
2026-02-08 19:54:14,058 [INFO] ProjectFactory:442 - No CPN specified for board NUCLEO-F103RB => set CPN to STM32F103RBT6
2026-02-08 19:54:14,059 [INFO] Mcu:2035 - Initializing MCU STM32F103R(8-B)Tx STM32F103RBTx STM32F103RBT6
2026-02-08 19:54:14,464 [ERROR] LogOutputStream:75 - [STDERR_REDIRECT] [Fatal Error] :1:1: Premature end of file.
2026-02-08 19:54:14,465 [ERROR] LogOutputStream:75 - [STDERR_REDIRECT] 
2026-02-08 19:54:15,003 [INFO] Context:748 - Trying to add GPIOservice into a context  which must be forbidden
2026-02-08 19:54:15,201 [INFO] Rule:228 - rule 117617 - U5Cobra4M][GTZC] default value MPCBB3 and MPCBB5 - Not Secured memory - MPCBB1 is applicable
2026-02-08 19:54:15,201 [INFO] Rule:228 - rule 117617 - U5Cobra4M][GTZC] default value MPCBB3 and MPCBB5 - Not Secured memory - MPCBB1 is applicable
2026-02-08 19:54:15,201 [INFO] Rule:228 - rule 117617 - U5Cobra4M][GTZC] default value MPCBB3 and MPCBB5 - Not Secured memory - MPCBB2 is applicable
2026-02-08 19:54:15,201 [INFO] Rule:228 - rule 117617 - U5Cobra4M][GTZC] default value MPCBB3 and MPCBB5 - Not Secured memory - MPCBB2 is applicable
2026-02-08 19:54:15,201 [INFO] Rule:228 - rule 117617 - U5Cobra4M][GTZC] default value MPCBB3 and MPCBB5 - Not Secured memory - MPCBB3 is applicable
2026-02-08 19:54:15,201 [INFO] Rule:228 - rule 117617 - U5Cobra4M][GTZC] default value MPCBB3 and MPCBB5 - Not Secured memory - MPCBB3 is applicable
2026-02-08 19:54:15,201 [INFO] Rule:228 - rule 117617 - U5Cobra4M][GTZC] default value MPCBB3 and MPCBB5 - Not Secured memory - MPCBB4 is applicable
2026-02-08 19:54:15,201 [INFO] Rule:228 - rule 117617 - U5Cobra4M][GTZC] default value MPCBB3 and MPCBB5 - Not Secured memory - MPCBB4 is applicable
2026-02-08 19:54:15,201 [INFO] Rule:228 - rule 117617 - U5Cobra4M][GTZC] default value MPCBB3 and MPCBB5 - Secured memory - MPCBB1 is applicable
2026-02-08 19:54:15,201 [INFO] Rule:228 - rule 117617 - U5Cobra4M][GTZC] default value MPCBB3 and MPCBB5 - Secured memory - MPCBB2 is applicable
2026-02-08 19:54:15,201 [INFO] Rule:228 - rule 117617 - U5Cobra4M][GTZC] default value MPCBB3 and MPCBB5 - Secured memory - MPCBB3 is applicable
2026-02-08 19:54:15,201 [INFO] Rule:228 - rule 117617 - U5Cobra4M][GTZC] default value MPCBB3 and MPCBB5 - Secured memory - MPCBB4 is applicable
2026-02-08 19:54:15,202 [INFO] Rule:228 - rule 117617 - U5Cobra4M][GTZC] default value MPCBB3 and MPCBB5 - Privileged memory - MPCBB1 is applicable
2026-02-08 19:54:15,202 [INFO] Rule:228 - rule 117617 - U5Cobra4M][GTZC] default value MPCBB3 and MPCBB5 - Privileged memory - MPCBB2 is applicable
2026-02-08 19:54:15,202 [INFO] Rule:228 - rule 117617 - U5Cobra4M][GTZC] default value MPCBB3 and MPCBB5 - Privileged memory - MPCBB3 is applicable
2026-02-08 19:54:15,202 [INFO] Rule:228 - rule 117617 - U5Cobra4M][GTZC] default value MPCBB3 and MPCBB5 - Privileged memory - MPCBB4 is applicable
2026-02-08 19:54:15,202 [INFO] Rule:228 - rule 117617 - U5Cobra4M][GTZC] default value MPCBB3 and MPCBB5 - Not Privileged memory - MPCBB1 is applicable
2026-02-08 19:54:15,202 [INFO] Rule:228 - rule 117617 - U5Cobra4M][GTZC] default value MPCBB3 and MPCBB5 - Not Privileged memory - MPCBB2 is applicable
2026-02-08 19:54:15,202 [INFO] Rule:228 - rule 117617 - U5Cobra4M][GTZC] default value MPCBB3 and MPCBB5 - Not Privileged memory - MPCBB3 is applicable
2026-02-08 19:54:15,202 [INFO] Rule:228 - rule 117617 - U5Cobra4M][GTZC] default value MPCBB3 and MPCBB5 - Not Privileged memory - MPCBB4 is applicable
2026-02-08 19:54:15,202 [INFO] Rule:228 - rule 117617 - U5Cobra4M][GTZC] default value MPCBB3 and MPCBB5 - Privileged memory - MPCBB1 is applicable
2026-02-08 19:54:15,202 [INFO] Rule:228 - rule 117617 - U5Cobra4M][GTZC] default value MPCBB3 and MPCBB5 - Privileged memory - MPCBB2 is applicable
2026-02-08 19:54:15,202 [INFO] Rule:228 - rule 117617 - U5Cobra4M][GTZC] default value MPCBB3 and MPCBB5 - Privileged memory - MPCBB3 is applicable
2026-02-08 19:54:15,202 [INFO] Rule:228 - rule 117617 - U5Cobra4M][GTZC] default value MPCBB3 and MPCBB5 - Privileged memory - MPCBB4 is applicable
2026-02-08 19:54:15,202 [INFO] Rule:228 - rule 117617 - U5Cobra4M][GTZC] default value MPCBB3 and MPCBB5 - Privileged memory - MPCBB1 is applicable
2026-02-08 19:54:15,202 [INFO] Rule:228 - rule 117617 - U5Cobra4M][GTZC] default value MPCBB3 and MPCBB5 - Privileged memory - MPCBB2 is applicable
2026-02-08 19:54:15,202 [INFO] Rule:228 - rule 117617 - U5Cobra4M][GTZC] default value MPCBB3 and MPCBB5 - Privileged memory - MPCBB3 is applicable
2026-02-08 19:54:15,202 [INFO] Rule:228 - rule 117617 - U5Cobra4M][GTZC] default value MPCBB3 and MPCBB5 - Privileged memory - MPCBB4 is applicable
2026-02-08 19:54:15,202 [INFO] Rule:228 - rule 117617 - U5Cobra4M][GTZC] default value MPCBB3 and MPCBB5 - Not Privileged memory - MPCBB1 is applicable
2026-02-08 19:54:15,202 [INFO] Rule:228 - rule 117617 - U5Cobra4M][GTZC] default value MPCBB3 and MPCBB5 - Not Privileged memory - MPCBB2 is applicable
2026-02-08 19:54:15,202 [INFO] Rule:228 - rule 117617 - U5Cobra4M][GTZC] default value MPCBB3 and MPCBB5 - Not Privileged memory - MPCBB3 is applicable
2026-02-08 19:54:15,203 [INFO] Rule:228 - rule 117617 - U5Cobra4M][GTZC] default value MPCBB3 and MPCBB5 - Not Privileged memory - MPCBB4 is applicable
2026-02-08 19:54:15,203 [INFO] Rule:228 - rule 117617 - U5Cobra4M][GTZC] default value MPCBB3 and MPCBB5 - Privileged memory - MPCBB1 is applicable
2026-02-08 19:54:15,203 [INFO] Rule:228 - rule 117617 - U5Cobra4M][GTZC] default value MPCBB3 and MPCBB5 - Privileged memory - MPCBB2 is applicable
2026-02-08 19:54:15,203 [INFO] Rule:228 - rule 117617 - U5Cobra4M][GTZC] default value MPCBB3 and MPCBB5 - Privileged memory - MPCBB3 is applicable
2026-02-08 19:54:15,203 [INFO] Rule:228 - rule 117617 - U5Cobra4M][GTZC] default value MPCBB3 and MPCBB5 - Privileged memory - MPCBB4 is applicable
2026-02-08 19:54:15,203 [INFO] Rule:228 - rule Rename SubGHz_Phy SUBGHZ_APPLICATION SUBGHZ_PINGPONG to SUBGHZ_ADV_APPLICATION is applicable
2026-02-08 19:54:15,203 [INFO] Rule:228 - rule Rename Enabled to IBEACON is applicable
2026-02-08 19:54:15,203 [INFO] Rule:228 - rule GTZC_S instance for project manager is applicable
2026-02-08 19:54:15,203 [INFO] Rule:228 - rule GTZC_S instance for context M33S is applicable
2026-02-08 19:54:15,203 [INFO] Rule:228 - rule GTZC_S instance value for IP GTZC is applicable
2026-02-08 19:54:15,203 [INFO] Rule:228 - rule GTZC_S instance for mcu.IP is applicable
2026-02-08 19:54:15,203 [INFO] Rule:228 - rule GTZC_S instance for VP is applicable
2026-02-08 19:54:15,203 [INFO] Rule:228 - rule GTZC_S instance for signal is applicable
2026-02-08 19:54:15,203 [INFO] Rule:228 - rule GTZC_S instance for mcu.Pin is applicable
2026-02-08 19:54:15,203 [INFO] Rule:228 - rule GTZC_S instance for VP is applicable
2026-02-08 19:54:15,203 [INFO] Rule:228 - rule GTZC_S instance for signal is applicable
2026-02-08 19:54:15,203 [INFO] Rule:228 - rule GTZC_S instance for mcu is applicable
2026-02-08 19:54:15,203 [INFO] Rule:228 - rule GTZC_S instance for mcu.Pin is applicable
2026-02-08 19:54:15,203 [INFO] Rule:228 - rule GTZC_S instance value for IP GTZC is applicable
2026-02-08 19:54:15,203 [INFO] Rule:228 - rule GTZC_S instance for project manager is applicable
2026-02-08 19:54:15,203 [INFO] Rule:228 - rule GTZC_S instance for context M33S is applicable
2026-02-08 19:54:15,203 [INFO] Rule:228 - rule GTZC_S instance for VP is applicable
2026-02-08 19:54:15,203 [INFO] Rule:228 - rule GTZC_S instance for signal is applicable
2026-02-08 19:54:15,203 [INFO] Rule:228 - rule SPDIFRX instance for mcu is applicable
2026-02-08 19:54:15,203 [INFO] Rule:228 - rule Rename Tracer Mode is applicable
2026-02-08 19:54:15,203 [INFO] Rule:228 - rule SPDIFRX instance value for IP SPDIFRX is applicable
2026-02-08 19:54:15,204 [INFO] Rule:228 - rule SPDIFRX instance for signal is applicable
2026-02-08 19:54:15,204 [INFO] Rule:228 - rule SPDIFRX instance for project manager is applicable
2026-02-08 19:54:15,204 [INFO] Rule:228 - rule SPDIFRX instance for project manager is applicable
2026-02-08 19:54:15,204 [INFO] Rule:228 - rule ADC Scan  fix with FW F7 is applicable
2026-02-08 19:54:15,204 [INFO] Rule:228 - rule ADC Scan  fix with FW F7 is applicable
2026-02-08 19:54:15,204 [INFO] Rule:228 - rule WakeUp0 Mode is applicable
2026-02-08 19:54:15,204 [INFO] Rule:228 - rule WakeUp0 SIGNAL is applicable
2026-02-08 19:54:15,204 [INFO] Rule:228 - rule WakeUp1 Mode is applicable
2026-02-08 19:54:15,204 [INFO] Rule:228 - rule WakeUp1 SIGNAL is applicable
2026-02-08 19:54:15,204 [INFO] Rule:228 - rule WakeUp2 Mode is applicable
2026-02-08 19:54:15,204 [INFO] Rule:228 - rule WakeUp2 SIGNAL is applicable
2026-02-08 19:54:15,204 [INFO] Rule:228 - rule WakeUp4 Mode is applicable
2026-02-08 19:54:15,204 [INFO] Rule:228 - rule WakeUp4 SIGNAL is applicable
2026-02-08 19:54:15,204 [INFO] Rule:228 - rule WakeUp5 Mode is applicable
2026-02-08 19:54:15,204 [INFO] Rule:228 - rule WakeUp5 SIGNAL is applicable
2026-02-08 19:54:15,204 [INFO] Rule:228 - rule UART/USART WORD LENGTH 7 is applicable
2026-02-08 19:54:15,204 [INFO] Rule:228 - rule UART/USART WORD LENGTH 8 is applicable
2026-02-08 19:54:15,204 [INFO] Rule:228 - rule UART/USART WORD LENGTH 9 is applicable
2026-02-08 19:54:15,204 [INFO] Rule:228 - rule Change Default Value for LSE Drive Capability for WB family is applicable
2026-02-08 19:54:15,204 [INFO] Rule:228 - rule Change Default Value for ADC Clock Prescaler G0 family is applicable
2026-02-08 19:54:15,205 [INFO] Rule:228 - rule ADC SamplingTime fix with FW L0  is applicable
2026-02-08 19:54:15,205 [INFO] Rule:228 - rule ADC SamplingTime fix with FW L0  is applicable
2026-02-08 19:54:15,205 [INFO] Rule:228 - rule ADC SamplingTime fix with FW L0 is applicable
2026-02-08 19:54:15,205 [INFO] Rule:228 - rule ADC SamplingTime fix with FW L0 is applicable
2026-02-08 19:54:15,205 [INFO] Rule:228 - rule ADC SamplingTime fix with FW L0  is applicable
2026-02-08 19:54:15,205 [INFO] Rule:228 - rule ADC SamplingTime fix with FW L0 is applicable
2026-02-08 19:54:15,205 [INFO] Rule:228 - rule Rename USB_OE Signal is applicable
2026-02-08 19:54:15,205 [INFO] Rule:228 - rule Rename Activate_OE Mode is applicable
2026-02-08 19:54:15,205 [INFO] Rule:228 - rule Rename DIE462/DIE415 pin PC14/OSC32_IN -> PC14-OSC32_IN (PC14) is applicable
2026-02-08 19:54:15,205 [INFO] Rule:228 - rule Rename DIE462/DIE415 pin PC15/OSC32_OUT -> PC15-OSC32_OUT (PC15) is applicable
2026-02-08 19:54:15,205 [INFO] Rule:228 - rule Rename DIE462/DIE415 pin PH0/OSC_IN -> PH0-OSC_IN (PH0) is applicable
2026-02-08 19:54:15,205 [INFO] Rule:228 - rule Rename DIE462/DIE415 pin PH1/OSC_OUT -> PH1-OSC_OUT (PH1) is applicable
2026-02-08 19:54:15,205 [INFO] Rule:228 - rule Rename DIE462 pin PA13 -> PA13 (JTMS/SWDIO) is applicable
2026-02-08 19:54:15,205 [INFO] Rule:228 - rule Rename DIE415 pin PA13 -> PA13 (JTMS/SWDIO) is applicable
2026-02-08 19:54:15,205 [INFO] Rule:228 - rule Rename DIE462 pin PA14 -> PA14 (JTCK/SWCLK) is applicable
2026-02-08 19:54:15,205 [INFO] Rule:228 - rule Rename DIE415 pin PA14 -> PA14 (JTCK/SWCLK) is applicable
2026-02-08 19:54:15,206 [INFO] Rule:228 - rule Rename DIE462/DIE415 pin PA15 -> PA15 (JTDI) is applicable
2026-02-08 19:54:15,206 [INFO] Rule:228 - rule Rename DIE462 pin PB3 -> PB3 (JTD0/TRACESWO) is applicable
2026-02-08 19:54:15,206 [INFO] Rule:228 - rule Rename DIE415 pin PB3 -> PB3 (JTD0-TRACESWO) is applicable
2026-02-08 19:54:15,206 [INFO] Rule:228 - rule Rename DIE462/DIE415 pin PB4 -> PB4 (NJTRST) is applicable
2026-02-08 19:54:15,206 [INFO] Rule:228 - rule Rename DIE462 pin PH3/BOOT0 -> PH3-BOOT0 (BOOT0) is applicable
2026-02-08 19:54:15,206 [INFO] Rule:228 - rule Rename CRYP DataEncryptionTypesList to Algorithm is applicable
2026-02-08 19:54:15,206 [INFO] Rule:228 - rule Rename AES DataEncryptionTypesList to Algorithm is applicable
2026-02-08 19:54:15,206 [INFO] Rule:228 - rule Rename TDESECB to CRYP_TDES_ECB is applicable
2026-02-08 19:54:15,206 [INFO] Rule:228 - rule Rename TDESCBC to CRYP_TDES_CBC is applicable
2026-02-08 19:54:15,206 [INFO] Rule:228 - rule Rename DESECB to CRYP_DES_ECB is applicable
2026-02-08 19:54:15,206 [INFO] Rule:228 - rule Rename DESCBC to CRYP_DES_CBC is applicable
2026-02-08 19:54:15,206 [INFO] Rule:228 - rule Rename AESECB to CRYP_AES_ECB is applicable
2026-02-08 19:54:15,206 [INFO] Rule:228 - rule Rename AESCBC to CRYP_AES_CBC is applicable
2026-02-08 19:54:15,206 [INFO] Rule:228 - rule Rename AESCTR to CRYP_AES_CTR is applicable
2026-02-08 19:54:15,206 [INFO] Rule:228 - rule Rename AESGCM to CRYP_AES_GCM is applicable
2026-02-08 19:54:15,206 [INFO] Rule:228 - rule Rename AESCCM to CRYP_AES_CCM is applicable
2026-02-08 19:54:15,206 [INFO] Rule:228 - rule Rename CAN TimeSeg1 to BS1 is applicable
2026-02-08 19:54:15,206 [INFO] Rule:228 - rule Rename CAN TimeSeg2 to BS2 is applicable
2026-02-08 19:54:15,206 [INFO] Rule:228 - rule Rename CAN SyncJumpWidth to SJW is applicable
2026-02-08 19:54:15,206 [INFO] Rule:228 - rule TimeTriggeredMode to TTCM is applicable
2026-02-08 19:54:15,206 [INFO] Rule:228 - rule Rename CAN AutoBusOff to ABOM is applicable
2026-02-08 19:54:15,206 [INFO] Rule:228 - rule Rename CAN AutoWakeUp to AWUM is applicable
2026-02-08 19:54:15,206 [INFO] Rule:228 - rule Rename CAN AutoRetransmission to NART is applicable
2026-02-08 19:54:15,206 [INFO] Rule:228 - rule Rename CAN ReceiveFifoLocked to RFLM is applicable
2026-02-08 19:54:15,206 [INFO] Rule:228 - rule Rename CAN TransmitFifoPriority to TXFP is applicable
2026-02-08 19:54:15,206 [INFO] Rule:228 - rule Rename HRTIMER HRTIM_OUTPUTFAULTLEVEL_HIGH in HRTIMER HRTIM_OUTPUTFAULTLEVEL_HIGHZ is applicable
2026-02-08 19:54:15,206 [INFO] Rule:228 - rule Rename TIMER TIM_CLEARINPUTSOURCE_OCREFCLR in  TIMER TIM_CLEARINPUTSOURCE_NONE for F7 family is applicable
2026-02-08 19:54:15,206 [INFO] Rule:228 - rule FDCAN_R1 - Rename FDCAN mode Master into Classic is applicable
2026-02-08 19:54:15,206 [INFO] Rule:228 - rule FDCAN_R2 - Rename FDCAN mode Slave into Classic is applicable
2026-02-08 19:54:15,206 [INFO] Rule:228 - rule FDCAN1_R3 - if PA10.Mode=FullDuplex, add Pin PA12 is applicable
2026-02-08 19:54:15,206 [INFO] Rule:228 - rule FDCAN1_R3 - if PA9.Mode=FullDuplex, add Pin PA11 is applicable
2026-02-08 19:54:15,206 [INFO] Rule:228 - rule FDCAN1_R3 - Alternatepin_1 - if PE1.Mode=FullDuplex, add Pin PB9 is applicable
2026-02-08 19:54:15,206 [INFO] Rule:228 - rule FDCAN1_R3 - Alternatepin_1 - if PE0.Mode=FullDuplex, add Pin PB8 is applicable
2026-02-08 19:54:15,207 [INFO] Rule:228 - rule FDCAN1_R3 - Alternatepin_2 - if PD5.Mode=FullDuplex, add Pin PD1 is applicable
2026-02-08 19:54:15,207 [INFO] Rule:228 - rule FDCAN1_R3 - Alternatepin_2 - if PD4.Mode=FullDuplex, add Pin PD0 is applicable
2026-02-08 19:54:15,207 [INFO] Rule:228 - rule FDCAN1_R4 - Rename Mode FullDuplex into Enable FDCAN_TXFD for pin PA10 is applicable
2026-02-08 19:54:15,207 [INFO] Rule:228 - rule FDCAN1_R4 - Rename Mode FullDuplex into Enable FDCAN_TXFD for pin PA9 is applicable
2026-02-08 19:54:15,207 [INFO] Rule:228 - rule FDCAN1_R4 - Alternatepin_1 - Rename Mode FullDuplex into Enable FDCAN_TXFD for pin PE1 is applicable
2026-02-08 19:54:15,207 [INFO] Rule:228 - rule FDCAN1_R4 - Alternatepin_1 - Rename Mode FullDuplex into Enable FDCAN_TXFD for pin PE0 is applicable
2026-02-08 19:54:15,207 [INFO] Rule:228 - rule FDCAN1_R4 - Alternatepin_2 - Rename Mode FullDuplex into Enable FDCAN_TXFD for pin PD5 is applicable
2026-02-08 19:54:15,207 [INFO] Rule:228 - rule FDCAN1_R4 - Alternatepin_2 - Rename Mode FullDuplex into Enable FDCAN_TXFD for pin PD4 is applicable
2026-02-08 19:54:15,207 [INFO] Rule:228 - rule FDCAN2_R3 - if PD10.Mode=FullDuplex, add Pin PB13 is applicable
2026-02-08 19:54:15,207 [INFO] Rule:228 - rule FDCAN2_R3 - if PD9.Mode=FullDuplex, add Pin PB12 is applicable
2026-02-08 19:54:15,207 [INFO] Rule:228 - rule FDCAN2_R3 - Alternatepin_1 - if PB7.Mode=FullDuplex, add Pin PB6 is applicable
2026-02-08 19:54:15,207 [INFO] Rule:228 - rule FDCAN2_R3 - Alternatepin_1 - if PD9.Mode=FullDuplex, add Pin PB12 is applicable
2026-02-08 19:54:15,207 [INFO] Rule:228 - rule FDCAN2_R4 - Rename Mode FullDuplex into Enable FDCAN_TXFD for pin PD10 is applicable
2026-02-08 19:54:15,207 [INFO] Rule:228 - rule FDCAN2_R4 - Rename Mode FullDuplex into Enable FDCAN_TXFD for pin PD9 is applicable
2026-02-08 19:54:15,207 [INFO] Rule:228 - rule FDCAN2_R4 - Alternatepin_1 - Rename Mode FullDuplex into Enable FDCAN_TXFD for pin PB7 is applicable
2026-02-08 19:54:15,207 [INFO] Rule:228 - rule FDCAN2_R4 - Alternatepin_1 - Rename Mode FullDuplex into Enable FDCAN_TXFD for pin PD6 is applicable
2026-02-08 19:54:15,207 [INFO] Rule:228 - rule USART TxPinLevelInvertParam Mode is applicable
2026-02-08 19:54:15,207 [INFO] Rule:228 - rule USART RxPinLevelInvertParam Mode is applicable
2026-02-08 19:54:15,207 [INFO] Rule:228 - rule USART DataInvertParam Mode is applicable
2026-02-08 19:54:15,207 [INFO] Rule:228 - rule USART SwapParam Mode is applicable
2026-02-08 19:54:15,207 [INFO] Rule:228 - rule USART OverrunDisableParam Mode is applicable
2026-02-08 19:54:15,207 [INFO] Rule:228 - rule USART DMADisableonRxErrorParam Mode is applicable
2026-02-08 19:54:15,207 [INFO] Rule:228 - rule USART MSBFirstParam Mode is applicable
2026-02-08 19:54:15,207 [INFO] Rule:228 - rule Update MwName for USB_DEVICE is applicable
2026-02-08 19:54:15,207 [INFO] Rule:228 - rule Change PWR_Regulator_Voltage_Scale Default Value for RCC  H7 family is applicable
2026-02-08 19:54:15,207 [INFO] Rule:228 - rule UART/USART IPParameter rename Prescaler parameter to ClockPrescaler is applicable
2026-02-08 19:54:15,208 [INFO] Rule:228 - rule UART/USART Prescaler rename Prescaler parameter to ClockPrescaler is applicable
2026-02-08 19:54:15,208 [INFO] Rule:228 - rule TIM1CLockSelection is applicable
2026-02-08 19:54:15,208 [INFO] Rule:228 - rule TIM15CLockSelection is applicable
2026-02-08 19:54:15,208 [INFO] Rule:228 - rule align RCC SDMMC3CLockSelection default value on MP1 is applicable
2026-02-08 19:54:15,208 [INFO] Rule:228 - rule align RCC SDMMC12CLockSelection default value on MP1 is applicable
2026-02-08 19:54:15,209 [INFO] Rule:228 - rule align RCC QSPICLockSelection default value on MP1 is applicable
2026-02-08 19:54:15,209 [INFO] Rule:228 - rule align RCC QSPICLockSelection default value on MP1 is applicable
2026-02-08 19:54:15,209 [INFO] Rule:228 - rule align RCC SPI6CLockSelection default value on MP1 is applicable
2026-02-08 19:54:15,209 [INFO] Rule:228 - rule align RCC LPTIM23CLockSelection default value on MP1 is applicable
2026-02-08 19:54:15,209 [INFO] Rule:228 - rule align RCC LPTIM1CLockSelection default value on MP1 is applicable
2026-02-08 19:54:15,209 [INFO] Rule:228 - rule align RCC USART1CLockSelection default value on MP1 is applicable
2026-02-08 19:54:15,209 [INFO] Rule:228 - rule align RCC USART24CLockSelection default value on MP1 is applicable
2026-02-08 19:54:15,209 [INFO] Rule:228 - rule align RCC USART6CLockSelection default value on MP1 is applicable
2026-02-08 19:54:15,209 [INFO] Rule:228 - rule align RCC UART78CLockSelection default value on MP1 is applicable
2026-02-08 19:54:15,209 [INFO] Rule:228 - rule align RCC USART35CLockSelection default value on MP1 is applicable
2026-02-08 19:54:15,209 [INFO] Rule:228 - rule align RCC SPI45CLockSelection default value on MP1 is applicable
2026-02-08 19:54:15,209 [INFO] Rule:228 - rule align RCC I2C46CLockSelection BCLK value on MP1 is applicable
2026-02-08 19:54:15,209 [INFO] Rule:228 - rule align RCC SPI45CLockSelection default value on MP1 is applicable
2026-02-08 19:54:15,209 [INFO] Rule:228 - rule align RCC I2C12CLockSelection default value on MP1 is applicable
2026-02-08 19:54:15,209 [INFO] Rule:228 - rule align RCC I2C35CLockSelection default value on MP1 is applicable
2026-02-08 19:54:15,210 [INFO] Rule:228 - rule align RCC LPTIM45CLockSelection default value on MP1 is applicable
2026-02-08 19:54:15,210 [INFO] Rule:228 - rule Rename DCMI PIXCK signal is applicable
2026-02-08 19:54:15,210 [INFO] Rule:228 - rule Change Default Value for I2C46CLockSelection MP1 family is applicable
2026-02-08 19:54:15,210 [INFO] Rule:228 - rule Change Default Value for UART for G4, G0 and WB families is applicable
2026-02-08 19:54:15,210 [INFO] Rule:228 - rule Change Default Value for USART for G4, G0 and WB families is applicable
2026-02-08 19:54:15,210 [INFO] Rule:228 - rule Change Default Value for USART for G4 family is applicable
2026-02-08 19:54:15,210 [INFO] Rule:228 - rule Change USART1CLockSelection refparam name for MP1 is applicable
2026-02-08 19:54:15,210 [INFO] Rule:228 - rule Change USART2CLockSelection refparam name for MP1 is applicable
2026-02-08 19:54:15,210 [INFO] Rule:228 - rule Change USART3CLockSelection refparam name for MP1 is applicable
2026-02-08 19:54:15,210 [INFO] Rule:228 - rule Change UART4CLockSelection refparam name for MP1 is applicable
2026-02-08 19:54:15,210 [INFO] Rule:228 - rule Change UART5CLockSelection refparam name for MP1 is applicable
2026-02-08 19:54:15,210 [INFO] Rule:228 - rule Change LPUART1CLockSelection refparam name for MP1 is applicable
2026-02-08 19:54:15,210 [INFO] Rule:228 - rule Change LPTIM1CLockSelection refparam name for MP1 is applicable
2026-02-08 19:54:15,210 [INFO] Rule:228 - rule Change LPTIM2CLockSelection refparam name for MP1 is applicable
2026-02-08 19:54:15,210 [INFO] Rule:228 - rule Change RCC_MCO1Source refparam name for MP1 is applicable
2026-02-08 19:54:15,210 [INFO] Rule:228 - rule Change LSCOSource1 refparam name for MP1 is applicable
2026-02-08 19:54:15,210 [INFO] Rule:228 - rule Change SMPSCLockSelection refparam name for MP1 is applicable
2026-02-08 19:54:15,210 [INFO] Rule:228 - rule Change LPTIM3CLockSelection refparam name for MP1 is applicable
2026-02-08 19:54:15,210 [INFO] Rule:228 - rule Change MPCBB* Default Template Mode to Parameters is applicable
2026-02-08 19:54:15,210 [INFO] Rule:228 - rule Change MPCWM* or MPCBB* Secure Mode to Parameters is applicable
2026-02-08 19:54:15,210 [INFO] Rule:228 - rule Change MPCWM* or MPCBB* No Secure Mode to Parameters is applicable
2026-02-08 19:54:15,210 [INFO] Rule:228 - rule Change TZSC IP Secure Mode to Parameters is applicable
2026-02-08 19:54:15,210 [INFO] Rule:228 - rule Change TZSC IP No Secure Mode to Parameters is applicable
2026-02-08 19:54:15,210 [INFO] Rule:228 - rule Change TZSC IP Privilege Mode to Parameters is applicable
2026-02-08 19:54:15,210 [INFO] Rule:228 - rule Change TZSC IP No Privilege Mode to Parameters is applicable
2026-02-08 19:54:15,210 [INFO] Rule:228 - rule Change TZIC IT Secure Mode to Parameters is applicable
2026-02-08 19:54:15,210 [INFO] Rule:228 - rule Change TZIC IT No Secure Mode to Parameters is applicable
2026-02-08 19:54:15,210 [INFO] Rule:228 - rule Add MPCBB1_NonSecureArea_Start_Address value with referenced to MPCBB1_NonSecureArea_Start value is applicable
2026-02-08 19:54:15,210 [INFO] Rule:228 - rule Add MPCBB2_NonSecureArea_Start_Address value with referenced to MPCBB2_NonSecureArea_Start value is applicable
2026-02-08 19:54:15,211 [INFO] Rule:228 - rule Add MPCWM1_NonSecureArea*_Start_Address value with referenced to MPCWM1_NonSecureArea*_Start value is applicable
2026-02-08 19:54:15,211 [INFO] Rule:228 - rule Add MPCWM2_NonSecureArea*_Start_Address value with referenced to MPCWM2_NonSecureArea*_Start value is applicable
2026-02-08 19:54:15,211 [INFO] Rule:228 - rule Add MPCWM3_NonSecureArea_Start_Address value with referenced to MPCWM3_NonSecureArea_Start value is applicable
2026-02-08 19:54:15,211 [INFO] Rule:228 - rule Change Default Value for PLL1UserDefinedConfig is applicable
2026-02-08 19:54:15,211 [INFO] Rule:228 - rule Change GPIO_PuPd Default Value for USART in async mode is applicable
2026-02-08 19:54:15,211 [INFO] Rule:228 - rule Change SMPSDivider Default Value is applicable
2026-02-08 19:54:15,211 [INFO] Rule:228 - rule OPAMP is applicable
2026-02-08 19:54:15,211 [INFO] Rule:228 - rule LPUART IPParameter rename Prescaler parameter to ClockPrescaler for STM32H7 is applicable
2026-02-08 19:54:15,211 [INFO] Rule:228 - rule LPUART IPParameter rename Prescaler parameter to ClockPrescaler for STM32H7 is applicable
2026-02-08 19:54:15,211 [INFO] Rule:228 - rule LPUART IPParameter rename Prescaler parameter to ClockPrescaler for STM32WB is applicable
2026-02-08 19:54:15,211 [INFO] Rule:228 - rule LPUART IPParameter rename Prescaler parameter to ClockPrescaler for STM32WB is applicable
2026-02-08 19:54:15,211 [INFO] Rule:228 - rule LPUART IPParameter rename Prescaler parameter to ClockPrescaler for STM32G4 is applicable
2026-02-08 19:54:15,211 [INFO] Rule:228 - rule LPUART IPParameter rename Prescaler parameter to ClockPrescaler for STM32G4 is applicable
2026-02-08 19:54:15,211 [INFO] Rule:228 - rule LPUART IPParameter rename Prescaler parameter to ClockPrescaler for STM32L5 is applicable
2026-02-08 19:54:15,211 [INFO] Rule:228 - rule LPUART IPParameter rename Prescaler parameter to ClockPrescaler for STM32L5 is applicable
2026-02-08 19:54:15,211 [INFO] Rule:228 - rule LPUART IPParameter rename Prescaler parameter to ClockPrescaler for STM32G4 is applicable
2026-02-08 19:54:15,211 [INFO] Rule:228 - rule LPUART IPParameter rename Prescaler parameter to ClockPrescaler for STM32G4 is applicable
2026-02-08 19:54:15,211 [INFO] Rule:228 - rule USB device lib V2.5.3 for L0 rename USBD_SUPPORT_USER_STRING parameter to USBD_SUPPORT_USER_STRING_DESC4 is applicable
2026-02-08 19:54:15,211 [INFO] Rule:228 - rule I2SCLockSelection clock entry align is applicable
2026-02-08 19:54:15,211 [INFO] Rule:228 - rule Assign TIMx context if used as SYS timebase is applicable
2026-02-08 19:54:15,211 [INFO] Rule:228 - rule Change GPIO_Pu Default Value for I2C is applicable
2026-02-08 19:54:15,211 [INFO] Rule:228 - rule Change GPIO_Pu Default Value for SMBus is applicable
2026-02-08 19:54:15,211 [INFO] Rule:228 - rule change FDCAN default value is applicable
2026-02-08 19:54:15,211 [INFO] Rule:228 - rule Change mode sai is applicable
2026-02-08 19:54:15,211 [INFO] Rule:228 - rule **Change sai mode is applicable
2026-02-08 19:54:15,211 [INFO] Rule:228 - rule Rename STM32WPAN CFG_BLE_IRK to CFG_BLE_IR is applicable
2026-02-08 19:54:15,211 [INFO] Rule:228 - rule Rename STM32WPAN CFG_BLE_ERK to CFG_BLE_ER is applicable
2026-02-08 19:54:15,211 [INFO] Rule:228 - rule Rename STM32WPAN CFG_BLE_IRK_HEX to CFG_BLE_IR_HEX is applicable
2026-02-08 19:54:15,211 [INFO] Rule:228 - rule Rename STM32WPAN CFG_BLE_ERK_HEX to CFG_BLE_ER_HEX is applicable
2026-02-08 19:54:15,217 [INFO] DbConfProperties:307 - Apply Compatibility (24/230 Rules)
2026-02-08 19:54:15,251 [INFO] ImportTextPane:218 - (OptionalMessage_ERROR) Unable to find key (Mcu.ThirdPartyNb) in loaded IOC file
2026-02-08 19:54:15,386 [INFO] RtosManager:555 - Registered RTOS mode: class=CMSIS, group=RTOS, mode=CMSIS_V1, owner=FREERTOS
2026-02-08 19:54:15,386 [INFO] RtosManager:555 - Registered RTOS mode: class=CMSIS, group=RTOS2, mode=CMSIS_V2, owner=FREERTOS
2026-02-08 19:54:15,386 [INFO] RtosManager:555 - Registered RTOS mode: class=RTOS, group=Core, mode=CMSIS_V1, owner=FREERTOS
2026-02-08 19:54:15,386 [INFO] RtosManager:555 - Registered RTOS mode: class=RTOS, group=Core, mode=CMSIS_V2, owner=FREERTOS
2026-02-08 19:54:15,387 [WARN] ModelIntegratedComponent:184 - Missing modes for component STMicroelectronics:FreeRTOS:0.0.1:STMicroelectronics:RTOS:FreeRTOS:Core:::10.2.0:
2026-02-08 19:54:15,404 [WARN] ModelIntegratedComponent:63 - No mode defined for component null
2026-02-08 19:54:15,404 [WARN] ModelIntegratedComponent:63 - No mode defined for component null
2026-02-08 19:54:15,404 [WARN] ModelIntegratedComponent:63 - No mode defined for component null
2026-02-08 19:54:15,404 [WARN] ModelIntegratedComponent:63 - No mode defined for component null
2026-02-08 19:54:15,404 [WARN] ModelIntegratedComponent:63 - No mode defined for component null
2026-02-08 19:54:15,404 [WARN] ModelIntegratedComponent:63 - No mode defined for component null
2026-02-08 19:54:15,404 [WARN] ModelIntegratedComponent:63 - No mode defined for component null
2026-02-08 19:54:15,404 [WARN] ModelIntegratedComponent:63 - No mode defined for component null
2026-02-08 19:54:15,404 [WARN] ModelIntegratedComponent:63 - No mode defined for component null
2026-02-08 19:54:15,404 [WARN] ModelIntegratedComponent:63 - No mode defined for component null
2026-02-08 19:54:15,404 [WARN] ModelIntegratedComponent:63 - No mode defined for component null
2026-02-08 19:54:15,404 [WARN] ModelIntegratedComponent:63 - No mode defined for component null
2026-02-08 19:54:15,404 [WARN] ModelIntegratedComponent:63 - No mode defined for component null
2026-02-08 19:54:15,404 [WARN] ModelIntegratedComponent:63 - No mode defined for component null
2026-02-08 19:54:15,404 [WARN] ModelIntegratedComponent:63 - No mode defined for component null
2026-02-08 19:54:15,404 [WARN] ModelIntegratedComponent:63 - No mode defined for component null
2026-02-08 19:54:15,404 [WARN] ModelIntegratedComponent:63 - No mode defined for component null
2026-02-08 19:54:15,404 [WARN] ModelIntegratedComponent:63 - No mode defined for component null
2026-02-08 19:54:15,404 [WARN] ModelIntegratedComponent:63 - No mode defined for component null
2026-02-08 19:54:15,404 [WARN] ModelIntegratedComponent:63 - No mode defined for component null
2026-02-08 19:54:15,404 [WARN] ModelIntegratedComponent:63 - No mode defined for component null
2026-02-08 19:54:15,405 [WARN] ModelIntegratedComponent:63 - No mode defined for component null
2026-02-08 19:54:15,405 [WARN] ModelIntegratedComponent:63 - No mode defined for component null
2026-02-08 19:54:15,405 [WARN] ModelIntegratedComponent:63 - No mode defined for component null
2026-02-08 19:54:15,405 [WARN] ModelIntegratedComponent:63 - No mode defined for component null
2026-02-08 19:54:15,405 [WARN] ModelIntegratedComponent:63 - No mode defined for component null
2026-02-08 19:54:15,405 [WARN] ModelIntegratedComponent:63 - No mode defined for component null
2026-02-08 19:54:15,405 [WARN] ModelIntegratedComponent:63 - No mode defined for component null
2026-02-08 19:54:15,405 [WARN] ModelIntegratedComponent:63 - No mode defined for component null
2026-02-08 19:54:15,405 [WARN] ModelIntegratedComponent:63 - No mode defined for component null
2026-02-08 19:54:15,405 [WARN] ModelIntegratedComponent:63 - No mode defined for component null
2026-02-08 19:54:15,405 [WARN] ModelIntegratedComponent:63 - No mode defined for component null
2026-02-08 19:54:15,405 [WARN] ModelIntegratedComponent:63 - No mode defined for component null
2026-02-08 19:54:15,405 [WARN] ModelIntegratedComponent:63 - No mode defined for component null
2026-02-08 19:54:15,405 [WARN] ModelIntegratedComponent:63 - No mode defined for component null
2026-02-08 19:54:15,405 [WARN] ModelPack:524 - Component already loaded: STMicroelectronics:HAL Drivers:0.0.0:STMicroelectronics:Device:STMicro_Driver:XSPI:HAL::0.0.1:HAL_XSPI
2026-02-08 19:54:15,435 [INFO] ThirdPartyModel:298 - Start build external matchings
2026-02-08 19:54:15,460 [ERROR] LogOutputStream:75 - [STDERR_REDIRECT] [Fatal Error] :1:1: Premature end of file.
2026-02-08 19:54:15,460 [ERROR] LogOutputStream:75 - [STDERR_REDIRECT] 
2026-02-08 19:54:15,625 [INFO] ThirdPartyModel:316 - End build external matchings
2026-02-08 19:54:15,636 [INFO] ImportTextPane:218 - (OptionalMessage_ERROR) IP (RCC) : Parameter (ADCFreqValue) has invalid value (32000000)
2026-02-08 19:54:15,637 [INFO] ImportTextPane:218 - (OptionalMessage_ERROR) IP (RCC) : Invalid parameter (FamilyName)
2026-02-08 19:54:15,637 [INFO] ImportTextPane:218 - (OptionalMessage_ERROR) IP (RCC) : Parameter (MCOFreq_Value) has invalid value (64000000)
2026-02-08 19:54:15,637 [INFO] ImportTextPane:218 - (OptionalMessage_ERROR) IP (RCC) : Parameter (USBFreq_Value) has invalid value (64000000)
2026-02-08 19:54:15,817 [INFO] UtilMem:75 - End LoadConfig() Used Memory: 812122632 Bytes (1073741824)
2026-02-08 19:54:15,925 [WARN] ThirdParty:833 - waiting for thirdparty lock release [change project]
2026-02-08 19:54:15,926 [INFO] ThirdParty:835 - entering critical section [change project]
2026-02-08 19:54:15,926 [INFO] ThirdParty:1030 - CMSIS Pack Vendor :STMicroelectronics X-CUBE-PM33A1 1.0.0
2026-02-08 19:54:15,926 [INFO] ThirdParty:1030 - CMSIS Pack Vendor :STMicroelectronics USBPD 4.1
2026-02-08 19:54:15,926 [INFO] ThirdParty:1030 - CMSIS Pack Vendor :STMicroelectronics X-CUBE-NFC9 1.0.0
2026-02-08 19:54:15,926 [INFO] ThirdParty:1030 - CMSIS Pack Vendor :STMicroelectronics USB_HOST 2.0.0
2026-02-08 19:54:15,926 [INFO] ThirdParty:1030 - CMSIS Pack Vendor :STMicroelectronics FP-SNS-MOTENVWB1 1.4.0
2026-02-08 19:54:15,926 [INFO] ThirdParty:1030 - CMSIS Pack Vendor :STMicroelectronics X-CUBE-AZRTOS-F4 1.1.0
2026-02-08 19:54:15,926 [INFO] ThirdParty:1030 - CMSIS Pack Vendor :STMicroelectronics LIBJPEG 8.0.0
2026-02-08 19:54:15,926 [INFO] ThirdParty:1030 - CMSIS Pack Vendor :STMicroelectronics FP-ATR-ASTRA1 2.0.2
2026-02-08 19:54:15,926 [INFO] ThirdParty:1030 - CMSIS Pack Vendor :STMicroelectronics X-CUBE-BLE1 7.1.0
2026-02-08 19:54:15,926 [INFO] ThirdParty:1030 - CMSIS Pack Vendor :STMicroelectronics X-CUBE-SMBUS 2.1.0
2026-02-08 19:54:15,926 [INFO] ThirdParty:1030 - CMSIS Pack Vendor :wolfSSL I-CUBE-wolfMQTT 1.19.2
2026-02-08 19:54:15,926 [INFO] ThirdParty:1030 - CMSIS Pack Vendor :STMicroelectronics USB_DEVICE 3.0.0
2026-02-08 19:54:15,926 [INFO] ThirdParty:1030 - CMSIS Pack Vendor :STMicroelectronics X-CUBE-ISPU 2.1.0
2026-02-08 19:54:15,926 [INFO] ThirdParty:1030 - CMSIS Pack Vendor :STMicroelectronics X-CUBE-EEPRMA1 5.2.0
2026-02-08 19:54:15,926 [INFO] ThirdParty:1030 - CMSIS Pack Vendor :STMicroelectronics X-CUBE-BLEMGR 4.1.0
2026-02-08 19:54:15,926 [INFO] ThirdParty:1030 - CMSIS Pack Vendor :STMicroelectronics X-CUBE-AZRTOS-WB 2.0.0
2026-02-08 19:54:15,926 [INFO] ThirdParty:1030 - CMSIS Pack Vendor :wolfSSL I-CUBE-wolfSSL 5.8.4
2026-02-08 19:54:15,926 [INFO] ThirdParty:1030 - CMSIS Pack Vendor :Cesanta I-CUBE-Mongoose 7.20.0
2026-02-08 19:54:15,926 [INFO] ThirdParty:1030 - CMSIS Pack Vendor :STMicroelectronics X-CUBE-NFC12 1.0.0
2026-02-08 19:54:15,926 [INFO] ThirdParty:1030 - CMSIS Pack Vendor :STMicroelectronics X-CUBE-AZRTOS-F7 1.1.0
2026-02-08 19:54:15,926 [INFO] ThirdParty:1030 - CMSIS Pack Vendor :STMicroelectronics X-CUBE-AZRTOS-L5 2.0.0
2026-02-08 19:54:15,926 [INFO] ThirdParty:1030 - CMSIS Pack Vendor :STMicroelectronics USB_DEVICE 2.0.0
2026-02-08 19:54:15,926 [INFO] ThirdParty:1030 - CMSIS Pack Vendor :quantropi X-CUBE-qispace-sdk-base 2.1.0
2026-02-08 19:54:15,926 [INFO] ThirdParty:1030 - CMSIS Pack Vendor :STMicroelectronics X-CUBE-MEMS1 12.0.0
2026-02-08 19:54:15,926 [INFO] ThirdParty:1030 - CMSIS Pack Vendor :STMicroelectronics X-CUBE-STSE01 2.0.0
2026-02-08 19:54:15,926 [INFO] ThirdParty:1030 - CMSIS Pack Vendor :STMicroelectronics FreeRTOS 0.0.1
2026-02-08 19:54:15,927 [INFO] ThirdParty:1030 - CMSIS Pack Vendor :STMicroelectronics X-CUBE-AZRTOS-G0 1.1.0
2026-02-08 19:54:15,927 [INFO] ThirdParty:1030 - CMSIS Pack Vendor :STMicroelectronics X-CUBE-NFC4 3.0.0
2026-02-08 19:54:15,927 [INFO] ThirdParty:1030 - CMSIS Pack Vendor :STMicroelectronics X-CUBE-SUBG2 5.0.0
2026-02-08 19:54:15,927 [INFO] ThirdParty:1030 - CMSIS Pack Vendor :STMicroelectronics STM32_WPAN 1.0.0
2026-02-08 19:54:15,927 [INFO] ThirdParty:1030 - CMSIS Pack Vendor :EmbeddedOffice I-CUBE-FS-RTOS 1.0.1
2026-02-08 19:54:15,927 [INFO] ThirdParty:1030 - CMSIS Pack Vendor :STMicroelectronics lwIP 2.0.3
2026-02-08 19:54:15,927 [INFO] ThirdParty:1030 - CMSIS Pack Vendor :STMicroelectronics USB_HOST 1.0.0
2026-02-08 19:54:15,927 [INFO] ThirdParty:1030 - CMSIS Pack Vendor :STMicroelectronics X-CUBE-AZRTOS-G4 2.0.0
2026-02-08 19:54:15,927 [INFO] ThirdParty:1030 - CMSIS Pack Vendor :STMicroelectronics X-CUBE-WB05N 2.0.0
2026-02-08 19:54:15,927 [INFO] ThirdParty:1030 - CMSIS Pack Vendor :STMicroelectronics PDM2PCM 3.1.0
2026-02-08 19:54:15,927 [INFO] ThirdParty:1030 - CMSIS Pack Vendor :STMicroelectronics PDM2PCM 3.3.0
2026-02-08 19:54:15,927 [INFO] ThirdParty:1030 - CMSIS Pack Vendor :wolfSSL I-CUBE-wolfTPM 3.8.0
2026-02-08 19:54:15,927 [INFO] ThirdParty:1030 - CMSIS Pack Vendor :STMicroelectronics X-CUBE-AZRTOS-H7 3.4.0
2026-02-08 19:54:15,927 [INFO] ThirdParty:1030 - CMSIS Pack Vendor :STMicroelectronics X-CUBE-DISPLAY 3.0.0
2026-02-08 19:54:15,927 [INFO] ThirdParty:1030 - CMSIS Pack Vendor :wolfSSL I-CUBE-wolfSSH 1.4.20
2026-02-08 19:54:15,927 [INFO] ThirdParty:1030 - CMSIS Pack Vendor :STMicroelectronics X-CUBE-NFC7 2.0.0
2026-02-08 19:54:15,927 [INFO] ThirdParty:1030 - CMSIS Pack Vendor :STMicroelectronics X-CUBE-TCPP 4.2.0
2026-02-08 19:54:15,927 [INFO] ThirdParty:1030 - CMSIS Pack Vendor :RealThread X-CUBE-RT-Thread_Nano 4.1.1
2026-02-08 19:54:15,927 [INFO] ThirdParty:1030 - CMSIS Pack Vendor :STMicroelectronics FP-ATR-SIGFOX1 3.2.0
2026-02-08 19:54:15,927 [INFO] ThirdParty:1030 - CMSIS Pack Vendor :STMicroelectronics X-CUBE-NFC10 1.0.0
2026-02-08 19:54:15,927 [INFO] ThirdParty:1030 - CMSIS Pack Vendor :STMicroelectronics HAL Drivers 0.0.0
2026-02-08 19:54:15,927 [INFO] ThirdParty:1030 - CMSIS Pack Vendor :STMicroelectronics MBEDTLS 2.16.2
2026-02-08 19:54:15,927 [INFO] ThirdParty:1030 - CMSIS Pack Vendor :STMicroelectronics X-CUBE-ST60 1.1.0
2026-02-08 19:54:15,927 [INFO] ThirdParty:1030 - CMSIS Pack Vendor :STMicroelectronics X-CUBE-ALS 1.0.2
2026-02-08 19:54:15,927 [INFO] ThirdParty:1030 - CMSIS Pack Vendor :emotas I-CUBE-CANOPEN 1.3.0
2026-02-08 19:54:15,927 [INFO] ThirdParty:1030 - CMSIS Pack Vendor :STMicroelectronics MBEDTLS 2.14.1
2026-02-08 19:54:15,927 [INFO] ThirdParty:1030 - CMSIS Pack Vendor :STMicroelectronics X-CUBE-GNSS1 7.1.0
2026-02-08 19:54:15,927 [INFO] ThirdParty:1030 - CMSIS Pack Vendor :ITTIA_DB I-CUBE-ITTIADB 8.9.0
2026-02-08 19:54:15,927 [INFO] ThirdParty:1030 - CMSIS Pack Vendor :STMicroelectronics X-CUBE-TOUCHGFX 4.26.0
2026-02-08 19:54:15,927 [INFO] ThirdParty:1030 - CMSIS Pack Vendor :STMicroelectronics X-CUBE-NFC6 3.2.0
2026-02-08 19:54:15,927 [INFO] ThirdParty:1030 - CMSIS Pack Vendor :STMicroelectronics X-CUBE-AI 10.2.0
2026-02-08 19:54:15,927 [INFO] ThirdParty:1030 - CMSIS Pack Vendor :STMicroelectronics FP-SNS-STAIOTCFT 1.0.0
2026-02-08 19:54:15,927 [INFO] ThirdParty:1030 - CMSIS Pack Vendor :STMicroelectronics ThreadX 1.0.0
2026-02-08 19:54:15,927 [INFO] ThirdParty:1030 - CMSIS Pack Vendor :STMicroelectronics FP-SNS-SMARTAG2 1.2.0
2026-02-08 19:54:15,927 [INFO] ThirdParty:1030 - CMSIS Pack Vendor :STMicroelectronics FP-SNS-FLIGHT1 5.1.0
2026-02-08 19:54:15,927 [INFO] ThirdParty:1030 - CMSIS Pack Vendor :STMicroelectronics X-CUBE-AZRTOS-WL 2.0.0
2026-02-08 19:54:15,927 [INFO] ThirdParty:1030 - CMSIS Pack Vendor :SEGGER I-CUBE-embOS 1.3.1
2026-02-08 19:54:15,927 [INFO] ThirdParty:1030 - CMSIS Pack Vendor :STMicroelectronics X-CUBE-ALGOBUILD 1.4.0
2026-02-08 19:54:15,927 [INFO] ThirdParty:1030 - CMSIS Pack Vendor :STMicroelectronics X-CUBE-DPower 1.3.0
2026-02-08 19:54:15,927 [INFO] ThirdParty:1030 - CMSIS Pack Vendor :STMicroelectronics USB_DEVICE 1.0.0
2026-02-08 19:54:15,927 [INFO] ThirdParty:1030 - CMSIS Pack Vendor :STMicroelectronics X-CUBE-AZRTOS-H7RS 1.2.0
2026-02-08 19:54:15,927 [INFO] ThirdParty:1030 - CMSIS Pack Vendor :STMicroelectronics X-CUBE-AZRTOS-L4 2.0.0
2026-02-08 19:54:15,927 [INFO] ThirdParty:1030 - CMSIS Pack Vendor :STMicroelectronics ThreadX 0.0.2
2026-02-08 19:54:15,927 [INFO] ThirdParty:1030 - CMSIS Pack Vendor :STMicroelectronics lwIP 2.1.2
2026-02-08 19:54:15,927 [INFO] ThirdParty:1030 - CMSIS Pack Vendor :STMicroelectronics X-CUBE-SFXS2LP1 4.0.0
2026-02-08 19:54:15,927 [INFO] ThirdParty:1030 - CMSIS Pack Vendor :STMicroelectronics X-CUBE-BLE2 3.3.0
2026-02-08 19:54:15,927 [INFO] ThirdParty:1030 - CMSIS Pack Vendor :STMicroelectronics X-CUBE-TOF1 3.4.3
2026-02-08 19:54:15,927 [INFO] ThirdParty:1030 - CMSIS Pack Vendor :Infineon AIROC-Wi-Fi-Bluetooth-STM32 1.8.0
2026-02-08 19:54:15,927 [INFO] ThirdParty:1030 - CMSIS Pack Vendor :STMicroelectronics PDM2PCM 3.2.0
2026-02-08 19:54:15,927 [INFO] ThirdParty:841 - exiting critical section [change project]
2026-02-08 19:54:16,151 [INFO] PinOutPanel:1589 - setPackage(No Configuration,No Configuration)
2026-02-08 19:54:16,152 [INFO] PinOutPanel:1589 - setPackage(STM32F103RBTx,LQFP64)
2026-02-08 19:54:16,475 [ERROR] LogOutputStream:75 - [STDERR_REDIRECT] [Fatal Error] :1:1: Premature end of file.
2026-02-08 19:54:16,476 [ERROR] LogOutputStream:75 - [STDERR_REDIRECT] 
2026-02-08 19:54:16,572 [INFO] UtilMem:75 - Before build in PCC Used Memory: 748413384 Bytes (1073741824)
2026-02-08 19:54:17,403 [INFO] UtilMem:75 - After build in PCC Used Memory: 965990856 Bytes (1073741824)
2026-02-08 19:54:17,441 [INFO] IPUIPlugin:80 - create IPUIPlugin
2026-02-08 19:54:17,441 [INFO] IPUIPlugin:80 - create IPUIPlugin
2026-02-08 19:54:17,441 [INFO] IPUIPlugin:80 - create IPUIPlugin
2026-02-08 19:54:17,441 [INFO] IPUIPlugin:80 - create IPUIPlugin
2026-02-08 19:54:17,441 [INFO] IPUIPlugin:80 - create IPUIPlugin
2026-02-08 19:54:17,441 [INFO] IPUIPlugin:80 - create IPUIPlugin
2026-02-08 19:54:17,441 [INFO] IPUIPlugin:80 - create IPUIPlugin
2026-02-08 19:54:17,441 [INFO] IPUIPlugin:80 - create IPUIPlugin
2026-02-08 19:54:17,442 [INFO] IPUIPlugin:80 - create IPUIPlugin
2026-02-08 19:54:17,442 [INFO] IPUIPlugin:80 - create IPUIPlugin
2026-02-08 19:54:17,442 [INFO] IPUIPlugin:80 - create IPUIPlugin
2026-02-08 19:54:17,442 [INFO] IPUIPlugin:80 - create IPUIPlugin
2026-02-08 19:54:17,442 [INFO] IPUIPlugin:80 - create IPUIPlugin
2026-02-08 19:54:17,442 [INFO] IPUIPlugin:80 - create IPUIPlugin
2026-02-08 19:54:17,442 [INFO] IPUIPlugin:80 - create IPUIPlugin
2026-02-08 19:54:17,442 [INFO] IPUIPlugin:80 - create IPUIPlugin
2026-02-08 19:54:17,442 [INFO] IPUIPlugin:80 - create IPUIPlugin
2026-02-08 19:54:17,442 [INFO] IPUIPlugin:80 - create IPUIPlugin
2026-02-08 19:54:17,442 [INFO] IPUIPlugin:80 - create IPUIPlugin
2026-02-08 19:54:17,444 [INFO] IPUIPlugin:80 - create IPUIPlugin
2026-02-08 19:54:17,444 [INFO] IPUIPlugin:80 - create IPUIPlugin
2026-02-08 19:54:17,444 [INFO] IPUIPlugin:80 - create IPUIPlugin
2026-02-08 19:54:17,444 [INFO] IPUIPlugin:80 - create IPUIPlugin
2026-02-08 19:54:17,445 [INFO] IPUIPlugin:80 - create IPUIPlugin
2026-02-08 19:54:17,445 [INFO] IPUIPlugin:80 - create IPUIPlugin
2026-02-08 19:54:17,445 [INFO] IPUIPlugin:80 - create IPUIPlugin
2026-02-08 19:54:17,445 [INFO] IPUIPlugin:80 - create IPUIPlugin
2026-02-08 19:54:17,465 [ERROR] LogOutputStream:75 - [STDERR_REDIRECT] [Fatal Error] :1:1: Premature end of file.
2026-02-08 19:54:17,466 [ERROR] LogOutputStream:75 - [STDERR_REDIRECT] 
2026-02-08 19:54:17,630 [INFO] CADModel:165 - CPN selected for project levelSTM32F103RBT6
2026-02-08 19:54:17,630 [INFO] CADModel:114 - Register for checkConnection events
2026-02-08 19:54:17,676 [INFO] OpenFileManager:363 - Restore cursor
2026-02-08 19:54:18,215 [INFO] UtilMem:75 - End SaveConfig() Used Memory: 914018944 Bytes (1073741824)
2026-02-08 19:54:18,279 [INFO] UtilMem:75 - End SaveConfig() Used Memory: 927131560 Bytes (1073741824)
2026-02-08 19:54:18,464 [ERROR] LogOutputStream:75 - [STDERR_REDIRECT] [Fatal Error] :1:1: Premature end of file.
2026-02-08 19:54:18,464 [ERROR] LogOutputStream:75 - [STDERR_REDIRECT] 
2026-02-08 19:54:18,799 [INFO] BlockDiagram:2766 - set Specific Code input for plugin: NVIC
2026-02-08 19:54:18,799 [INFO] BlockDiagram:2766 - set Specific Code input for plugin: USART
2026-02-08 19:54:18,799 [INFO] BlockDiagram:2766 - set Specific Code input for plugin: SYS
2026-02-08 19:54:18,799 [INFO] BlockDiagram:2766 - set Specific Code input for plugin: GPIO
2026-02-08 19:54:18,799 [INFO] BlockDiagram:2766 - set Specific Code input for plugin: RCC
2026-02-08 19:54:18,801 [INFO] CodeGenerator:896 - code generatio: config db path: C:\ST\STM32CubeIDE_1.17.0\STM32CubeIDE\plugins\com.st.stm32cube.common.mx_6.13.0.202411220809\\db\
2026-02-08 19:54:18,938 [INFO] CodeEngine:255 - oldGeneratedFile, C:\Users\Lenovo\Desktop\ALARMA\alarma_vecinal_v3\jj\MXTmpFiles\license.tmp_save
2026-02-08 19:54:19,249 [INFO] CodeEngine:279 - Generated code: C:\Users\Lenovo\Desktop\ALARMA\alarma_vecinal_v3\jj\MXTmpFiles\license.tmp
2026-02-08 19:54:19,398 [INFO] CodeEngine:255 - oldGeneratedFile, C:\Users\Lenovo\Desktop\ALARMA\alarma_vecinal_v3\jj\MXTmpFiles\gpio.tmp_save
2026-02-08 19:54:19,462 [ERROR] LogOutputStream:75 - [STDERR_REDIRECT] [Fatal Error] :1:1: Premature end of file.
2026-02-08 19:54:19,463 [ERROR] LogOutputStream:75 - [STDERR_REDIRECT] 
2026-02-08 19:54:19,546 [INFO] CodeEngine:279 - Generated code: C:\Users\Lenovo\Desktop\ALARMA\alarma_vecinal_v3\jj\MXTmpFiles\gpio.tmp
2026-02-08 19:54:19,656 [INFO] CodeEngine:255 - oldGeneratedFile, C:\Users\Lenovo\Desktop\ALARMA\alarma_vecinal_v3\jj\Core\Src\stm32f1xx_it.c_save
2026-02-08 19:54:19,794 [INFO] CodeEngine:279 - Generated code: C:\Users\Lenovo\Desktop\ALARMA\alarma_vecinal_v3\jj\Core\Src\stm32f1xx_it.c
2026-02-08 19:54:19,798 [INFO] CodeEngine:255 - oldGeneratedFile, C:\Users\Lenovo\Desktop\ALARMA\alarma_vecinal_v3\jj\Core\Inc\stm32f1xx_it.h_save
2026-02-08 19:54:19,874 [INFO] CodeEngine:279 - Generated code: C:\Users\Lenovo\Desktop\ALARMA\alarma_vecinal_v3\jj\Core\Inc\stm32f1xx_it.h
2026-02-08 19:54:19,884 [INFO] CodeEngine:255 - oldGeneratedFile, C:\Users\Lenovo\Desktop\ALARMA\alarma_vecinal_v3\jj\Core\Src\stm32f1xx_hal_msp.c_save
2026-02-08 19:54:19,994 [INFO] CodeEngine:279 - Generated code: C:\Users\Lenovo\Desktop\ALARMA\alarma_vecinal_v3\jj\Core\Src\stm32f1xx_hal_msp.c
2026-02-08 19:54:19,998 [INFO] CodeEngine:255 - oldGeneratedFile, C:\Users\Lenovo\Desktop\ALARMA\alarma_vecinal_v3\jj\MXTmpFiles\system.tmp_save
2026-02-08 19:54:20,058 [INFO] CodeEngine:279 - Generated code: C:\Users\Lenovo\Desktop\ALARMA\alarma_vecinal_v3\jj\MXTmpFiles\system.tmp
2026-02-08 19:54:20,069 [INFO] CodeEngine:311 - oldGeneratedFile, C:\Users\Lenovo\Desktop\ALARMA\alarma_vecinal_v3\jj\Core\Inc\stm32f1xx_hal_conf.h_save
2026-02-08 19:54:20,131 [INFO] CodeEngine:335 - Generated code: C:\Users\Lenovo\Desktop\ALARMA\alarma_vecinal_v3\jj\Core\Inc\stm32f1xx_hal_conf.h
2026-02-08 19:54:20,175 [INFO] ApiDbMcu:508 - Load IP Config File for USART2
2026-02-08 19:54:20,181 [INFO] ApiDbMcu:508 - Load IP Config File for RCC
2026-02-08 19:54:20,191 [INFO] CodeEngine:255 - oldGeneratedFile, C:\Users\Lenovo\Desktop\ALARMA\alarma_vecinal_v3\jj\Core\Inc\main.h_save
2026-02-08 19:54:20,270 [INFO] CodeEngine:279 - Generated code: C:\Users\Lenovo\Desktop\ALARMA\alarma_vecinal_v3\jj\Core\Inc\main.h
2026-02-08 19:54:20,274 [INFO] CodeEngine:255 - oldGeneratedFile, C:\Users\Lenovo\Desktop\ALARMA\alarma_vecinal_v3\jj\Core\Src\main.c_save
2026-02-08 19:54:20,385 [INFO] CodeEngine:279 - Generated code: C:\Users\Lenovo\Desktop\ALARMA\alarma_vecinal_v3\jj\Core\Src\main.c
2026-02-08 19:54:20,461 [ERROR] LogOutputStream:75 - [STDERR_REDIRECT] [Fatal Error] :1:1: Premature end of file.
2026-02-08 19:54:20,461 [ERROR] LogOutputStream:75 - [STDERR_REDIRECT] 
2026-02-08 19:54:20,673 [INFO] ProjectBuilder:3289 - Time for Copy HAL[1] : 119mS.
2026-02-08 19:54:20,678 [INFO] ProjectBuilder:4876 - Project Generator version: 4.5.0-RC5
2026-02-08 19:54:20,734 [INFO] ConfigFileManager:1579 - The Die is : DIE410
2026-02-08 19:54:20,741 [INFO] ApiDbMcu:508 - Load IP Config File for FATFS
2026-02-08 19:54:20,745 [INFO] ApiDbMcu:508 - Load IP Config File for FREERTOS
2026-02-08 19:54:20,750 [INFO] ApiDbMcu:508 - Load IP Config File for USB_DEVICE
2026-02-08 19:54:21,066 [INFO] LogOutputStream:77 - [STDOUT_REDIRECT] 
2026-02-08 19:54:21,456 [ERROR] LogOutputStream:75 - [STDERR_REDIRECT] [Fatal Error] :1:1: Premature end of file.
2026-02-08 19:54:21,456 [ERROR] LogOutputStream:75 - [STDERR_REDIRECT] 
2026-02-08 19:54:22,473 [ERROR] LogOutputStream:75 - [STDERR_REDIRECT] [Fatal Error] :1:1: Premature end of file.
2026-02-08 19:54:22,475 [ERROR] LogOutputStream:75 - [STDERR_REDIRECT] 
2026-02-08 19:54:23,458 [ERROR] LogOutputStream:75 - [STDERR_REDIRECT] [Fatal Error] :1:1: Premature end of file.
2026-02-08 19:54:23,459 [ERROR] LogOutputStream:75 - [STDERR_REDIRECT] 
2026-02-08 19:54:24,415 [INFO] ProjectBuilder:5154 - Time for Generating toolchain IDE Files: 3737mS.
2026-02-08 19:54:24,416 [INFO] ProjectBuilder:3146 - Time for Copy CMSIS : 1mS.
2026-02-08 19:54:24,418 [INFO] ProjectBuilder:3146 - Time for Copy CMSIS : 0mS.
2026-02-08 19:54:24,464 [ERROR] LogOutputStream:75 - [STDERR_REDIRECT] [Fatal Error] :1:1: Premature end of file.
2026-02-08 19:54:24,465 [ERROR] LogOutputStream:75 - [STDERR_REDIRECT] 
2026-02-08 19:54:25,285 [INFO] McuFinderGlobals:76 - Set McuFinderConnectedMode to true
2026-02-08 19:54:25,288 [INFO] ApiDb:448 - Save user favorites file C:\Users\Lenovo/.stm32cubeide/favorites.mcus.txt: 0 item(s)
2026-02-08 19:54:25,289 [INFO] ApiDb:452 - User favorites MCUs=[]
2026-02-08 19:54:25,290 [INFO] ApiDb:448 - Save user favorites file C:\Users\Lenovo/.stm32cubeide/favorites.boards.txt: 0 item(s)
2026-02-08 19:54:25,290 [INFO] ApiDb:452 - User favorites Boards=[]
2026-02-08 19:54:25,508 [ERROR] LogOutputStream:75 - [STDERR_REDIRECT] [Fatal Error] :1:1: Premature end of file.
2026-02-08 19:54:25,509 [ERROR] LogOutputStream:75 - [STDERR_REDIRECT] 
2026-02-08 19:54:26,457 [ERROR] LogOutputStream:75 - [STDERR_REDIRECT] [Fatal Error] :1:1: Premature end of file.
2026-02-08 19:54:26,458 [ERROR] LogOutputStream:75 - [STDERR_REDIRECT] 
2026-02-08 19:54:27,470 [ERROR] LogOutputStream:75 - [STDERR_REDIRECT] [Fatal Error] :1:1: Premature end of file.
2026-02-08 19:54:27,470 [ERROR] LogOutputStream:75 - [STDERR_REDIRECT] 
2026-02-08 19:54:28,474 [ERROR] LogOutputStream:75 - [STDERR_REDIRECT] [Fatal Error] :1:1: Premature end of file.
2026-02-08 19:54:28,479 [ERROR] LogOutputStream:75 - [STDERR_REDIRECT] 
2026-02-08 19:54:29,472 [ERROR] LogOutputStream:75 - [STDERR_REDIRECT] [Fatal Error] :1:1: Premature end of file.
2026-02-08 19:54:29,473 [ERROR] LogOutputStream:75 - [STDERR_REDIRECT] 
2026-02-08 19:54:30,457 [ERROR] LogOutputStream:75 - [STDERR_REDIRECT] [Fatal Error] :1:1: Premature end of file.
2026-02-08 19:54:30,458 [ERROR] LogOutputStream:75 - [STDERR_REDIRECT] 
2026-02-08 19:54:31,464 [ERROR] LogOutputStream:75 - [STDERR_REDIRECT] [Fatal Error] :1:1: Premature end of file.
2026-02-08 19:54:31,464 [ERROR] LogOutputStream:75 - [STDERR_REDIRECT] 
2026-02-08 19:54:32,457 [ERROR] LogOutputStream:75 - [STDERR_REDIRECT] [Fatal Error] :1:1: Premature end of file.
2026-02-08 19:54:32,457 [ERROR] LogOutputStream:75 - [STDERR_REDIRECT] 
2026-02-08 19:54:33,464 [ERROR] LogOutputStream:75 - [STDERR_REDIRECT] [Fatal Error] :1:1: Premature end of file.
2026-02-08 19:54:33,476 [ERROR] LogOutputStream:75 - [STDERR_REDIRECT] 
2026-02-08 19:54:34,466 [ERROR] LogOutputStream:75 - [STDERR_REDIRECT] [Fatal Error] :1:1: Premature end of file.
2026-02-08 19:54:34,466 [ERROR] LogOutputStream:75 - [STDERR_REDIRECT] 
2026-02-08 19:54:35,471 [ERROR] LogOutputStream:75 - [STDERR_REDIRECT] [Fatal Error] :1:1: Premature end of file.
2026-02-08 19:54:35,472 [ERROR] LogOutputStream:75 - [STDERR_REDIRECT] 
2026-02-08 19:54:36,464 [ERROR] LogOutputStream:75 - [STDERR_REDIRECT] [Fatal Error] :1:1: Premature end of file.
2026-02-08 19:54:36,464 [ERROR] LogOutputStream:75 - [STDERR_REDIRECT] 
2026-02-08 19:54:37,476 [ERROR] LogOutputStream:75 - [STDERR_REDIRECT] [Fatal Error] :1:1: Premature end of file.
2026-02-08 19:54:37,477 [ERROR] LogOutputStream:75 - [STDERR_REDIRECT] 
2026-02-08 19:54:38,457 [ERROR] LogOutputStream:75 - [STDERR_REDIRECT] [Fatal Error] :1:1: Premature end of file.
2026-02-08 19:54:38,458 [ERROR] LogOutputStream:75 - [STDERR_REDIRECT] 
2026-02-08 19:54:39,457 [ERROR] LogOutputStream:75 - [STDERR_REDIRECT] [Fatal Error] :1:1: Premature end of file.
2026-02-08 19:54:39,458 [ERROR] LogOutputStream:75 - [STDERR_REDIRECT] 
2026-02-08 19:54:40,457 [ERROR] LogOutputStream:75 - [STDERR_REDIRECT] [Fatal Error] :1:1: Premature end of file.
2026-02-08 19:54:40,457 [ERROR] LogOutputStream:75 - [STDERR_REDIRECT] 
2026-02-08 19:54:41,479 [ERROR] LogOutputStream:75 - [STDERR_REDIRECT] [Fatal Error] :1:1: Premature end of file.
2026-02-08 19:54:41,482 [ERROR] LogOutputStream:75 - [STDERR_REDIRECT] 
2026-02-08 19:54:42,459 [ERROR] LogOutputStream:75 - [STDERR_REDIRECT] [Fatal Error] :1:1: Premature end of file.
2026-02-08 19:54:42,459 [ERROR] LogOutputStream:75 - [STDERR_REDIRECT] 
2026-02-08 19:54:43,454 [ERROR] LogOutputStream:75 - [STDERR_REDIRECT] [Fatal Error] :1:1: Premature end of file.
2026-02-08 19:54:43,455 [ERROR] LogOutputStream:75 - [STDERR_REDIRECT] 
2026-02-08 19:54:44,457 [ERROR] LogOutputStream:75 - [STDERR_REDIRECT] [Fatal Error] :1:1: Premature end of file.
2026-02-08 19:54:44,457 [ERROR] LogOutputStream:75 - [STDERR_REDIRECT] 
2026-02-08 19:54:45,458 [ERROR] LogOutputStream:75 - [STDERR_REDIRECT] [Fatal Error] :1:1: Premature end of file.
2026-02-08 19:54:45,458 [ERROR] LogOutputStream:75 - [STDERR_REDIRECT] 
2026-02-08 19:54:46,453 [ERROR] LogOutputStream:75 - [STDERR_REDIRECT] [Fatal Error] :1:1: Premature end of file.
2026-02-08 19:54:46,453 [ERROR] LogOutputStream:75 - [STDERR_REDIRECT] 
2026-02-08 19:54:47,457 [ERROR] LogOutputStream:75 - [STDERR_REDIRECT] [Fatal Error] :1:1: Premature end of file.
2026-02-08 19:54:47,458 [ERROR] LogOutputStream:75 - [STDERR_REDIRECT] 
2026-02-08 19:54:48,468 [ERROR] LogOutputStream:75 - [STDERR_REDIRECT] [Fatal Error] :1:1: Premature end of file.
2026-02-08 19:54:48,469 [ERROR] LogOutputStream:75 - [STDERR_REDIRECT] 
2026-02-08 19:54:49,468 [ERROR] LogOutputStream:75 - [STDERR_REDIRECT] [Fatal Error] :1:1: Premature end of file.
2026-02-08 19:54:49,469 [ERROR] LogOutputStream:75 - [STDERR_REDIRECT] 
2026-02-08 19:54:50,466 [ERROR] LogOutputStream:75 - [STDERR_REDIRECT] [Fatal Error] :1:1: Premature end of file.
2026-02-08 19:54:50,466 [ERROR] LogOutputStream:75 - [STDERR_REDIRECT] 
2026-02-08 19:54:51,468 [ERROR] LogOutputStream:75 - [STDERR_REDIRECT] [Fatal Error] :1:1: Premature end of file.
2026-02-08 19:54:51,468 [ERROR] LogOutputStream:75 - [STDERR_REDIRECT] 
2026-02-08 19:54:52,468 [ERROR] LogOutputStream:75 - [STDERR_REDIRECT] [Fatal Error] :1:1: Premature end of file.
2026-02-08 19:54:52,470 [ERROR] LogOutputStream:75 - [STDERR_REDIRECT] 
2026-02-08 19:54:53,465 [ERROR] LogOutputStream:75 - [STDERR_REDIRECT] [Fatal Error] :1:1: Premature end of file.
2026-02-08 19:54:53,465 [ERROR] LogOutputStream:75 - [STDERR_REDIRECT] 
2026-02-08 19:54:54,470 [ERROR] LogOutputStream:75 - [STDERR_REDIRECT] [Fatal Error] :1:1: Premature end of file.
2026-02-08 19:54:54,470 [ERROR] LogOutputStream:75 - [STDERR_REDIRECT] 
2026-02-08 19:54:55,470 [ERROR] LogOutputStream:75 - [STDERR_REDIRECT] [Fatal Error] :1:1: Premature end of file.
2026-02-08 19:54:55,470 [ERROR] LogOutputStream:75 - [STDERR_REDIRECT] 
2026-02-08 19:54:56,460 [ERROR] LogOutputStream:75 - [STDERR_REDIRECT] [Fatal Error] :1:1: Premature end of file.
2026-02-08 19:54:56,461 [ERROR] LogOutputStream:75 - [STDERR_REDIRECT] 
2026-02-08 19:54:57,469 [ERROR] LogOutputStream:75 - [STDERR_REDIRECT] [Fatal Error] :1:1: Premature end of file.
2026-02-08 19:54:57,470 [ERROR] LogOutputStream:75 - [STDERR_REDIRECT] 
2026-02-08 19:54:58,466 [ERROR] LogOutputStream:75 - [STDERR_REDIRECT] [Fatal Error] :1:1: Premature end of file.
2026-02-08 19:54:58,466 [ERROR] LogOutputStream:75 - [STDERR_REDIRECT] 
2026-02-08 19:54:59,482 [ERROR] LogOutputStream:75 - [STDERR_REDIRECT] [Fatal Error] :1:1: Premature end of file.
2026-02-08 19:54:59,482 [ERROR] LogOutputStream:75 - [STDERR_REDIRECT] 
2026-02-08 19:55:00,467 [ERROR] LogOutputStream:75 - [STDERR_REDIRECT] [Fatal Error] :1:1: Premature end of file.
2026-02-08 19:55:00,468 [ERROR] LogOutputStream:75 - [STDERR_REDIRECT] 
2026-02-08 19:55:01,466 [ERROR] LogOutputStream:75 - [STDERR_REDIRECT] [Fatal Error] :1:1: Premature end of file.
2026-02-08 19:55:01,467 [ERROR] LogOutputStream:75 - [STDERR_REDIRECT] 
2026-02-08 19:55:02,469 [ERROR] LogOutputStream:75 - [STDERR_REDIRECT] [Fatal Error] :1:1: Premature end of file.
2026-02-08 19:55:02,469 [ERROR] LogOutputStream:75 - [STDERR_REDIRECT] 
2026-02-08 19:55:03,470 [ERROR] LogOutputStream:75 - [STDERR_REDIRECT] [Fatal Error] :1:1: Premature end of file.
2026-02-08 19:55:03,470 [ERROR] LogOutputStream:75 - [STDERR_REDIRECT] 
2026-02-08 19:55:04,470 [ERROR] LogOutputStream:75 - [STDERR_REDIRECT] [Fatal Error] :1:1: Premature end of file.
2026-02-08 19:55:04,470 [ERROR] LogOutputStream:75 - [STDERR_REDIRECT] 
2026-02-08 19:55:05,466 [ERROR] LogOutputStream:75 - [STDERR_REDIRECT] [Fatal Error] :1:1: Premature end of file.
2026-02-08 19:55:05,466 [ERROR] LogOutputStream:75 - [STDERR_REDIRECT] 
2026-02-08 19:55:06,464 [ERROR] LogOutputStream:75 - [STDERR_REDIRECT] [Fatal Error] :1:1: Premature end of file.
2026-02-08 19:55:06,465 [ERROR] LogOutputStream:75 - [STDERR_REDIRECT] 
2026-02-08 19:55:07,466 [ERROR] LogOutputStream:75 - [STDERR_REDIRECT] [Fatal Error] :1:1: Premature end of file.
2026-02-08 19:55:07,466 [ERROR] LogOutputStream:75 - [STDERR_REDIRECT] 
2026-02-08 19:55:08,466 [ERROR] LogOutputStream:75 - [STDERR_REDIRECT] [Fatal Error] :1:1: Premature end of file.
2026-02-08 19:55:08,466 [ERROR] LogOutputStream:75 - [STDERR_REDIRECT] 
2026-02-08 19:55:09,459 [ERROR] LogOutputStream:75 - [STDERR_REDIRECT] [Fatal Error] :1:1: Premature end of file.
2026-02-08 19:55:09,459 [ERROR] LogOutputStream:75 - [STDERR_REDIRECT] 
2026-02-08 19:55:10,462 [ERROR] LogOutputStream:75 - [STDERR_REDIRECT] [Fatal Error] :1:1: Premature end of file.
2026-02-08 19:55:10,463 [ERROR] LogOutputStream:75 - [STDERR_REDIRECT] 
2026-02-08 19:55:11,461 [ERROR] LogOutputStream:75 - [STDERR_REDIRECT] [Fatal Error] :1:1: Premature end of file.
2026-02-08 19:55:11,461 [ERROR] LogOutputStream:75 - [STDERR_REDIRECT] 
2026-02-08 19:55:12,465 [ERROR] LogOutputStream:75 - [STDERR_REDIRECT] [Fatal Error] :1:1: Premature end of file.
2026-02-08 19:55:12,466 [ERROR] LogOutputStream:75 - [STDERR_REDIRECT] 
2026-02-08 19:55:13,465 [ERROR] LogOutputStream:75 - [STDERR_REDIRECT] [Fatal Error] :1:1: Premature end of file.
2026-02-08 19:55:13,465 [ERROR] LogOutputStream:75 - [STDERR_REDIRECT] 
2026-02-08 19:55:14,456 [ERROR] LogOutputStream:75 - [STDERR_REDIRECT] [Fatal Error] :1:1: Premature end of file.
2026-02-08 19:55:14,456 [ERROR] LogOutputStream:75 - [STDERR_REDIRECT] 
2026-02-08 19:55:15,468 [ERROR] LogOutputStream:75 - [STDERR_REDIRECT] [Fatal Error] :1:1: Premature end of file.
2026-02-08 19:55:15,468 [ERROR] LogOutputStream:75 - [STDERR_REDIRECT] 
2026-02-08 19:55:16,461 [ERROR] LogOutputStream:75 - [STDERR_REDIRECT] 
2026-02-08 19:55:16,461 [ERROR] LogOutputStream:75 - [STDERR_REDIRECT] 
2026-02-08 19:56:08,829 [INFO] Activator:176 - 


2026-02-08 19:56:08,829 [INFO] Activator:177 - !SESSION log4j initialized
2026-02-08 19:56:10,766 [INFO] LogOutputStream:77 - [STDOUT_REDIRECT] 
2026-02-08 19:56:12,331 [INFO] ApplicationProperties:184 - Using Application install path: C:\ST\STM32CubeIDE_1.17.0\STM32CubeIDE\plugins\com.st.stm32cube.common.mx_6.13.0.202411220809
2026-02-08 19:56:12,346 [INFO] DbMcusXml:78 - Set database path to: C:\ST\STM32CubeIDE_1.17.0\STM32CubeIDE\plugins\com.st.stm32cube.common.mx_6.13.0.202411220809\\db\/mcu/
2026-02-08 19:56:12,346 [INFO] ApiDb:274 - Set plugin database path to: C:\ST\STM32CubeIDE_1.17.0\STM32CubeIDE\plugins\com.st.stm32cube.common.mx_6.13.0.202411220809\\db\/plugins/boardmanager/
2026-02-08 19:56:12,346 [WARN] ApiDb:259 - Overriding images path with different value:  => C:\ST\STM32CubeIDE_1.17.0\STM32CubeIDE\plugins\com.st.stm32cube.common.mx_6.13.0.202411220809\\db\/plugins/mcufinder/images/
2026-02-08 19:56:12,350 [INFO] ApiDb:250 - Set database path to: C:\Users\Lenovo\.stmcufinder\plugins\mcufinder//mcu/
2026-02-08 19:56:12,351 [INFO] DbMcusAds:125 - Set database path to: C:\Users\Lenovo\.stmcufinder\plugins\mcufinder//mcu/
2026-02-08 19:56:12,352 [INFO] CrossReferenceDbSqlite:203 - Set database path to: C:\Users\Lenovo\.stmcufinder\plugins\mcufinder//mcu/cs/
2026-02-08 19:56:12,435 [INFO] RulesReader:64 - Compatibility file has been processed (297 Rules)
2026-02-08 19:56:12,517 [INFO] DbMcusXml:78 - Set database path to: C:\ST\STM32CubeIDE_1.17.0\STM32CubeIDE\plugins\com.st.stm32cube.common.mx_6.13.0.202411220809\\db\/mcu/
2026-02-08 19:56:12,517 [INFO] ApiDb:274 - Set plugin database path to: C:\ST\STM32CubeIDE_1.17.0\STM32CubeIDE\plugins\com.st.stm32cube.common.mx_6.13.0.202411220809\\db\/plugins/boardmanager/
2026-02-08 19:56:12,517 [INFO] ApiDb:261 - Set plugin images path to: C:\ST\STM32CubeIDE_1.17.0\STM32CubeIDE\plugins\com.st.stm32cube.common.mx_6.13.0.202411220809\\db\/plugins/mcufinder/images/
2026-02-08 19:56:12,517 [WARN] DbFile:41 - Overriding database path with different value: C:\Users\Lenovo\.stmcufinder\plugins\mcufinder/ => C:\Users\Lenovo\.stmcufinder\plugins\mcufinder
2026-02-08 19:56:12,517 [INFO] ApiDb:250 - Set database path to: C:\Users\Lenovo\.stmcufinder\plugins\mcufinder//mcu/
2026-02-08 19:56:12,518 [WARN] DbFile:41 - Overriding database path with different value: C:\Users\Lenovo\.stmcufinder\plugins\mcufinder/ => C:\Users\Lenovo\.stmcufinder\plugins\mcufinder
2026-02-08 19:56:12,518 [INFO] DbMcusAds:125 - Set database path to: C:\Users\Lenovo\.stmcufinder\plugins\mcufinder//mcu/
2026-02-08 19:56:12,518 [WARN] DbFile:41 - Overriding database path with different value: C:\Users\Lenovo\.stmcufinder\plugins\mcufinder/ => C:\Users\Lenovo\.stmcufinder\plugins\mcufinder
2026-02-08 19:56:12,518 [WARN] DbFile:41 - Overriding database path with different value: C:\Users\Lenovo\.stmcufinder\plugins\mcufinder/ => C:\Users\Lenovo\.stmcufinder\plugins\mcufinder
2026-02-08 19:56:12,518 [INFO] CrossReferenceDbSqlite:203 - Set database path to: C:\Users\Lenovo\.stmcufinder\plugins\mcufinder//mcu/cs/
2026-02-08 19:56:12,570 [INFO] MainPanel:272 - HeapMemory: 268435456
2026-02-08 19:56:12,630 [INFO] DbMcusXml:78 - Set database path to: C:\ST\STM32CubeIDE_1.17.0\STM32CubeIDE\plugins\com.st.stm32cube.common.mx_6.13.0.202411220809\\db\/mcu/
2026-02-08 19:56:12,630 [INFO] ApiDb:274 - Set plugin database path to: C:\ST\STM32CubeIDE_1.17.0\STM32CubeIDE\plugins\com.st.stm32cube.common.mx_6.13.0.202411220809\\db\/plugins/boardmanager/
2026-02-08 19:56:12,630 [INFO] ApiDb:261 - Set plugin images path to: C:\ST\STM32CubeIDE_1.17.0\STM32CubeIDE\plugins\com.st.stm32cube.common.mx_6.13.0.202411220809\\db\/plugins/mcufinder/images/
2026-02-08 19:56:12,630 [WARN] DbFile:41 - Overriding database path with different value: C:\Users\Lenovo\.stmcufinder\plugins\mcufinder/ => C:\Users\Lenovo\.stmcufinder\plugins\mcufinder
2026-02-08 19:56:12,630 [INFO] ApiDb:250 - Set database path to: C:\Users\Lenovo\.stmcufinder\plugins\mcufinder//mcu/
2026-02-08 19:56:12,630 [WARN] DbFile:41 - Overriding database path with different value: C:\Users\Lenovo\.stmcufinder\plugins\mcufinder/ => C:\Users\Lenovo\.stmcufinder\plugins\mcufinder
2026-02-08 19:56:12,631 [INFO] DbMcusAds:125 - Set database path to: C:\Users\Lenovo\.stmcufinder\plugins\mcufinder//mcu/
2026-02-08 19:56:12,631 [WARN] DbFile:41 - Overriding database path with different value: C:\Users\Lenovo\.stmcufinder\plugins\mcufinder/ => C:\Users\Lenovo\.stmcufinder\plugins\mcufinder
2026-02-08 19:56:12,631 [WARN] DbFile:41 - Overriding database path with different value: C:\Users\Lenovo\.stmcufinder\plugins\mcufinder/ => C:\Users\Lenovo\.stmcufinder\plugins\mcufinder
2026-02-08 19:56:12,631 [INFO] CrossReferenceDbSqlite:203 - Set database path to: C:\Users\Lenovo\.stmcufinder\plugins\mcufinder//mcu/cs/
2026-02-08 19:56:12,644 [INFO] ApplicationProperties:184 - Using Application install path: C:\ST\STM32CubeIDE_1.17.0\STM32CubeIDE\plugins\com.st.stm32cube.common.mx_6.13.0.202411220809
2026-02-08 19:56:12,645 [INFO] PluginManage:196 - Search for loadable plugins [exclusion list=, ]
2026-02-08 19:56:12,646 [INFO] PluginManage:310 - Check plugin analytics
2026-02-08 19:56:12,820 [INFO] AnalyticsPlugin:253 - Accepted Software Licenses: 
2026-02-08 19:56:12,820 [INFO] AnalyticsPlugin:255 - Accepted CMSIS Pack Licenses: 
2026-02-08 19:56:12,820 [INFO] AnalyticsPlugin:257 - Accepted Firmware Licenses: 
2026-02-08 19:56:12,825 [INFO] PluginManage:359 - Loaded plugin analytics (category:tool,tabindex:-1)
2026-02-08 19:56:12,826 [INFO] PluginManage:310 - Check plugin cadmodel
2026-02-08 19:56:12,831 [INFO] CADModel:105 - Init CAD model plugin
2026-02-08 19:56:12,831 [INFO] PluginManage:359 - Loaded plugin cadmodel (category:power,tabindex:5)
2026-02-08 19:56:12,831 [INFO] PluginManage:310 - Check plugin clock
2026-02-08 19:56:12,842 [INFO] PluginManage:359 - Loaded plugin clock (category:base,tabindex:2)
2026-02-08 19:56:12,843 [INFO] PluginManage:310 - Check plugin ddr
2026-02-08 19:56:12,845 [INFO] PluginManage:359 - Loaded plugin ddr (category:tool,tabindex:6)
2026-02-08 19:56:12,845 [INFO] PluginManage:310 - Check plugin filemanager
2026-02-08 19:56:12,973 [INFO] PluginManage:359 - Loaded plugin filemanager (category:base,tabindex:10)
2026-02-08 19:56:12,973 [INFO] PluginManage:310 - Check plugin ipmanager
2026-02-08 19:56:12,979 [INFO] PluginManage:359 - Loaded plugin ipmanager (category:base,tabindex:5)
2026-02-08 19:56:12,980 [INFO] PluginManage:310 - Check plugin lpbam
2026-02-08 19:56:12,985 [INFO] PluginManage:359 - Loaded plugin lpbam (category:base,tabindex:0)
2026-02-08 19:56:12,985 [INFO] PluginManage:310 - Check plugin memorymap
2026-02-08 19:56:12,993 [INFO] PluginManage:359 - Loaded plugin memorymap (category:base,tabindex:4)
2026-02-08 19:56:12,993 [INFO] PluginManage:310 - Check plugin pinoutandconfiguration
2026-02-08 19:56:12,999 [INFO] PluginManage:359 - Loaded plugin pinoutandconfiguration (category:base,tabindex:1)
2026-02-08 19:56:12,999 [INFO] PluginManage:310 - Check plugin pinoutconfig
2026-02-08 19:56:13,110 [WARN] SupportedApi:132 - Cannot load RTOS API schema: s4s-elt-must-match.1: The content of 'definitions' must match (annotation?, (simpleType | complexType)?, (unique | key | keyref)*)). A problem was found starting at: attribute.
2026-02-08 19:56:13,199 [INFO] PluginManage:359 - Loaded plugin pinoutconfig (category:base,tabindex:0)
2026-02-08 19:56:13,199 [INFO] PluginManage:310 - Check plugin power
2026-02-08 19:56:13,204 [INFO] PluginManage:359 - Loaded plugin power (category:power,tabindex:4)
2026-02-08 19:56:13,204 [INFO] PluginManage:310 - Check plugin projectmanager
2026-02-08 19:56:13,217 [INFO] PluginManage:359 - Loaded plugin projectmanager (category:projectmanager,tabindex:4)
2026-02-08 19:56:13,217 [INFO] PluginManage:310 - Check plugin rif
2026-02-08 19:56:13,221 [INFO] PluginManage:359 - Loaded plugin rif (category:base,tabindex:3)
2026-02-08 19:56:13,222 [INFO] PluginManage:310 - Check plugin thirdparty
2026-02-08 19:56:13,343 [INFO] PluginManage:359 - Loaded plugin thirdparty (category:base,tabindex:-1)
2026-02-08 19:56:13,343 [WARN] IntegrityCheckThread:84 - waiting for thirdparty lock release [integrity check]
2026-02-08 19:56:13,343 [INFO] PluginManage:310 - Check plugin tools
2026-02-08 19:56:13,343 [INFO] IntegrityCheckThread:86 - entering critical section [integrity check]
2026-02-08 19:56:13,344 [INFO] ThirdPartyUpdaterWithRetryManager:70 - Updater plugin not ready yet. [1/15]
2026-02-08 19:56:13,346 [INFO] PluginManage:359 - Loaded plugin tools (category:base,tabindex:7)
2026-02-08 19:56:13,346 [INFO] PluginManage:310 - Check plugin tutovideos
2026-02-08 19:56:13,452 [INFO] PluginManage:359 - Loaded plugin tutovideos (category:base,tabindex:-1)
2026-02-08 19:56:13,452 [INFO] PluginManage:310 - Check plugin updater
2026-02-08 19:56:13,473 [INFO] PluginManage:359 - Loaded plugin updater (category:base,tabindex:12)
2026-02-08 19:56:13,473 [INFO] PluginManage:310 - Check plugin userauth
2026-02-08 19:56:13,476 [INFO] UserAuth:118 - Init User Auth plugin
2026-02-08 19:56:13,477 [INFO] PluginManage:359 - Loaded plugin userauth (category:base,tabindex:14)
2026-02-08 19:56:13,477 [INFO] PluginManage:283 - PluginManage : Loaded plugins [18]
2026-02-08 19:56:13,679 [INFO] PinOutPanel:1589 - setPackage(No Configuration,No Configuration)
2026-02-08 19:56:13,740 [INFO] CADModel:165 - CPN selected for project level
2026-02-08 19:56:13,740 [INFO] CADModel:114 - Register for checkConnection events
2026-02-08 19:56:13,751 [INFO] IPUIPlugin:80 - create IPUIPlugin
2026-02-08 19:56:13,751 [INFO] PluginManager:220 - loadIPPluginJar : add adc
2026-02-08 19:56:13,753 [INFO] IPUIPlugin:80 - create IPUIPlugin
2026-02-08 19:56:13,753 [INFO] PluginManager:220 - loadIPPluginJar : add aes
2026-02-08 19:56:13,756 [INFO] IPUIPlugin:80 - create IPUIPlugin
2026-02-08 19:56:13,756 [INFO] PluginManager:220 - loadIPPluginJar : add can
2026-02-08 19:56:13,757 [INFO] IPUIPlugin:80 - create IPUIPlugin
2026-02-08 19:56:13,757 [INFO] PluginManager:220 - loadIPPluginJar : add comp
2026-02-08 19:56:13,759 [INFO] IPUIPlugin:80 - create IPUIPlugin
2026-02-08 19:56:13,759 [INFO] PluginManager:220 - loadIPPluginJar : add cryp
2026-02-08 19:56:13,761 [INFO] IPUIPlugin:80 - create IPUIPlugin
2026-02-08 19:56:13,761 [INFO] PluginManager:220 - loadIPPluginJar : add ddr_ctrl_phy
2026-02-08 19:56:13,763 [INFO] IPUIPlugin:80 - create IPUIPlugin
2026-02-08 19:56:13,764 [INFO] PluginManager:220 - loadIPPluginJar : add dfsdm
2026-02-08 19:56:13,768 [INFO] IPUIPlugin:80 - create IPUIPlugin
2026-02-08 19:56:13,769 [INFO] PluginManager:220 - loadIPPluginJar : add dma
2026-02-08 19:56:13,771 [INFO] IPUIPlugin:80 - create IPUIPlugin
2026-02-08 19:56:13,771 [INFO] PluginManager:220 - loadIPPluginJar : add dma3
2026-02-08 19:56:13,773 [INFO] IPUIPlugin:80 - create IPUIPlugin
2026-02-08 19:56:13,773 [INFO] PluginManager:220 - loadIPPluginJar : add extmemmanager
2026-02-08 19:56:13,773 [INFO] IPUIPlugin:80 - create IPUIPlugin
2026-02-08 19:56:13,774 [INFO] PluginManager:220 - loadIPPluginJar : add fatfs
2026-02-08 19:56:13,777 [INFO] IPUIPlugin:80 - create IPUIPlugin
2026-02-08 19:56:13,777 [INFO] PluginManager:220 - loadIPPluginJar : add fmc
2026-02-08 19:56:13,782 [INFO] IPUIPlugin:80 - create IPUIPlugin
2026-02-08 19:56:13,782 [INFO] PluginManager:220 - loadIPPluginJar : add freertos
2026-02-08 19:56:13,783 [INFO] IPUIPlugin:80 - create IPUIPlugin
2026-02-08 19:56:13,783 [INFO] PluginManager:220 - loadIPPluginJar : add genericplugin
2026-02-08 19:56:13,784 [INFO] IPUIPlugin:80 - create IPUIPlugin
2026-02-08 19:56:13,784 [INFO] PluginManager:220 - loadIPPluginJar : add gfxmmu
2026-02-08 19:56:13,787 [INFO] IPUIPlugin:80 - create IPUIPlugin
2026-02-08 19:56:13,787 [INFO] PluginManager:220 - loadIPPluginJar : add gic
2026-02-08 19:56:13,789 [INFO] IPUIPlugin:80 - create IPUIPlugin
2026-02-08 19:56:13,789 [INFO] PluginManager:220 - loadIPPluginJar : add gpio
2026-02-08 19:56:13,791 [INFO] IPUIPlugin:80 - create IPUIPlugin
2026-02-08 19:56:13,791 [INFO] PluginManager:220 - loadIPPluginJar : add gtzc
2026-02-08 19:56:13,792 [INFO] IPUIPlugin:80 - create IPUIPlugin
2026-02-08 19:56:13,792 [INFO] PluginManager:220 - loadIPPluginJar : add hash
2026-02-08 19:56:13,794 [INFO] IPUIPlugin:80 - create IPUIPlugin
2026-02-08 19:56:13,794 [INFO] PluginManager:220 - loadIPPluginJar : add i2c
2026-02-08 19:56:13,795 [INFO] IPUIPlugin:80 - create IPUIPlugin
2026-02-08 19:56:13,795 [INFO] PluginManager:220 - loadIPPluginJar : add i2s
2026-02-08 19:56:13,797 [INFO] IPUIPlugin:80 - create IPUIPlugin
2026-02-08 19:56:13,797 [INFO] PluginManager:220 - loadIPPluginJar : add i3c
2026-02-08 19:56:13,799 [INFO] IPUIPlugin:80 - create IPUIPlugin
2026-02-08 19:56:13,799 [INFO] PluginManager:220 - loadIPPluginJar : add ipddr
2026-02-08 19:56:13,803 [INFO] IPUIPlugin:80 - create IPUIPlugin
2026-02-08 19:56:13,803 [INFO] PluginManager:220 - loadIPPluginJar : add linkedlist
2026-02-08 19:56:13,806 [INFO] IPUIPlugin:80 - create IPUIPlugin
2026-02-08 19:56:13,806 [INFO] PluginManager:220 - loadIPPluginJar : add lorawan
2026-02-08 19:56:13,807 [INFO] IPUIPlugin:80 - create IPUIPlugin
2026-02-08 19:56:13,807 [INFO] PluginManager:220 - loadIPPluginJar : add ltdc
2026-02-08 19:56:13,809 [INFO] IPUIPlugin:80 - create IPUIPlugin
2026-02-08 19:56:13,810 [INFO] PluginManager:220 - loadIPPluginJar : add mdma
2026-02-08 19:56:13,812 [INFO] IPUIPlugin:80 - create IPUIPlugin
2026-02-08 19:56:13,812 [INFO] PluginManager:220 - loadIPPluginJar : add nvic
2026-02-08 19:56:13,814 [INFO] IPUIPlugin:80 - create IPUIPlugin
2026-02-08 19:56:13,814 [INFO] PluginManager:220 - loadIPPluginJar : add opamp
2026-02-08 19:56:13,816 [INFO] IPUIPlugin:80 - create IPUIPlugin
2026-02-08 19:56:13,816 [INFO] PluginManager:220 - loadIPPluginJar : add openamp
2026-02-08 19:56:13,818 [INFO] IPUIPlugin:80 - create IPUIPlugin
2026-02-08 19:56:13,818 [INFO] PluginManager:220 - loadIPPluginJar : add pdm2pcm
2026-02-08 19:56:13,822 [INFO] IPUIPlugin:80 - create IPUIPlugin
2026-02-08 19:56:13,824 [INFO] PluginManager:220 - loadIPPluginJar : add plateformsettings
2026-02-08 19:56:13,824 [INFO] IPUIPlugin:80 - create IPUIPlugin
2026-02-08 19:56:13,825 [INFO] PluginManager:220 - loadIPPluginJar : add quadspi
2026-02-08 19:56:13,826 [INFO] IPUIPlugin:80 - create IPUIPlugin
2026-02-08 19:56:13,826 [INFO] PluginManager:220 - loadIPPluginJar : add radio
2026-02-08 19:56:13,828 [INFO] IPUIPlugin:80 - create IPUIPlugin
2026-02-08 19:56:13,828 [INFO] PluginManager:220 - loadIPPluginJar : add resmgrutility
2026-02-08 19:56:13,830 [INFO] IPUIPlugin:80 - create IPUIPlugin
2026-02-08 19:56:13,830 [INFO] PluginManager:220 - loadIPPluginJar : add sai
2026-02-08 19:56:13,831 [INFO] IPUIPlugin:80 - create IPUIPlugin
2026-02-08 19:56:13,831 [INFO] PluginManager:220 - loadIPPluginJar : add spi
2026-02-08 19:56:13,835 [INFO] IPUIPlugin:80 - create IPUIPlugin
2026-02-08 19:56:13,835 [INFO] PluginManager:220 - loadIPPluginJar : add stm32_wpan
2026-02-08 19:56:13,836 [INFO] IPUIPlugin:80 - create IPUIPlugin
2026-02-08 19:56:13,836 [INFO] PluginManager:220 - loadIPPluginJar : add tim
2026-02-08 19:56:13,838 [INFO] IPUIPlugin:80 - create IPUIPlugin
2026-02-08 19:56:13,838 [INFO] PluginManager:220 - loadIPPluginJar : add touchsensing
2026-02-08 19:56:13,839 [INFO] IPUIPlugin:80 - create IPUIPlugin
2026-02-08 19:56:13,839 [INFO] PluginManager:220 - loadIPPluginJar : add tracer_emb
2026-02-08 19:56:13,840 [INFO] IPUIPlugin:80 - create IPUIPlugin
2026-02-08 19:56:13,840 [INFO] PluginManager:220 - loadIPPluginJar : add ts
2026-02-08 19:56:13,841 [INFO] IPUIPlugin:80 - create IPUIPlugin
2026-02-08 19:56:13,841 [INFO] PluginManager:220 - loadIPPluginJar : add tsc
2026-02-08 19:56:13,842 [INFO] IPUIPlugin:80 - create IPUIPlugin
2026-02-08 19:56:13,842 [INFO] PluginManager:220 - loadIPPluginJar : add ucpd
2026-02-08 19:56:13,844 [INFO] IPUIPlugin:80 - create IPUIPlugin
2026-02-08 19:56:13,844 [INFO] PluginManager:220 - loadIPPluginJar : add usart
2026-02-08 19:56:13,846 [INFO] IPUIPlugin:80 - create IPUIPlugin
2026-02-08 19:56:13,846 [INFO] PluginManager:220 - loadIPPluginJar : add usbx
2026-02-08 19:56:13,979 [FATAL] Updater:351 - Updater called before beeing initialized
2026-02-08 19:56:14,017 [INFO] RulesReader:64 - Compatibility file has been processed (297 Rules)
2026-02-08 19:56:14,028 [INFO] RulesReader:64 - Compatibility file has been processed (297 Rules)
2026-02-08 19:56:14,040 [INFO] CADModel:165 - CPN selected for project level
2026-02-08 19:56:14,040 [INFO] CADModel:114 - Register for checkConnection events
2026-02-08 19:56:14,040 [FATAL] Updater:351 - Updater called before beeing initialized
2026-02-08 19:56:14,040 [ERROR] CADModel:125 - Updater not yet initialized, retry later 
2026-02-08 19:56:14,184 [FATAL] Updater:351 - Updater called before beeing initialized
2026-02-08 19:56:14,185 [INFO] CADModel:165 - CPN selected for project level
2026-02-08 19:56:14,185 [INFO] CADModel:114 - Register for checkConnection events
2026-02-08 19:56:14,185 [FATAL] Updater:351 - Updater called before beeing initialized
2026-02-08 19:56:14,185 [ERROR] CADModel:125 - Updater not yet initialized, retry later 
2026-02-08 19:56:14,187 [FATAL] Updater:351 - Updater called before beeing initialized
2026-02-08 19:56:14,269 [FATAL] Updater:351 - Updater called before beeing initialized
2026-02-08 19:56:14,273 [INFO] DbMcusAds:53 - JSON generation date=Thu Jan 08 16:57:51 CET 2026 (1767887871456)
2026-02-08 19:56:14,273 [FATAL] Updater:351 - Updater called before beeing initialized
2026-02-08 19:56:14,297 [WARN] DetailPanel:346 - Failed to get advertising image, set to default
2026-02-08 19:56:14,461 [FATAL] Updater:351 - Updater called before beeing initialized
2026-02-08 19:56:14,462 [FATAL] Updater:351 - Updater called before beeing initialized
2026-02-08 19:56:14,463 [FATAL] Updater:351 - Updater called before beeing initialized
2026-02-08 19:56:14,463 [WARN] DetailPanel:346 - Failed to get advertising image, set to default
2026-02-08 19:56:14,465 [FATAL] Updater:351 - Updater called before beeing initialized
2026-02-08 19:56:14,499 [ERROR] Updater:1198 - MainUpdater not yet initialized. External WinMGr cannot be set.
2026-02-08 19:56:14,500 [INFO] Updater:1134 - Updater Version found : 6.13.0
2026-02-08 19:56:14,511 [INFO] ApplicationProperties:184 - Using Application install path: C:\ST\STM32CubeIDE_1.17.0\STM32CubeIDE\plugins\com.st.stm32cube.common.mx_6.13.0.202411220809
2026-02-08 19:56:16,082 [ERROR] LogOutputStream:75 - [STDERR_REDIRECT] Feb 08, 2026 7:56:16 PM java.util.prefs.WindowsPreferences <init>
2026-02-08 19:56:16,085 [ERROR] LogOutputStream:75 - [STDERR_REDIRECT] WARNING: Could not open/create prefs root node Software\JavaSoft\Prefs at root 0xffffffff80000002. Windows RegCreateKeyEx(...) returned error code 5.
2026-02-08 19:56:16,085 [ERROR] LogOutputStream:75 - [STDERR_REDIRECT] 
2026-02-08 19:56:16,344 [INFO] ThirdPartyUpdaterWithRetryManager:70 - Updater plugin not ready yet. [2/15]
2026-02-08 19:56:16,393 [INFO] MainUpdater:2872 - connection check result : 10
2026-02-08 19:56:16,394 [INFO] MainUpdater:289 - Updater Check For Update Now.
2026-02-08 19:56:16,394 [INFO] MicroXplorer:498 - Change Database Version : DB.6.0.130
2026-02-08 19:56:16,402 [INFO] McuFinderGlobals:63 - Set McuFinder mode to 2 (CubeIDE integrated)
2026-02-08 19:56:16,403 [INFO] UserAuth:486 - Internet connection configuration mode: 1
2026-02-08 19:56:16,453 [INFO] JxBrowserEngine:152 - Initiate JxBrowser Engine with user profile folder
2026-02-08 19:56:16,602 [INFO] CheckServerUpdateThread:120 - End of CheckServer Thread
2026-02-08 19:56:16,983 [INFO] WebApp:168 - Instantiating new browser for Auth
2026-02-08 19:56:17,489 [INFO] WebApp:449 - Apply proxy settings
2026-02-08 19:56:17,489 [INFO] WebApp:534 - Chromium requires no authentication
2026-02-08 19:56:17,495 [INFO] WebApp:477 - Direct internet connection detected
2026-02-08 19:56:17,512 [INFO] WebApp:880 - Register for checkConnection events
2026-02-08 19:56:17,512 [INFO] WebApp:449 - Apply proxy settings
2026-02-08 19:56:17,512 [INFO] WebApp:534 - Chromium requires no authentication
2026-02-08 19:56:17,513 [INFO] WebApp:477 - Direct internet connection detected
2026-02-08 19:56:17,615 [INFO] WebApp:221 - Starting web application
2026-02-08 19:56:17,615 [INFO] WebApp:579 - Web application path used C:\ST\STM32CubeIDE_1.17.0\STM32CubeIDE\plugins\com.st.stm32cube.common.mx_6.13.0.202411220809\db\plugins\mcufinder\reactClient1\index.html
2026-02-08 19:56:17,683 [INFO] UserAuth:486 - Internet connection configuration mode: 1
2026-02-08 19:56:17,723 [INFO] WebApp:187 - Connection restablished
2026-02-08 19:56:17,749 [ERROR] LogOutputStream:75 - [STDERR_REDIRECT] [Fatal Error] :1:1: Premature end of file.
2026-02-08 19:56:17,749 [ERROR] LogOutputStream:75 - [STDERR_REDIRECT] 
2026-02-08 19:56:18,735 [ERROR] LogOutputStream:75 - [STDERR_REDIRECT] [Fatal Error] :1:1: Premature end of file.
2026-02-08 19:56:18,735 [ERROR] LogOutputStream:75 - [STDERR_REDIRECT] 
2026-02-08 19:56:19,484 [WARN] PackLoader:240 - Cannot read IP mode file for STMicroelectronics.FP-SNS-MOTENVWB1.1.4.0
2026-02-08 19:56:19,492 [WARN] PackLoader:240 - Cannot read IP mode file for STMicroelectronics.FP-ATR-ASTRA1.2.0.2
2026-02-08 19:56:19,498 [WARN] PackLoader:240 - Cannot read IP mode file for STMicroelectronics.X-CUBE-SMBUS.2.1.0
2026-02-08 19:56:19,523 [WARN] PackLoader:240 - Cannot read IP mode file for STMicroelectronics.X-CUBE-AZRTOS-F7.1.1.0
2026-02-08 19:56:19,531 [ERROR] Engine:466 - C:\Users\Lenovo\.stm32cubemx\thirdparties\pdsc\STMicroelectronics.FP-SNS-MOTENV1.5.1.0.pdsc: PDSC version is not supported
2026-02-08 19:56:19,536 [ERROR] Engine:466 - C:\Users\Lenovo\.stm32cubemx\thirdparties\pdsc\WES.I-CUBE-Cesium.1.4.0.pdsc: PDSC version is not supported
2026-02-08 19:56:19,563 [WARN] PackLoader:240 - Cannot read IP mode file for STMicroelectronics.X-CUBE-AZRTOS-H7.3.4.0
2026-02-08 19:56:19,578 [WARN] PackLoader:240 - Cannot read IP mode file for STMicroelectronics.X-CUBE-DISPLAY.3.0.0
2026-02-08 19:56:19,596 [WARN] PackLoader:240 - Cannot read IP mode file for STMicroelectronics.X-CUBE-NFC10.1.0.0
2026-02-08 19:56:19,602 [WARN] PackLoader:240 - Cannot read IP mode file for STMicroelectronics.X-CUBE-ST60.1.1.0
2026-02-08 19:56:19,607 [WARN] PackLoader:240 - Cannot read IP mode file for emotas.I-CUBE-CANOPEN.1.3.0
2026-02-08 19:56:19,613 [WARN] PackLoader:240 - Cannot read IP mode file for STMicroelectronics.X-CUBE-GNSS1.7.1.0
2026-02-08 19:56:19,623 [ERROR] Engine:466 - C:\Users\Lenovo\.stm32cubemx\thirdparties\pdsc\STMicroelectronics.FP-SNS-STBOX1.2.1.0.pdsc: PDSC version is not supported
2026-02-08 19:56:19,627 [WARN] PackLoader:240 - Cannot read IP mode file for STMicroelectronics.FP-SNS-SMARTAG2.1.2.0
2026-02-08 19:56:19,631 [WARN] PackLoader:240 - Cannot read IP mode file for STMicroelectronics.FP-SNS-FLIGHT1.5.1.0
2026-02-08 19:56:19,638 [INFO] LogOutputStream:77 - [STDOUT_REDIRECT] 1 : Invalid condition id : UX_CORESTACK_Condition cause : null
2026-02-08 19:56:19,639 [INFO] LogOutputStream:77 - [STDOUT_REDIRECT] 1 : Invalid condition id : UX_CORESTACK_Condition cause : null
2026-02-08 19:56:19,640 [INFO] LogOutputStream:77 - [STDOUT_REDIRECT] 1 : Invalid condition id : UX_CORESTACK_Condition cause : null
2026-02-08 19:56:19,641 [INFO] LogOutputStream:77 - [STDOUT_REDIRECT] 1 : Invalid condition id : UX_CORESTACK_Condition cause : null
2026-02-08 19:56:19,642 [INFO] LogOutputStream:77 - [STDOUT_REDIRECT] 1 : Invalid condition id : UX_CORESTACK_Condition cause : null
2026-02-08 19:56:19,646 [WARN] PackLoader:240 - Cannot read IP mode file for STMicroelectronics.X-CUBE-AZRTOS-WL.2.0.0
2026-02-08 19:56:19,660 [WARN] PackLoader:240 - Cannot read IP mode file for STMicroelectronics.X-CUBE-AZRTOS-H7RS.1.2.0
2026-02-08 19:56:19,667 [WARN] PackLoader:240 - Cannot read IP mode file for STMicroelectronics.X-CUBE-BLE2.3.3.0
2026-02-08 19:56:19,681 [WARN] PackLoader:240 - Cannot read IP mode file for Infineon.AIROC-Wi-Fi-Bluetooth-STM32.1.8.0
2026-02-08 19:56:19,690 [WARN] PackLoader:240 - Cannot read IP mode file for STMicroelectronics.X-CUBE-NFC9.1.0.0
2026-02-08 19:56:19,695 [WARN] PackLoader:240 - Cannot read IP mode file for STMicroelectronics.X-CUBE-BLE1.7.1.0
2026-02-08 19:56:19,698 [WARN] PackLoader:240 - Cannot read IP mode file for wolfSSL.I-CUBE-wolfMQTT.1.19.2
2026-02-08 19:56:19,700 [ERROR] Engine:466 - C:\Users\Lenovo\.stm32cubemx\thirdparties\pdsc\STMicroelectronics.X-CUBE-FREERTOS.1.4.0.pdsc: PDSC version is not supported
2026-02-08 19:56:19,704 [WARN] PackLoader:240 - Cannot read IP mode file for STMicroelectronics.X-CUBE-EEPRMA1.5.2.0
2026-02-08 19:56:19,708 [WARN] PackLoader:240 - Cannot read IP mode file for wolfSSL.I-CUBE-wolfSSL.5.8.4
2026-02-08 19:56:19,712 [WARN] PackLoader:240 - Cannot read IP mode file for Cesanta.I-CUBE-Mongoose.7.20.0
2026-02-08 19:56:19,731 [ERROR] LogOutputStream:75 - [STDERR_REDIRECT] [Fatal Error] :1:1: Premature end of file.
2026-02-08 19:56:19,732 [ERROR] LogOutputStream:75 - [STDERR_REDIRECT] 
2026-02-08 19:56:19,738 [WARN] PackLoader:240 - Cannot read IP mode file for STMicroelectronics.X-CUBE-MEMS1.12.0.0
2026-02-08 19:56:19,818 [WARN] PackLoader:240 - Cannot read IP mode file for STMicroelectronics.X-CUBE-AZRTOS-G0.1.1.0
2026-02-08 19:56:19,827 [WARN] PackLoader:240 - Cannot read IP mode file for STMicroelectronics.X-CUBE-NFC4.3.0.0
2026-02-08 19:56:19,850 [WARN] PackLoader:240 - Cannot read IP mode file for EmbeddedOffice.I-CUBE-FS-RTOS.1.0.1
2026-02-08 19:56:19,857 [WARN] PackLoader:240 - Cannot read IP mode file for STMicroelectronics.X-CUBE-WB05N.2.0.0
2026-02-08 19:56:19,862 [WARN] PackLoader:240 - Cannot read IP mode file for wolfSSL.I-CUBE-wolfTPM.3.8.0
2026-02-08 19:56:19,866 [WARN] PackLoader:240 - Cannot read IP mode file for STMicroelectronics.X-CUBE-TCPP.4.2.0
2026-02-08 19:56:19,872 [WARN] PackLoader:240 - Cannot read IP mode file for RealThread.X-CUBE-RT-Thread_Nano.4.1.1
2026-02-08 19:56:19,874 [WARN] PackLoader:240 - Cannot read IP mode file for STMicroelectronics.FP-ATR-SIGFOX1.3.2.0
2026-02-08 19:56:19,878 [WARN] PackLoader:240 - Cannot read IP mode file for ITTIA_DB.I-CUBE-ITTIADB.8.9.0
2026-02-08 19:56:19,882 [WARN] PackLoader:240 - Cannot read IP mode file for STMicroelectronics.X-CUBE-NFC6.3.2.0
2026-02-08 19:56:19,886 [WARN] PackLoader:240 - Cannot read IP mode file for STMicroelectronics.X-CUBE-AI.10.2.0
2026-02-08 19:56:19,901 [WARN] PackLoader:240 - Cannot read IP mode file for SEGGER.I-CUBE-embOS.1.3.1
2026-02-08 19:56:19,925 [WARN] PackLoader:240 - Cannot read IP mode file for STMicroelectronics.X-CUBE-ALGOBUILD.1.4.0
2026-02-08 19:56:19,929 [WARN] PackLoader:240 - Cannot read IP mode file for STMicroelectronics.X-CUBE-PM33A1.1.0.0
2026-02-08 19:56:19,938 [WARN] PackLoader:240 - Cannot read IP mode file for STMicroelectronics.X-CUBE-AZRTOS-F4.1.1.0
2026-02-08 19:56:19,941 [WARN] PackLoader:240 - Cannot read IP mode file for STMicroelectronics.X-CUBE-ISPU.2.1.0
2026-02-08 19:56:19,945 [ERROR] Engine:466 - C:\Users\Lenovo\.stm32cubemx\thirdparties\pdsc\STMicroelectronics.X-CUBE-IPS.3.2.0.pdsc: PDSC version is not supported
2026-02-08 19:56:19,949 [WARN] PackLoader:240 - Cannot read IP mode file for STMicroelectronics.X-CUBE-NFC12.1.0.0
2026-02-08 19:56:19,957 [WARN] PackLoader:240 - Cannot read IP mode file for STMicroelectronics.X-CUBE-AZRTOS-L5.2.0.0
2026-02-08 19:56:19,965 [WARN] PackLoader:240 - Cannot read IP mode file for STMicroelectronics.X-CUBE-TOUCHGFX.4.26.0
2026-02-08 19:56:19,968 [WARN] PackLoader:240 - Cannot read IP mode file for STMicroelectronics.FP-SNS-STAIOTCFT.1.0.0
2026-02-08 19:56:19,972 [WARN] PackLoader:240 - Cannot read IP mode file for STMicroelectronics.X-CUBE-DPower.1.3.0
2026-02-08 19:56:19,988 [WARN] ConditionMgr:438 - getConditionDescription Invalid condition id : LAN8742 Phy interface Condition cause : null
2026-02-08 19:56:19,988 [WARN] PackLoader:240 - Cannot read IP mode file for STMicroelectronics.X-CUBE-AZRTOS-L4.2.0.0
2026-02-08 19:56:19,989 [WARN] ConditionMgr:1044 - genDependencies : Invalid condition id : LAN8742 Phy interface Condition cause : null
2026-02-08 19:56:19,989 [WARN] ConditionMgr:1044 - genDependencies : Invalid condition id : LAN8742 Phy interface Condition cause : null
2026-02-08 19:56:19,990 [WARN] ConditionMgr:1044 - genDependencies : Invalid condition id : LAN8742 Phy interface Condition cause : null
2026-02-08 19:56:19,996 [WARN] PackLoader:240 - Cannot read IP mode file for STMicroelectronics.X-CUBE-SFXS2LP1.4.0.0
2026-02-08 19:56:19,999 [ERROR] Engine:466 - C:\Users\Lenovo\.stm32cubemx\thirdparties\pdsc\STMicroelectronics.X-CUBE-ST67W61.1.2.0.pdsc: PDSC version is not supported
2026-02-08 19:56:20,006 [WARN] PackLoader:240 - Cannot read IP mode file for STMicroelectronics.X-CUBE-BLEMGR.4.1.0
2026-02-08 19:56:20,019 [WARN] ConditionMgr:438 - getConditionDescription Invalid condition id : UX DEVICE CLASS RTOS Condition cause : null
2026-02-08 19:56:20,019 [WARN] ConditionMgr:438 - getConditionDescription Invalid condition id : UX DEVICE CLASS RTOS Condition cause : null
2026-02-08 19:56:20,020 [WARN] PackLoader:240 - Cannot read IP mode file for STMicroelectronics.X-CUBE-AZRTOS-WB.2.0.0
2026-02-08 19:56:20,021 [WARN] ConditionMgr:1044 - genDependencies : Invalid condition id : UX DEVICE CLASS RTOS Condition cause : null
2026-02-08 19:56:20,021 [WARN] ConditionMgr:1044 - genDependencies : Invalid condition id : UX DEVICE CLASS RTOS Condition cause : null
2026-02-08 19:56:20,021 [WARN] ConditionMgr:1044 - genDependencies : Invalid condition id : UX DEVICE CLASS RTOS Condition cause : null
2026-02-08 19:56:20,021 [WARN] ConditionMgr:1044 - genDependencies : Invalid condition id : UX DEVICE CLASS RTOS Condition cause : null
2026-02-08 19:56:20,022 [WARN] ConditionMgr:1044 - genDependencies : Invalid condition id : UX DEVICE CLASS RTOS Condition cause : null
2026-02-08 19:56:20,026 [WARN] ConditionMgr:438 - getConditionDescription Invalid condition id : Cortex-A Device cause : null
2026-02-08 19:56:20,041 [WARN] ConditionMgr:1044 - genDependencies : Invalid condition id : Cortex-A Device cause : null
2026-02-08 19:56:20,041 [WARN] ConditionMgr:1044 - genDependencies : Invalid condition id : Cortex-A Device cause : null
2026-02-08 19:56:20,041 [WARN] ConditionMgr:1044 - genDependencies : Invalid condition id : Cortex-A Device cause : null
2026-02-08 19:56:20,047 [WARN] PackLoader:240 - Cannot read IP mode file for STMicroelectronics.X-CUBE-STSE01.2.0.0
2026-02-08 19:56:20,055 [WARN] PackLoader:240 - Cannot read IP mode file for STMicroelectronics.X-CUBE-SUBG2.5.0.0
2026-02-08 19:56:20,067 [WARN] PackLoader:240 - Cannot read IP mode file for STMicroelectronics.X-CUBE-AZRTOS-G4.2.0.0
2026-02-08 19:56:20,072 [WARN] PackLoader:240 - Cannot read IP mode file for wolfSSL.I-CUBE-wolfSSH.1.4.20
2026-02-08 19:56:20,075 [WARN] PackLoader:240 - Cannot read IP mode file for STMicroelectronics.X-CUBE-NFC7.2.0.0
2026-02-08 19:56:20,078 [WARN] PackLoader:240 - Cannot read IP mode file for STMicroelectronics.X-CUBE-ALS.1.0.2
2026-02-08 19:56:20,084 [WARN] PackLoader:240 - Cannot read IP mode file for STMicroelectronics.X-CUBE-TOF1.3.4.3
2026-02-08 19:56:20,093 [INFO] ThirdParty:978 - Integrity check success = true
2026-02-08 19:56:20,093 [INFO] IntegrityCheckThread:100 - exiting critical section [integrity check]
2026-02-08 19:56:20,093 [INFO] IntegrityCheckThread:103 - End integrity checks thread
2026-02-08 19:56:20,739 [ERROR] LogOutputStream:75 - [STDERR_REDIRECT] [Fatal Error] :1:1: Premature end of file.
2026-02-08 19:56:20,739 [ERROR] LogOutputStream:75 - [STDERR_REDIRECT] 
2026-02-08 19:56:21,741 [ERROR] LogOutputStream:75 - [STDERR_REDIRECT] [Fatal Error] :1:1: Premature end of file.
2026-02-08 19:56:21,742 [ERROR] LogOutputStream:75 - [STDERR_REDIRECT] 
2026-02-08 19:56:22,736 [ERROR] LogOutputStream:75 - [STDERR_REDIRECT] [Fatal Error] :1:1: Premature end of file.
2026-02-08 19:56:22,737 [ERROR] LogOutputStream:75 - [STDERR_REDIRECT] 
2026-02-08 19:56:23,737 [ERROR] LogOutputStream:75 - [STDERR_REDIRECT] [Fatal Error] :1:1: Premature end of file.
2026-02-08 19:56:23,737 [ERROR] LogOutputStream:75 - [STDERR_REDIRECT] 
2026-02-08 19:56:24,736 [ERROR] LogOutputStream:75 - [STDERR_REDIRECT] [Fatal Error] :1:1: Premature end of file.
2026-02-08 19:56:24,736 [ERROR] LogOutputStream:75 - [STDERR_REDIRECT] 
2026-02-08 19:56:25,752 [ERROR] LogOutputStream:75 - [STDERR_REDIRECT] [Fatal Error] :1:1: Premature end of file.
2026-02-08 19:56:25,752 [ERROR] LogOutputStream:75 - [STDERR_REDIRECT] 
2026-02-08 19:56:26,738 [ERROR] LogOutputStream:75 - [STDERR_REDIRECT] [Fatal Error] :1:1: Premature end of file.
2026-02-08 19:56:26,738 [ERROR] LogOutputStream:75 - [STDERR_REDIRECT] 
2026-02-08 19:56:27,735 [ERROR] LogOutputStream:75 - [STDERR_REDIRECT] [Fatal Error] :1:1: Premature end of file.
2026-02-08 19:56:27,735 [ERROR] LogOutputStream:75 - [STDERR_REDIRECT] 
2026-02-08 19:56:28,738 [ERROR] LogOutputStream:75 - [STDERR_REDIRECT] [Fatal Error] :1:1: Premature end of file.
2026-02-08 19:56:28,738 [ERROR] LogOutputStream:75 - [STDERR_REDIRECT] 
2026-02-08 19:56:29,750 [ERROR] LogOutputStream:75 - [STDERR_REDIRECT] [Fatal Error] :1:1: Premature end of file.
2026-02-08 19:56:29,750 [ERROR] LogOutputStream:75 - [STDERR_REDIRECT] 
2026-02-08 19:56:30,745 [ERROR] LogOutputStream:75 - [STDERR_REDIRECT] [Fatal Error] :1:1: Premature end of file.
2026-02-08 19:56:30,746 [ERROR] LogOutputStream:75 - [STDERR_REDIRECT] 
2026-02-08 19:56:31,752 [ERROR] LogOutputStream:75 - [STDERR_REDIRECT] [Fatal Error] :1:1: Premature end of file.
2026-02-08 19:56:31,752 [ERROR] LogOutputStream:75 - [STDERR_REDIRECT] 
2026-02-08 19:56:32,748 [ERROR] LogOutputStream:75 - [STDERR_REDIRECT] [Fatal Error] :1:1: Premature end of file.
2026-02-08 19:56:32,748 [ERROR] LogOutputStream:75 - [STDERR_REDIRECT] 
2026-02-08 19:56:33,746 [ERROR] LogOutputStream:75 - [STDERR_REDIRECT] [Fatal Error] :1:1: Premature end of file.
2026-02-08 19:56:33,746 [ERROR] LogOutputStream:75 - [STDERR_REDIRECT] 
2026-02-08 19:56:34,747 [ERROR] LogOutputStream:75 - [STDERR_REDIRECT] [Fatal Error] :1:1: Premature end of file.
2026-02-08 19:56:34,747 [ERROR] LogOutputStream:75 - [STDERR_REDIRECT] 
2026-02-08 19:56:35,729 [ERROR] LogOutputStream:75 - [STDERR_REDIRECT] [Fatal Error] :1:1: Premature end of file.
2026-02-08 19:56:35,729 [ERROR] LogOutputStream:75 - [STDERR_REDIRECT] 
2026-02-08 19:56:36,738 [ERROR] LogOutputStream:75 - [STDERR_REDIRECT] [Fatal Error] :1:1: Premature end of file.
2026-02-08 19:56:36,738 [ERROR] LogOutputStream:75 - [STDERR_REDIRECT] 
2026-02-08 19:56:37,738 [ERROR] LogOutputStream:75 - [STDERR_REDIRECT] [Fatal Error] :1:1: Premature end of file.
2026-02-08 19:56:37,738 [ERROR] LogOutputStream:75 - [STDERR_REDIRECT] 
2026-02-08 19:56:38,741 [ERROR] LogOutputStream:75 - [STDERR_REDIRECT] [Fatal Error] :1:1: Premature end of file.
2026-02-08 19:56:38,741 [ERROR] LogOutputStream:75 - [STDERR_REDIRECT] 
2026-02-08 19:56:39,724 [ERROR] LogOutputStream:75 - [STDERR_REDIRECT] [Fatal Error] :1:1: Premature end of file.
2026-02-08 19:56:39,724 [ERROR] LogOutputStream:75 - [STDERR_REDIRECT] 
2026-02-08 19:56:40,665 [ERROR] LogOutputStream:75 - [STDERR_REDIRECT] 
2026-02-08 19:56:40,666 [ERROR] LogOutputStream:75 - [STDERR_REDIRECT] 
2026-02-08 19:58:47,571 [INFO] Activator:176 - 


2026-02-08 19:58:47,573 [INFO] Activator:177 - !SESSION log4j initialized
2026-02-08 19:58:49,665 [INFO] LogOutputStream:77 - [STDOUT_REDIRECT] 
2026-02-08 19:58:51,258 [INFO] ApplicationProperties:184 - Using Application install path: C:\ST\STM32CubeIDE_1.17.0\STM32CubeIDE\plugins\com.st.stm32cube.common.mx_6.13.0.202411220809
2026-02-08 19:58:51,271 [INFO] DbMcusXml:78 - Set database path to: C:\ST\STM32CubeIDE_1.17.0\STM32CubeIDE\plugins\com.st.stm32cube.common.mx_6.13.0.202411220809\\db\/mcu/
2026-02-08 19:58:51,271 [INFO] ApiDb:274 - Set plugin database path to: C:\ST\STM32CubeIDE_1.17.0\STM32CubeIDE\plugins\com.st.stm32cube.common.mx_6.13.0.202411220809\\db\/plugins/boardmanager/
2026-02-08 19:58:51,271 [WARN] ApiDb:259 - Overriding images path with different value:  => C:\ST\STM32CubeIDE_1.17.0\STM32CubeIDE\plugins\com.st.stm32cube.common.mx_6.13.0.202411220809\\db\/plugins/mcufinder/images/
2026-02-08 19:58:51,277 [INFO] ApiDb:250 - Set database path to: C:\Users\Lenovo\.stmcufinder\plugins\mcufinder//mcu/
2026-02-08 19:58:51,278 [INFO] DbMcusAds:125 - Set database path to: C:\Users\Lenovo\.stmcufinder\plugins\mcufinder//mcu/
2026-02-08 19:58:51,279 [INFO] CrossReferenceDbSqlite:203 - Set database path to: C:\Users\Lenovo\.stmcufinder\plugins\mcufinder//mcu/cs/
2026-02-08 19:58:51,348 [INFO] RulesReader:64 - Compatibility file has been processed (297 Rules)
2026-02-08 19:58:51,411 [INFO] DbMcusXml:78 - Set database path to: C:\ST\STM32CubeIDE_1.17.0\STM32CubeIDE\plugins\com.st.stm32cube.common.mx_6.13.0.202411220809\\db\/mcu/
2026-02-08 19:58:51,411 [INFO] ApiDb:274 - Set plugin database path to: C:\ST\STM32CubeIDE_1.17.0\STM32CubeIDE\plugins\com.st.stm32cube.common.mx_6.13.0.202411220809\\db\/plugins/boardmanager/
2026-02-08 19:58:51,411 [INFO] ApiDb:261 - Set plugin images path to: C:\ST\STM32CubeIDE_1.17.0\STM32CubeIDE\plugins\com.st.stm32cube.common.mx_6.13.0.202411220809\\db\/plugins/mcufinder/images/
2026-02-08 19:58:51,412 [WARN] DbFile:41 - Overriding database path with different value: C:\Users\Lenovo\.stmcufinder\plugins\mcufinder/ => C:\Users\Lenovo\.stmcufinder\plugins\mcufinder
2026-02-08 19:58:51,412 [INFO] ApiDb:250 - Set database path to: C:\Users\Lenovo\.stmcufinder\plugins\mcufinder//mcu/
2026-02-08 19:58:51,412 [WARN] DbFile:41 - Overriding database path with different value: C:\Users\Lenovo\.stmcufinder\plugins\mcufinder/ => C:\Users\Lenovo\.stmcufinder\plugins\mcufinder
2026-02-08 19:58:51,412 [INFO] DbMcusAds:125 - Set database path to: C:\Users\Lenovo\.stmcufinder\plugins\mcufinder//mcu/
2026-02-08 19:58:51,412 [WARN] DbFile:41 - Overriding database path with different value: C:\Users\Lenovo\.stmcufinder\plugins\mcufinder/ => C:\Users\Lenovo\.stmcufinder\plugins\mcufinder
2026-02-08 19:58:51,412 [WARN] DbFile:41 - Overriding database path with different value: C:\Users\Lenovo\.stmcufinder\plugins\mcufinder/ => C:\Users\Lenovo\.stmcufinder\plugins\mcufinder
2026-02-08 19:58:51,412 [INFO] CrossReferenceDbSqlite:203 - Set database path to: C:\Users\Lenovo\.stmcufinder\plugins\mcufinder//mcu/cs/
2026-02-08 19:58:51,470 [INFO] MainPanel:272 - HeapMemory: 268435456
2026-02-08 19:58:51,555 [INFO] DbMcusXml:78 - Set database path to: C:\ST\STM32CubeIDE_1.17.0\STM32CubeIDE\plugins\com.st.stm32cube.common.mx_6.13.0.202411220809\\db\/mcu/
2026-02-08 19:58:51,555 [INFO] ApiDb:274 - Set plugin database path to: C:\ST\STM32CubeIDE_1.17.0\STM32CubeIDE\plugins\com.st.stm32cube.common.mx_6.13.0.202411220809\\db\/plugins/boardmanager/
2026-02-08 19:58:51,555 [INFO] ApiDb:261 - Set plugin images path to: C:\ST\STM32CubeIDE_1.17.0\STM32CubeIDE\plugins\com.st.stm32cube.common.mx_6.13.0.202411220809\\db\/plugins/mcufinder/images/
2026-02-08 19:58:51,555 [WARN] DbFile:41 - Overriding database path with different value: C:\Users\Lenovo\.stmcufinder\plugins\mcufinder/ => C:\Users\Lenovo\.stmcufinder\plugins\mcufinder
2026-02-08 19:58:51,555 [INFO] ApiDb:250 - Set database path to: C:\Users\Lenovo\.stmcufinder\plugins\mcufinder//mcu/
2026-02-08 19:58:51,555 [WARN] DbFile:41 - Overriding database path with different value: C:\Users\Lenovo\.stmcufinder\plugins\mcufinder/ => C:\Users\Lenovo\.stmcufinder\plugins\mcufinder
2026-02-08 19:58:51,555 [INFO] DbMcusAds:125 - Set database path to: C:\Users\Lenovo\.stmcufinder\plugins\mcufinder//mcu/
2026-02-08 19:58:51,555 [WARN] DbFile:41 - Overriding database path with different value: C:\Users\Lenovo\.stmcufinder\plugins\mcufinder/ => C:\Users\Lenovo\.stmcufinder\plugins\mcufinder
2026-02-08 19:58:51,555 [WARN] DbFile:41 - Overriding database path with different value: C:\Users\Lenovo\.stmcufinder\plugins\mcufinder/ => C:\Users\Lenovo\.stmcufinder\plugins\mcufinder
2026-02-08 19:58:51,556 [INFO] CrossReferenceDbSqlite:203 - Set database path to: C:\Users\Lenovo\.stmcufinder\plugins\mcufinder//mcu/cs/
2026-02-08 19:58:51,569 [INFO] ApplicationProperties:184 - Using Application install path: C:\ST\STM32CubeIDE_1.17.0\STM32CubeIDE\plugins\com.st.stm32cube.common.mx_6.13.0.202411220809
2026-02-08 19:58:51,570 [INFO] PluginManage:196 - Search for loadable plugins [exclusion list=, ]
2026-02-08 19:58:51,571 [INFO] PluginManage:310 - Check plugin analytics
2026-02-08 19:58:51,771 [INFO] AnalyticsPlugin:253 - Accepted Software Licenses: 
2026-02-08 19:58:51,772 [INFO] AnalyticsPlugin:255 - Accepted CMSIS Pack Licenses: 
2026-02-08 19:58:51,772 [INFO] AnalyticsPlugin:257 - Accepted Firmware Licenses: 
2026-02-08 19:58:51,775 [INFO] PluginManage:359 - Loaded plugin analytics (category:tool,tabindex:-1)
2026-02-08 19:58:51,776 [INFO] PluginManage:310 - Check plugin cadmodel
2026-02-08 19:58:51,781 [INFO] CADModel:105 - Init CAD model plugin
2026-02-08 19:58:51,781 [INFO] PluginManage:359 - Loaded plugin cadmodel (category:power,tabindex:5)
2026-02-08 19:58:51,781 [INFO] PluginManage:310 - Check plugin clock
2026-02-08 19:58:51,790 [INFO] PluginManage:359 - Loaded plugin clock (category:base,tabindex:2)
2026-02-08 19:58:51,790 [INFO] PluginManage:310 - Check plugin ddr
2026-02-08 19:58:51,792 [INFO] PluginManage:359 - Loaded plugin ddr (category:tool,tabindex:6)
2026-02-08 19:58:51,793 [INFO] PluginManage:310 - Check plugin filemanager
2026-02-08 19:58:51,943 [INFO] PluginManage:359 - Loaded plugin filemanager (category:base,tabindex:10)
2026-02-08 19:58:51,943 [INFO] PluginManage:310 - Check plugin ipmanager
2026-02-08 19:58:51,949 [INFO] PluginManage:359 - Loaded plugin ipmanager (category:base,tabindex:5)
2026-02-08 19:58:51,950 [INFO] PluginManage:310 - Check plugin lpbam
2026-02-08 19:58:51,955 [INFO] PluginManage:359 - Loaded plugin lpbam (category:base,tabindex:0)
2026-02-08 19:58:51,955 [INFO] PluginManage:310 - Check plugin memorymap
2026-02-08 19:58:51,964 [INFO] PluginManage:359 - Loaded plugin memorymap (category:base,tabindex:4)
2026-02-08 19:58:51,964 [INFO] PluginManage:310 - Check plugin pinoutandconfiguration
2026-02-08 19:58:51,970 [INFO] PluginManage:359 - Loaded plugin pinoutandconfiguration (category:base,tabindex:1)
2026-02-08 19:58:51,970 [INFO] PluginManage:310 - Check plugin pinoutconfig
2026-02-08 19:58:52,019 [WARN] SupportedApi:132 - Cannot load RTOS API schema: s4s-elt-must-match.1: The content of 'definitions' must match (annotation?, (simpleType | complexType)?, (unique | key | keyref)*)). A problem was found starting at: attribute.
2026-02-08 19:58:52,097 [INFO] PluginManage:359 - Loaded plugin pinoutconfig (category:base,tabindex:0)
2026-02-08 19:58:52,098 [INFO] PluginManage:310 - Check plugin power
2026-02-08 19:58:52,104 [INFO] PluginManage:359 - Loaded plugin power (category:power,tabindex:4)
2026-02-08 19:58:52,105 [INFO] PluginManage:310 - Check plugin projectmanager
2026-02-08 19:58:52,115 [INFO] PluginManage:359 - Loaded plugin projectmanager (category:projectmanager,tabindex:4)
2026-02-08 19:58:52,115 [INFO] PluginManage:310 - Check plugin rif
2026-02-08 19:58:52,120 [INFO] PluginManage:359 - Loaded plugin rif (category:base,tabindex:3)
2026-02-08 19:58:52,120 [INFO] PluginManage:310 - Check plugin thirdparty
2026-02-08 19:58:52,211 [INFO] PluginManage:359 - Loaded plugin thirdparty (category:base,tabindex:-1)
2026-02-08 19:58:52,211 [WARN] IntegrityCheckThread:84 - waiting for thirdparty lock release [integrity check]
2026-02-08 19:58:52,211 [INFO] PluginManage:310 - Check plugin tools
2026-02-08 19:58:52,211 [INFO] IntegrityCheckThread:86 - entering critical section [integrity check]
2026-02-08 19:58:52,212 [INFO] ThirdPartyUpdaterWithRetryManager:70 - Updater plugin not ready yet. [1/15]
2026-02-08 19:58:52,213 [INFO] PluginManage:359 - Loaded plugin tools (category:base,tabindex:7)
2026-02-08 19:58:52,214 [INFO] PluginManage:310 - Check plugin tutovideos
2026-02-08 19:58:52,310 [INFO] PluginManage:359 - Loaded plugin tutovideos (category:base,tabindex:-1)
2026-02-08 19:58:52,310 [INFO] PluginManage:310 - Check plugin updater
2026-02-08 19:58:52,329 [INFO] PluginManage:359 - Loaded plugin updater (category:base,tabindex:12)
2026-02-08 19:58:52,329 [INFO] PluginManage:310 - Check plugin userauth
2026-02-08 19:58:52,332 [INFO] UserAuth:118 - Init User Auth plugin
2026-02-08 19:58:52,333 [INFO] PluginManage:359 - Loaded plugin userauth (category:base,tabindex:14)
2026-02-08 19:58:52,334 [INFO] PluginManage:283 - PluginManage : Loaded plugins [18]
2026-02-08 19:58:52,474 [INFO] PinOutPanel:1589 - setPackage(No Configuration,No Configuration)
2026-02-08 19:58:52,534 [INFO] CADModel:165 - CPN selected for project level
2026-02-08 19:58:52,534 [INFO] CADModel:114 - Register for checkConnection events
2026-02-08 19:58:52,548 [INFO] IPUIPlugin:80 - create IPUIPlugin
2026-02-08 19:58:52,548 [INFO] PluginManager:220 - loadIPPluginJar : add adc
2026-02-08 19:58:52,551 [INFO] IPUIPlugin:80 - create IPUIPlugin
2026-02-08 19:58:52,552 [INFO] PluginManager:220 - loadIPPluginJar : add aes
2026-02-08 19:58:52,553 [INFO] IPUIPlugin:80 - create IPUIPlugin
2026-02-08 19:58:52,554 [INFO] PluginManager:220 - loadIPPluginJar : add can
2026-02-08 19:58:52,556 [INFO] IPUIPlugin:80 - create IPUIPlugin
2026-02-08 19:58:52,556 [INFO] PluginManager:220 - loadIPPluginJar : add comp
2026-02-08 19:58:52,557 [INFO] IPUIPlugin:80 - create IPUIPlugin
2026-02-08 19:58:52,557 [INFO] PluginManager:220 - loadIPPluginJar : add cryp
2026-02-08 19:58:52,559 [INFO] IPUIPlugin:80 - create IPUIPlugin
2026-02-08 19:58:52,559 [INFO] PluginManager:220 - loadIPPluginJar : add ddr_ctrl_phy
2026-02-08 19:58:52,561 [INFO] IPUIPlugin:80 - create IPUIPlugin
2026-02-08 19:58:52,561 [INFO] PluginManager:220 - loadIPPluginJar : add dfsdm
2026-02-08 19:58:52,564 [INFO] IPUIPlugin:80 - create IPUIPlugin
2026-02-08 19:58:52,564 [INFO] PluginManager:220 - loadIPPluginJar : add dma
2026-02-08 19:58:52,566 [INFO] IPUIPlugin:80 - create IPUIPlugin
2026-02-08 19:58:52,566 [INFO] PluginManager:220 - loadIPPluginJar : add dma3
2026-02-08 19:58:52,567 [INFO] IPUIPlugin:80 - create IPUIPlugin
2026-02-08 19:58:52,567 [INFO] PluginManager:220 - loadIPPluginJar : add extmemmanager
2026-02-08 19:58:52,568 [INFO] IPUIPlugin:80 - create IPUIPlugin
2026-02-08 19:58:52,568 [INFO] PluginManager:220 - loadIPPluginJar : add fatfs
2026-02-08 19:58:52,571 [INFO] IPUIPlugin:80 - create IPUIPlugin
2026-02-08 19:58:52,571 [INFO] PluginManager:220 - loadIPPluginJar : add fmc
2026-02-08 19:58:52,574 [INFO] IPUIPlugin:80 - create IPUIPlugin
2026-02-08 19:58:52,574 [INFO] PluginManager:220 - loadIPPluginJar : add freertos
2026-02-08 19:58:52,575 [INFO] IPUIPlugin:80 - create IPUIPlugin
2026-02-08 19:58:52,575 [INFO] PluginManager:220 - loadIPPluginJar : add genericplugin
2026-02-08 19:58:52,576 [INFO] IPUIPlugin:80 - create IPUIPlugin
2026-02-08 19:58:52,576 [INFO] PluginManager:220 - loadIPPluginJar : add gfxmmu
2026-02-08 19:58:52,578 [INFO] IPUIPlugin:80 - create IPUIPlugin
2026-02-08 19:58:52,578 [INFO] PluginManager:220 - loadIPPluginJar : add gic
2026-02-08 19:58:52,580 [INFO] IPUIPlugin:80 - create IPUIPlugin
2026-02-08 19:58:52,580 [INFO] PluginManager:220 - loadIPPluginJar : add gpio
2026-02-08 19:58:52,581 [INFO] IPUIPlugin:80 - create IPUIPlugin
2026-02-08 19:58:52,581 [INFO] PluginManager:220 - loadIPPluginJar : add gtzc
2026-02-08 19:58:52,582 [INFO] IPUIPlugin:80 - create IPUIPlugin
2026-02-08 19:58:52,583 [INFO] PluginManager:220 - loadIPPluginJar : add hash
2026-02-08 19:58:52,584 [INFO] IPUIPlugin:80 - create IPUIPlugin
2026-02-08 19:58:52,584 [INFO] PluginManager:220 - loadIPPluginJar : add i2c
2026-02-08 19:58:52,585 [INFO] IPUIPlugin:80 - create IPUIPlugin
2026-02-08 19:58:52,585 [INFO] PluginManager:220 - loadIPPluginJar : add i2s
2026-02-08 19:58:52,587 [INFO] IPUIPlugin:80 - create IPUIPlugin
2026-02-08 19:58:52,587 [INFO] PluginManager:220 - loadIPPluginJar : add i3c
2026-02-08 19:58:52,589 [INFO] IPUIPlugin:80 - create IPUIPlugin
2026-02-08 19:58:52,589 [INFO] PluginManager:220 - loadIPPluginJar : add ipddr
2026-02-08 19:58:52,592 [INFO] IPUIPlugin:80 - create IPUIPlugin
2026-02-08 19:58:52,593 [INFO] PluginManager:220 - loadIPPluginJar : add linkedlist
2026-02-08 19:58:52,594 [INFO] IPUIPlugin:80 - create IPUIPlugin
2026-02-08 19:58:52,594 [INFO] PluginManager:220 - loadIPPluginJar : add lorawan
2026-02-08 19:58:52,596 [INFO] IPUIPlugin:80 - create IPUIPlugin
2026-02-08 19:58:52,596 [INFO] PluginManager:220 - loadIPPluginJar : add ltdc
2026-02-08 19:58:52,598 [INFO] IPUIPlugin:80 - create IPUIPlugin
2026-02-08 19:58:52,598 [INFO] PluginManager:220 - loadIPPluginJar : add mdma
2026-02-08 19:58:52,600 [INFO] IPUIPlugin:80 - create IPUIPlugin
2026-02-08 19:58:52,601 [INFO] PluginManager:220 - loadIPPluginJar : add nvic
2026-02-08 19:58:52,602 [INFO] IPUIPlugin:80 - create IPUIPlugin
2026-02-08 19:58:52,602 [INFO] PluginManager:220 - loadIPPluginJar : add opamp
2026-02-08 19:58:52,604 [INFO] IPUIPlugin:80 - create IPUIPlugin
2026-02-08 19:58:52,604 [INFO] PluginManager:220 - loadIPPluginJar : add openamp
2026-02-08 19:58:52,606 [INFO] IPUIPlugin:80 - create IPUIPlugin
2026-02-08 19:58:52,606 [INFO] PluginManager:220 - loadIPPluginJar : add pdm2pcm
2026-02-08 19:58:52,608 [INFO] IPUIPlugin:80 - create IPUIPlugin
2026-02-08 19:58:52,610 [INFO] PluginManager:220 - loadIPPluginJar : add plateformsettings
2026-02-08 19:58:52,610 [INFO] IPUIPlugin:80 - create IPUIPlugin
2026-02-08 19:58:52,610 [INFO] PluginManager:220 - loadIPPluginJar : add quadspi
2026-02-08 19:58:52,612 [INFO] IPUIPlugin:80 - create IPUIPlugin
2026-02-08 19:58:52,612 [INFO] PluginManager:220 - loadIPPluginJar : add radio
2026-02-08 19:58:52,614 [INFO] IPUIPlugin:80 - create IPUIPlugin
2026-02-08 19:58:52,614 [INFO] PluginManager:220 - loadIPPluginJar : add resmgrutility
2026-02-08 19:58:52,616 [INFO] IPUIPlugin:80 - create IPUIPlugin
2026-02-08 19:58:52,616 [INFO] PluginManager:220 - loadIPPluginJar : add sai
2026-02-08 19:58:52,617 [INFO] IPUIPlugin:80 - create IPUIPlugin
2026-02-08 19:58:52,617 [INFO] PluginManager:220 - loadIPPluginJar : add spi
2026-02-08 19:58:52,622 [INFO] IPUIPlugin:80 - create IPUIPlugin
2026-02-08 19:58:52,622 [INFO] PluginManager:220 - loadIPPluginJar : add stm32_wpan
2026-02-08 19:58:52,623 [INFO] IPUIPlugin:80 - create IPUIPlugin
2026-02-08 19:58:52,623 [INFO] PluginManager:220 - loadIPPluginJar : add tim
2026-02-08 19:58:52,625 [INFO] IPUIPlugin:80 - create IPUIPlugin
2026-02-08 19:58:52,625 [INFO] PluginManager:220 - loadIPPluginJar : add touchsensing
2026-02-08 19:58:52,626 [INFO] IPUIPlugin:80 - create IPUIPlugin
2026-02-08 19:58:52,626 [INFO] PluginManager:220 - loadIPPluginJar : add tracer_emb
2026-02-08 19:58:52,627 [INFO] IPUIPlugin:80 - create IPUIPlugin
2026-02-08 19:58:52,627 [INFO] PluginManager:220 - loadIPPluginJar : add ts
2026-02-08 19:58:52,628 [INFO] IPUIPlugin:80 - create IPUIPlugin
2026-02-08 19:58:52,628 [INFO] PluginManager:220 - loadIPPluginJar : add tsc
2026-02-08 19:58:52,630 [INFO] IPUIPlugin:80 - create IPUIPlugin
2026-02-08 19:58:52,630 [INFO] PluginManager:220 - loadIPPluginJar : add ucpd
2026-02-08 19:58:52,632 [INFO] IPUIPlugin:80 - create IPUIPlugin
2026-02-08 19:58:52,632 [INFO] PluginManager:220 - loadIPPluginJar : add usart
2026-02-08 19:58:52,634 [INFO] IPUIPlugin:80 - create IPUIPlugin
2026-02-08 19:58:52,634 [INFO] PluginManager:220 - loadIPPluginJar : add usbx
2026-02-08 19:58:52,739 [FATAL] Updater:351 - Updater called before beeing initialized
2026-02-08 19:58:52,771 [INFO] RulesReader:64 - Compatibility file has been processed (297 Rules)
2026-02-08 19:58:52,784 [INFO] RulesReader:64 - Compatibility file has been processed (297 Rules)
2026-02-08 19:58:52,794 [INFO] CADModel:165 - CPN selected for project level
2026-02-08 19:58:52,794 [INFO] CADModel:114 - Register for checkConnection events
2026-02-08 19:58:52,794 [FATAL] Updater:351 - Updater called before beeing initialized
2026-02-08 19:58:52,794 [ERROR] CADModel:125 - Updater not yet initialized, retry later 
2026-02-08 19:58:52,912 [FATAL] Updater:351 - Updater called before beeing initialized
2026-02-08 19:58:52,913 [INFO] CADModel:165 - CPN selected for project level
2026-02-08 19:58:52,913 [INFO] CADModel:114 - Register for checkConnection events
2026-02-08 19:58:52,913 [FATAL] Updater:351 - Updater called before beeing initialized
2026-02-08 19:58:52,914 [ERROR] CADModel:125 - Updater not yet initialized, retry later 
2026-02-08 19:58:52,915 [FATAL] Updater:351 - Updater called before beeing initialized
2026-02-08 19:58:52,987 [FATAL] Updater:351 - Updater called before beeing initialized
2026-02-08 19:58:52,989 [INFO] DbMcusAds:53 - JSON generation date=Thu Jan 08 16:57:51 CET 2026 (1767887871456)
2026-02-08 19:58:52,989 [FATAL] Updater:351 - Updater called before beeing initialized
2026-02-08 19:58:53,012 [WARN] DetailPanel:346 - Failed to get advertising image, set to default
2026-02-08 19:58:53,150 [FATAL] Updater:351 - Updater called before beeing initialized
2026-02-08 19:58:53,152 [FATAL] Updater:351 - Updater called before beeing initialized
2026-02-08 19:58:53,153 [FATAL] Updater:351 - Updater called before beeing initialized
2026-02-08 19:58:53,153 [WARN] DetailPanel:346 - Failed to get advertising image, set to default
2026-02-08 19:58:53,154 [FATAL] Updater:351 - Updater called before beeing initialized
2026-02-08 19:58:53,191 [ERROR] Updater:1198 - MainUpdater not yet initialized. External WinMGr cannot be set.
2026-02-08 19:58:53,193 [INFO] Updater:1134 - Updater Version found : 6.13.0
2026-02-08 19:58:53,205 [INFO] ApplicationProperties:184 - Using Application install path: C:\ST\STM32CubeIDE_1.17.0\STM32CubeIDE\plugins\com.st.stm32cube.common.mx_6.13.0.202411220809
2026-02-08 19:58:54,785 [ERROR] LogOutputStream:75 - [STDERR_REDIRECT] Feb 08, 2026 7:58:54 PM java.util.prefs.WindowsPreferences <init>
2026-02-08 19:58:54,786 [ERROR] LogOutputStream:75 - [STDERR_REDIRECT] WARNING: Could not open/create prefs root node Software\JavaSoft\Prefs at root 0xffffffff80000002. Windows RegCreateKeyEx(...) returned error code 5.
2026-02-08 19:58:54,786 [ERROR] LogOutputStream:75 - [STDERR_REDIRECT] 
2026-02-08 19:58:55,076 [INFO] MainUpdater:2872 - connection check result : 10
2026-02-08 19:58:55,077 [INFO] MainUpdater:289 - Updater Check For Update Now.
2026-02-08 19:58:55,077 [INFO] MicroXplorer:498 - Change Database Version : DB.6.0.130
2026-02-08 19:58:55,083 [INFO] McuFinderGlobals:63 - Set McuFinder mode to 2 (CubeIDE integrated)
2026-02-08 19:58:55,090 [INFO] UserAuth:486 - Internet connection configuration mode: 1
2026-02-08 19:58:55,147 [INFO] JxBrowserEngine:152 - Initiate JxBrowser Engine with user profile folder
2026-02-08 19:58:55,213 [WARN] MainUpdater:1193 - Updater busy. Cannot search thirdparties
2026-02-08 19:58:55,213 [INFO] ThirdPartyUpdaterWithRetryManager:96 - Updater plugin is busy. [1/15]
2026-02-08 19:58:55,320 [INFO] CheckServerUpdateThread:120 - End of CheckServer Thread
2026-02-08 19:58:55,910 [INFO] WebApp:168 - Instantiating new browser for Auth
2026-02-08 19:58:56,493 [INFO] WebApp:449 - Apply proxy settings
2026-02-08 19:58:56,494 [INFO] WebApp:534 - Chromium requires no authentication
2026-02-08 19:58:56,502 [INFO] WebApp:477 - Direct internet connection detected
2026-02-08 19:58:56,521 [INFO] WebApp:880 - Register for checkConnection events
2026-02-08 19:58:56,521 [INFO] WebApp:449 - Apply proxy settings
2026-02-08 19:58:56,521 [INFO] WebApp:534 - Chromium requires no authentication
2026-02-08 19:58:56,522 [INFO] WebApp:477 - Direct internet connection detected
2026-02-08 19:58:56,657 [INFO] WebApp:221 - Starting web application
2026-02-08 19:58:56,657 [INFO] WebApp:579 - Web application path used C:\ST\STM32CubeIDE_1.17.0\STM32CubeIDE\plugins\com.st.stm32cube.common.mx_6.13.0.202411220809\db\plugins\mcufinder\reactClient1\index.html
2026-02-08 19:58:56,689 [INFO] WebApp:187 - Connection restablished
2026-02-08 19:58:56,740 [INFO] UserAuth:486 - Internet connection configuration mode: 1
2026-02-08 19:58:56,989 [ERROR] LogOutputStream:75 - [STDERR_REDIRECT] [Fatal Error] :1:1: Premature end of file.
2026-02-08 19:58:56,990 [ERROR] LogOutputStream:75 - [STDERR_REDIRECT] 
2026-02-08 19:58:57,805 [ERROR] LogOutputStream:75 - [STDERR_REDIRECT] [Fatal Error] :1:1: Premature end of file.
2026-02-08 19:58:57,805 [ERROR] LogOutputStream:75 - [STDERR_REDIRECT] 
2026-02-08 19:58:58,451 [WARN] PackLoader:240 - Cannot read IP mode file for STMicroelectronics.FP-SNS-MOTENVWB1.1.4.0
2026-02-08 19:58:58,466 [WARN] PackLoader:240 - Cannot read IP mode file for STMicroelectronics.FP-ATR-ASTRA1.2.0.2
2026-02-08 19:58:58,473 [WARN] PackLoader:240 - Cannot read IP mode file for STMicroelectronics.X-CUBE-SMBUS.2.1.0
2026-02-08 19:58:58,506 [WARN] PackLoader:240 - Cannot read IP mode file for STMicroelectronics.X-CUBE-AZRTOS-F7.1.1.0
2026-02-08 19:58:58,517 [ERROR] Engine:466 - C:\Users\Lenovo\.stm32cubemx\thirdparties\pdsc\STMicroelectronics.FP-SNS-MOTENV1.5.1.0.pdsc: PDSC version is not supported
2026-02-08 19:58:58,523 [ERROR] Engine:466 - C:\Users\Lenovo\.stm32cubemx\thirdparties\pdsc\WES.I-CUBE-Cesium.1.4.0.pdsc: PDSC version is not supported
2026-02-08 19:58:58,558 [WARN] PackLoader:240 - Cannot read IP mode file for STMicroelectronics.X-CUBE-AZRTOS-H7.3.4.0
2026-02-08 19:58:58,572 [WARN] PackLoader:240 - Cannot read IP mode file for STMicroelectronics.X-CUBE-DISPLAY.3.0.0
2026-02-08 19:58:58,590 [WARN] PackLoader:240 - Cannot read IP mode file for STMicroelectronics.X-CUBE-NFC10.1.0.0
2026-02-08 19:58:58,598 [WARN] PackLoader:240 - Cannot read IP mode file for STMicroelectronics.X-CUBE-ST60.1.1.0
2026-02-08 19:58:58,604 [WARN] PackLoader:240 - Cannot read IP mode file for emotas.I-CUBE-CANOPEN.1.3.0
2026-02-08 19:58:58,613 [WARN] PackLoader:240 - Cannot read IP mode file for STMicroelectronics.X-CUBE-GNSS1.7.1.0
2026-02-08 19:58:58,619 [ERROR] Engine:466 - C:\Users\Lenovo\.stm32cubemx\thirdparties\pdsc\STMicroelectronics.FP-SNS-STBOX1.2.1.0.pdsc: PDSC version is not supported
2026-02-08 19:58:58,623 [WARN] PackLoader:240 - Cannot read IP mode file for STMicroelectronics.FP-SNS-SMARTAG2.1.2.0
2026-02-08 19:58:58,628 [WARN] PackLoader:240 - Cannot read IP mode file for STMicroelectronics.FP-SNS-FLIGHT1.5.1.0
2026-02-08 19:58:58,635 [INFO] LogOutputStream:77 - [STDOUT_REDIRECT] 1 : Invalid condition id : UX_CORESTACK_Condition cause : null
2026-02-08 19:58:58,636 [INFO] LogOutputStream:77 - [STDOUT_REDIRECT] 1 : Invalid condition id : UX_CORESTACK_Condition cause : null
2026-02-08 19:58:58,637 [INFO] LogOutputStream:77 - [STDOUT_REDIRECT] 1 : Invalid condition id : UX_CORESTACK_Condition cause : null
2026-02-08 19:58:58,638 [INFO] LogOutputStream:77 - [STDOUT_REDIRECT] 1 : Invalid condition id : UX_CORESTACK_Condition cause : null
2026-02-08 19:58:58,640 [INFO] LogOutputStream:77 - [STDOUT_REDIRECT] 1 : Invalid condition id : UX_CORESTACK_Condition cause : null
2026-02-08 19:58:58,652 [WARN] PackLoader:240 - Cannot read IP mode file for STMicroelectronics.X-CUBE-AZRTOS-WL.2.0.0
2026-02-08 19:58:58,669 [WARN] PackLoader:240 - Cannot read IP mode file for STMicroelectronics.X-CUBE-AZRTOS-H7RS.1.2.0
2026-02-08 19:58:58,677 [WARN] PackLoader:240 - Cannot read IP mode file for STMicroelectronics.X-CUBE-BLE2.3.3.0
2026-02-08 19:58:58,696 [WARN] PackLoader:240 - Cannot read IP mode file for Infineon.AIROC-Wi-Fi-Bluetooth-STM32.1.8.0
2026-02-08 19:58:58,704 [WARN] PackLoader:240 - Cannot read IP mode file for STMicroelectronics.X-CUBE-NFC9.1.0.0
2026-02-08 19:58:58,711 [WARN] PackLoader:240 - Cannot read IP mode file for STMicroelectronics.X-CUBE-BLE1.7.1.0
2026-02-08 19:58:58,715 [WARN] PackLoader:240 - Cannot read IP mode file for wolfSSL.I-CUBE-wolfMQTT.1.19.2
2026-02-08 19:58:58,717 [ERROR] Engine:466 - C:\Users\Lenovo\.stm32cubemx\thirdparties\pdsc\STMicroelectronics.X-CUBE-FREERTOS.1.4.0.pdsc: PDSC version is not supported
2026-02-08 19:58:58,721 [WARN] PackLoader:240 - Cannot read IP mode file for STMicroelectronics.X-CUBE-EEPRMA1.5.2.0
2026-02-08 19:58:58,725 [WARN] PackLoader:240 - Cannot read IP mode file for wolfSSL.I-CUBE-wolfSSL.5.8.4
2026-02-08 19:58:58,728 [WARN] PackLoader:240 - Cannot read IP mode file for Cesanta.I-CUBE-Mongoose.7.20.0
2026-02-08 19:58:58,758 [WARN] PackLoader:240 - Cannot read IP mode file for STMicroelectronics.X-CUBE-MEMS1.12.0.0
2026-02-08 19:58:58,801 [ERROR] LogOutputStream:75 - [STDERR_REDIRECT] [Fatal Error] :1:1: Premature end of file.
2026-02-08 19:58:58,801 [ERROR] LogOutputStream:75 - [STDERR_REDIRECT] 
2026-02-08 19:58:58,842 [WARN] PackLoader:240 - Cannot read IP mode file for STMicroelectronics.X-CUBE-AZRTOS-G0.1.1.0
2026-02-08 19:58:58,857 [WARN] PackLoader:240 - Cannot read IP mode file for STMicroelectronics.X-CUBE-NFC4.3.0.0
2026-02-08 19:58:58,866 [WARN] PackLoader:240 - Cannot read IP mode file for EmbeddedOffice.I-CUBE-FS-RTOS.1.0.1
2026-02-08 19:58:58,872 [WARN] PackLoader:240 - Cannot read IP mode file for STMicroelectronics.X-CUBE-WB05N.2.0.0
2026-02-08 19:58:58,879 [WARN] PackLoader:240 - Cannot read IP mode file for wolfSSL.I-CUBE-wolfTPM.3.8.0
2026-02-08 19:58:58,907 [WARN] PackLoader:240 - Cannot read IP mode file for STMicroelectronics.X-CUBE-TCPP.4.2.0
2026-02-08 19:58:58,914 [WARN] PackLoader:240 - Cannot read IP mode file for RealThread.X-CUBE-RT-Thread_Nano.4.1.1
2026-02-08 19:58:58,917 [WARN] PackLoader:240 - Cannot read IP mode file for STMicroelectronics.FP-ATR-SIGFOX1.3.2.0
2026-02-08 19:58:58,921 [WARN] PackLoader:240 - Cannot read IP mode file for ITTIA_DB.I-CUBE-ITTIADB.8.9.0
2026-02-08 19:58:58,925 [WARN] PackLoader:240 - Cannot read IP mode file for STMicroelectronics.X-CUBE-NFC6.3.2.0
2026-02-08 19:58:58,930 [WARN] PackLoader:240 - Cannot read IP mode file for STMicroelectronics.X-CUBE-AI.10.2.0
2026-02-08 19:58:58,946 [WARN] PackLoader:240 - Cannot read IP mode file for SEGGER.I-CUBE-embOS.1.3.1
2026-02-08 19:58:58,965 [WARN] PackLoader:240 - Cannot read IP mode file for STMicroelectronics.X-CUBE-ALGOBUILD.1.4.0
2026-02-08 19:58:58,970 [WARN] PackLoader:240 - Cannot read IP mode file for STMicroelectronics.X-CUBE-PM33A1.1.0.0
2026-02-08 19:58:58,981 [WARN] PackLoader:240 - Cannot read IP mode file for STMicroelectronics.X-CUBE-AZRTOS-F4.1.1.0
2026-02-08 19:58:58,985 [WARN] PackLoader:240 - Cannot read IP mode file for STMicroelectronics.X-CUBE-ISPU.2.1.0
2026-02-08 19:58:58,989 [ERROR] Engine:466 - C:\Users\Lenovo\.stm32cubemx\thirdparties\pdsc\STMicroelectronics.X-CUBE-IPS.3.2.0.pdsc: PDSC version is not supported
2026-02-08 19:58:58,995 [WARN] PackLoader:240 - Cannot read IP mode file for STMicroelectronics.X-CUBE-NFC12.1.0.0
2026-02-08 19:58:59,013 [WARN] PackLoader:240 - Cannot read IP mode file for STMicroelectronics.X-CUBE-AZRTOS-L5.2.0.0
2026-02-08 19:58:59,025 [WARN] PackLoader:240 - Cannot read IP mode file for STMicroelectronics.X-CUBE-TOUCHGFX.4.26.0
2026-02-08 19:58:59,029 [WARN] PackLoader:240 - Cannot read IP mode file for STMicroelectronics.FP-SNS-STAIOTCFT.1.0.0
2026-02-08 19:58:59,033 [WARN] PackLoader:240 - Cannot read IP mode file for STMicroelectronics.X-CUBE-DPower.1.3.0
2026-02-08 19:58:59,045 [WARN] ConditionMgr:438 - getConditionDescription Invalid condition id : LAN8742 Phy interface Condition cause : null
2026-02-08 19:58:59,046 [WARN] PackLoader:240 - Cannot read IP mode file for STMicroelectronics.X-CUBE-AZRTOS-L4.2.0.0
2026-02-08 19:58:59,046 [WARN] ConditionMgr:1044 - genDependencies : Invalid condition id : LAN8742 Phy interface Condition cause : null
2026-02-08 19:58:59,047 [WARN] ConditionMgr:1044 - genDependencies : Invalid condition id : LAN8742 Phy interface Condition cause : null
2026-02-08 19:58:59,047 [WARN] ConditionMgr:1044 - genDependencies : Invalid condition id : LAN8742 Phy interface Condition cause : null
2026-02-08 19:58:59,053 [WARN] PackLoader:240 - Cannot read IP mode file for STMicroelectronics.X-CUBE-SFXS2LP1.4.0.0
2026-02-08 19:58:59,056 [ERROR] Engine:466 - C:\Users\Lenovo\.stm32cubemx\thirdparties\pdsc\STMicroelectronics.X-CUBE-ST67W61.1.2.0.pdsc: PDSC version is not supported
2026-02-08 19:58:59,065 [WARN] PackLoader:240 - Cannot read IP mode file for STMicroelectronics.X-CUBE-BLEMGR.4.1.0
2026-02-08 19:58:59,075 [WARN] ConditionMgr:438 - getConditionDescription Invalid condition id : UX DEVICE CLASS RTOS Condition cause : null
2026-02-08 19:58:59,075 [WARN] ConditionMgr:438 - getConditionDescription Invalid condition id : UX DEVICE CLASS RTOS Condition cause : null
2026-02-08 19:58:59,077 [WARN] PackLoader:240 - Cannot read IP mode file for STMicroelectronics.X-CUBE-AZRTOS-WB.2.0.0
2026-02-08 19:58:59,082 [WARN] ConditionMgr:1044 - genDependencies : Invalid condition id : UX DEVICE CLASS RTOS Condition cause : null
2026-02-08 19:58:59,082 [WARN] ConditionMgr:1044 - genDependencies : Invalid condition id : UX DEVICE CLASS RTOS Condition cause : null
2026-02-08 19:58:59,082 [WARN] ConditionMgr:1044 - genDependencies : Invalid condition id : UX DEVICE CLASS RTOS Condition cause : null
2026-02-08 19:58:59,082 [WARN] ConditionMgr:1044 - genDependencies : Invalid condition id : UX DEVICE CLASS RTOS Condition cause : null
2026-02-08 19:58:59,083 [WARN] ConditionMgr:1044 - genDependencies : Invalid condition id : UX DEVICE CLASS RTOS Condition cause : null
2026-02-08 19:58:59,087 [WARN] ConditionMgr:438 - getConditionDescription Invalid condition id : Cortex-A Device cause : null
2026-02-08 19:58:59,100 [WARN] ConditionMgr:1044 - genDependencies : Invalid condition id : Cortex-A Device cause : null
2026-02-08 19:58:59,101 [WARN] ConditionMgr:1044 - genDependencies : Invalid condition id : Cortex-A Device cause : null
2026-02-08 19:58:59,101 [WARN] ConditionMgr:1044 - genDependencies : Invalid condition id : Cortex-A Device cause : null
2026-02-08 19:58:59,106 [WARN] PackLoader:240 - Cannot read IP mode file for STMicroelectronics.X-CUBE-STSE01.2.0.0
2026-02-08 19:58:59,114 [WARN] PackLoader:240 - Cannot read IP mode file for STMicroelectronics.X-CUBE-SUBG2.5.0.0
2026-02-08 19:58:59,130 [WARN] PackLoader:240 - Cannot read IP mode file for STMicroelectronics.X-CUBE-AZRTOS-G4.2.0.0
2026-02-08 19:58:59,135 [WARN] PackLoader:240 - Cannot read IP mode file for wolfSSL.I-CUBE-wolfSSH.1.4.20
2026-02-08 19:58:59,139 [WARN] PackLoader:240 - Cannot read IP mode file for STMicroelectronics.X-CUBE-NFC7.2.0.0
2026-02-08 19:58:59,143 [WARN] PackLoader:240 - Cannot read IP mode file for STMicroelectronics.X-CUBE-ALS.1.0.2
2026-02-08 19:58:59,151 [WARN] PackLoader:240 - Cannot read IP mode file for STMicroelectronics.X-CUBE-TOF1.3.4.3
2026-02-08 19:58:59,159 [INFO] ThirdParty:978 - Integrity check success = true
2026-02-08 19:58:59,159 [INFO] IntegrityCheckThread:100 - exiting critical section [integrity check]
2026-02-08 19:58:59,159 [INFO] IntegrityCheckThread:103 - End integrity checks thread
2026-02-08 19:58:59,804 [ERROR] LogOutputStream:75 - [STDERR_REDIRECT] [Fatal Error] :1:1: Premature end of file.
2026-02-08 19:58:59,804 [ERROR] LogOutputStream:75 - [STDERR_REDIRECT] 
2026-02-08 19:59:00,804 [ERROR] LogOutputStream:75 - [STDERR_REDIRECT] [Fatal Error] :1:1: Premature end of file.
2026-02-08 19:59:00,805 [ERROR] LogOutputStream:75 - [STDERR_REDIRECT] 
2026-02-08 19:59:01,818 [ERROR] LogOutputStream:75 - [STDERR_REDIRECT] [Fatal Error] :1:1: Premature end of file.
2026-02-08 19:59:01,818 [ERROR] LogOutputStream:75 - [STDERR_REDIRECT] 
2026-02-08 19:59:02,800 [ERROR] LogOutputStream:75 - [STDERR_REDIRECT] [Fatal Error] :1:1: Premature end of file.
2026-02-08 19:59:02,800 [ERROR] LogOutputStream:75 - [STDERR_REDIRECT] 
2026-02-08 19:59:03,807 [ERROR] LogOutputStream:75 - [STDERR_REDIRECT] [Fatal Error] :1:1: Premature end of file.
2026-02-08 19:59:03,807 [ERROR] LogOutputStream:75 - [STDERR_REDIRECT] 
2026-02-08 19:59:04,803 [ERROR] LogOutputStream:75 - [STDERR_REDIRECT] [Fatal Error] :1:1: Premature end of file.
2026-02-08 19:59:04,803 [ERROR] LogOutputStream:75 - [STDERR_REDIRECT] 
2026-02-08 19:59:05,797 [ERROR] LogOutputStream:75 - [STDERR_REDIRECT] [Fatal Error] :1:1: Premature end of file.
2026-02-08 19:59:05,797 [ERROR] LogOutputStream:75 - [STDERR_REDIRECT] 
2026-02-08 19:59:06,815 [ERROR] LogOutputStream:75 - [STDERR_REDIRECT] [Fatal Error] :1:1: Premature end of file.
2026-02-08 19:59:06,815 [ERROR] LogOutputStream:75 - [STDERR_REDIRECT] 
2026-02-08 19:59:07,818 [ERROR] LogOutputStream:75 - [STDERR_REDIRECT] [Fatal Error] :1:1: Premature end of file.
2026-02-08 19:59:07,819 [ERROR] LogOutputStream:75 - [STDERR_REDIRECT] 
2026-02-08 19:59:08,796 [ERROR] LogOutputStream:75 - [STDERR_REDIRECT] [Fatal Error] :1:1: Premature end of file.
2026-02-08 19:59:08,796 [ERROR] LogOutputStream:75 - [STDERR_REDIRECT] 
2026-02-08 19:59:09,798 [ERROR] LogOutputStream:75 - [STDERR_REDIRECT] [Fatal Error] :1:1: Premature end of file.
2026-02-08 19:59:09,798 [ERROR] LogOutputStream:75 - [STDERR_REDIRECT] 
2026-02-08 19:59:10,798 [ERROR] LogOutputStream:75 - [STDERR_REDIRECT] [Fatal Error] :1:1: Premature end of file.
2026-02-08 19:59:10,798 [ERROR] LogOutputStream:75 - [STDERR_REDIRECT] 
2026-02-08 19:59:11,798 [ERROR] LogOutputStream:75 - [STDERR_REDIRECT] [Fatal Error] :1:1: Premature end of file.
2026-02-08 19:59:11,798 [ERROR] LogOutputStream:75 - [STDERR_REDIRECT] 
2026-02-08 19:59:12,799 [ERROR] LogOutputStream:75 - [STDERR_REDIRECT] [Fatal Error] :1:1: Premature end of file.
2026-02-08 19:59:12,799 [ERROR] LogOutputStream:75 - [STDERR_REDIRECT] 
2026-02-08 19:59:13,819 [ERROR] LogOutputStream:75 - [STDERR_REDIRECT] [Fatal Error] :1:1: Premature end of file.
2026-02-08 19:59:13,819 [ERROR] LogOutputStream:75 - [STDERR_REDIRECT] 
2026-02-08 19:59:14,807 [ERROR] LogOutputStream:75 - [STDERR_REDIRECT] [Fatal Error] :1:1: Premature end of file.
2026-02-08 19:59:14,807 [ERROR] LogOutputStream:75 - [STDERR_REDIRECT] 
2026-02-08 19:59:15,819 [ERROR] LogOutputStream:75 - [STDERR_REDIRECT] [Fatal Error] :1:1: Premature end of file.
2026-02-08 19:59:15,820 [ERROR] LogOutputStream:75 - [STDERR_REDIRECT] 
2026-02-08 19:59:16,819 [ERROR] LogOutputStream:75 - [STDERR_REDIRECT] [Fatal Error] :1:1: Premature end of file.
2026-02-08 19:59:16,820 [ERROR] LogOutputStream:75 - [STDERR_REDIRECT] 
2026-02-08 19:59:17,805 [ERROR] LogOutputStream:75 - [STDERR_REDIRECT] [Fatal Error] :1:1: Premature end of file.
2026-02-08 19:59:17,805 [ERROR] LogOutputStream:75 - [STDERR_REDIRECT] 
2026-02-08 19:59:18,802 [ERROR] LogOutputStream:75 - [STDERR_REDIRECT] [Fatal Error] :1:1: Premature end of file.
2026-02-08 19:59:18,803 [ERROR] LogOutputStream:75 - [STDERR_REDIRECT] 
2026-02-08 19:59:19,413 [ERROR] LogOutputStream:75 - [STDERR_REDIRECT] 
2026-02-08 19:59:19,415 [ERROR] LogOutputStream:75 - [STDERR_REDIRECT] 
2026-02-08 19:59:24,764 [INFO] Activator:176 - 


2026-02-08 19:59:24,764 [INFO] Activator:177 - !SESSION log4j initialized
2026-02-08 19:59:28,116 [INFO] LogOutputStream:77 - [STDOUT_REDIRECT] 
2026-02-08 19:59:29,717 [INFO] ApplicationProperties:184 - Using Application install path: C:\ST\STM32CubeIDE_1.17.0\STM32CubeIDE\plugins\com.st.stm32cube.common.mx_6.13.0.202411220809
2026-02-08 19:59:29,734 [INFO] DbMcusXml:78 - Set database path to: C:\ST\STM32CubeIDE_1.17.0\STM32CubeIDE\plugins\com.st.stm32cube.common.mx_6.13.0.202411220809\\db\/mcu/
2026-02-08 19:59:29,735 [INFO] ApiDb:274 - Set plugin database path to: C:\ST\STM32CubeIDE_1.17.0\STM32CubeIDE\plugins\com.st.stm32cube.common.mx_6.13.0.202411220809\\db\/plugins/boardmanager/
2026-02-08 19:59:29,735 [WARN] ApiDb:259 - Overriding images path with different value:  => C:\ST\STM32CubeIDE_1.17.0\STM32CubeIDE\plugins\com.st.stm32cube.common.mx_6.13.0.202411220809\\db\/plugins/mcufinder/images/
2026-02-08 19:59:29,738 [INFO] ApiDb:250 - Set database path to: C:\Users\Lenovo\.stmcufinder\plugins\mcufinder//mcu/
2026-02-08 19:59:29,739 [INFO] DbMcusAds:125 - Set database path to: C:\Users\Lenovo\.stmcufinder\plugins\mcufinder//mcu/
2026-02-08 19:59:29,740 [INFO] CrossReferenceDbSqlite:203 - Set database path to: C:\Users\Lenovo\.stmcufinder\plugins\mcufinder//mcu/cs/
2026-02-08 19:59:29,823 [INFO] RulesReader:64 - Compatibility file has been processed (297 Rules)
2026-02-08 19:59:29,888 [INFO] DbMcusXml:78 - Set database path to: C:\ST\STM32CubeIDE_1.17.0\STM32CubeIDE\plugins\com.st.stm32cube.common.mx_6.13.0.202411220809\\db\/mcu/
2026-02-08 19:59:29,888 [INFO] ApiDb:274 - Set plugin database path to: C:\ST\STM32CubeIDE_1.17.0\STM32CubeIDE\plugins\com.st.stm32cube.common.mx_6.13.0.202411220809\\db\/plugins/boardmanager/
2026-02-08 19:59:29,888 [INFO] ApiDb:261 - Set plugin images path to: C:\ST\STM32CubeIDE_1.17.0\STM32CubeIDE\plugins\com.st.stm32cube.common.mx_6.13.0.202411220809\\db\/plugins/mcufinder/images/
2026-02-08 19:59:29,888 [WARN] DbFile:41 - Overriding database path with different value: C:\Users\Lenovo\.stmcufinder\plugins\mcufinder/ => C:\Users\Lenovo\.stmcufinder\plugins\mcufinder
2026-02-08 19:59:29,888 [INFO] ApiDb:250 - Set database path to: C:\Users\Lenovo\.stmcufinder\plugins\mcufinder//mcu/
2026-02-08 19:59:29,888 [WARN] DbFile:41 - Overriding database path with different value: C:\Users\Lenovo\.stmcufinder\plugins\mcufinder/ => C:\Users\Lenovo\.stmcufinder\plugins\mcufinder
2026-02-08 19:59:29,889 [INFO] DbMcusAds:125 - Set database path to: C:\Users\Lenovo\.stmcufinder\plugins\mcufinder//mcu/
2026-02-08 19:59:29,889 [WARN] DbFile:41 - Overriding database path with different value: C:\Users\Lenovo\.stmcufinder\plugins\mcufinder/ => C:\Users\Lenovo\.stmcufinder\plugins\mcufinder
2026-02-08 19:59:29,889 [WARN] DbFile:41 - Overriding database path with different value: C:\Users\Lenovo\.stmcufinder\plugins\mcufinder/ => C:\Users\Lenovo\.stmcufinder\plugins\mcufinder
2026-02-08 19:59:29,889 [INFO] CrossReferenceDbSqlite:203 - Set database path to: C:\Users\Lenovo\.stmcufinder\plugins\mcufinder//mcu/cs/
2026-02-08 19:59:29,944 [INFO] MainPanel:272 - HeapMemory: 268435456
2026-02-08 19:59:30,002 [INFO] DbMcusXml:78 - Set database path to: C:\ST\STM32CubeIDE_1.17.0\STM32CubeIDE\plugins\com.st.stm32cube.common.mx_6.13.0.202411220809\\db\/mcu/
2026-02-08 19:59:30,003 [INFO] ApiDb:274 - Set plugin database path to: C:\ST\STM32CubeIDE_1.17.0\STM32CubeIDE\plugins\com.st.stm32cube.common.mx_6.13.0.202411220809\\db\/plugins/boardmanager/
2026-02-08 19:59:30,003 [INFO] ApiDb:261 - Set plugin images path to: C:\ST\STM32CubeIDE_1.17.0\STM32CubeIDE\plugins\com.st.stm32cube.common.mx_6.13.0.202411220809\\db\/plugins/mcufinder/images/
2026-02-08 19:59:30,003 [WARN] DbFile:41 - Overriding database path with different value: C:\Users\Lenovo\.stmcufinder\plugins\mcufinder/ => C:\Users\Lenovo\.stmcufinder\plugins\mcufinder
2026-02-08 19:59:30,003 [INFO] ApiDb:250 - Set database path to: C:\Users\Lenovo\.stmcufinder\plugins\mcufinder//mcu/
2026-02-08 19:59:30,004 [WARN] DbFile:41 - Overriding database path with different value: C:\Users\Lenovo\.stmcufinder\plugins\mcufinder/ => C:\Users\Lenovo\.stmcufinder\plugins\mcufinder
2026-02-08 19:59:30,004 [INFO] DbMcusAds:125 - Set database path to: C:\Users\Lenovo\.stmcufinder\plugins\mcufinder//mcu/
2026-02-08 19:59:30,004 [WARN] DbFile:41 - Overriding database path with different value: C:\Users\Lenovo\.stmcufinder\plugins\mcufinder/ => C:\Users\Lenovo\.stmcufinder\plugins\mcufinder
2026-02-08 19:59:30,004 [WARN] DbFile:41 - Overriding database path with different value: C:\Users\Lenovo\.stmcufinder\plugins\mcufinder/ => C:\Users\Lenovo\.stmcufinder\plugins\mcufinder
2026-02-08 19:59:30,004 [INFO] CrossReferenceDbSqlite:203 - Set database path to: C:\Users\Lenovo\.stmcufinder\plugins\mcufinder//mcu/cs/
2026-02-08 19:59:30,017 [INFO] ApplicationProperties:184 - Using Application install path: C:\ST\STM32CubeIDE_1.17.0\STM32CubeIDE\plugins\com.st.stm32cube.common.mx_6.13.0.202411220809
2026-02-08 19:59:30,018 [INFO] PluginManage:196 - Search for loadable plugins [exclusion list=, ]
2026-02-08 19:59:30,019 [INFO] PluginManage:310 - Check plugin analytics
2026-02-08 19:59:30,204 [INFO] AnalyticsPlugin:253 - Accepted Software Licenses: 
2026-02-08 19:59:30,204 [INFO] AnalyticsPlugin:255 - Accepted CMSIS Pack Licenses: 
2026-02-08 19:59:30,204 [INFO] AnalyticsPlugin:257 - Accepted Firmware Licenses: 
2026-02-08 19:59:30,208 [INFO] PluginManage:359 - Loaded plugin analytics (category:tool,tabindex:-1)
2026-02-08 19:59:30,209 [INFO] PluginManage:310 - Check plugin cadmodel
2026-02-08 19:59:30,214 [INFO] CADModel:105 - Init CAD model plugin
2026-02-08 19:59:30,214 [INFO] PluginManage:359 - Loaded plugin cadmodel (category:power,tabindex:5)
2026-02-08 19:59:30,214 [INFO] PluginManage:310 - Check plugin clock
2026-02-08 19:59:30,226 [INFO] PluginManage:359 - Loaded plugin clock (category:base,tabindex:2)
2026-02-08 19:59:30,227 [INFO] PluginManage:310 - Check plugin ddr
2026-02-08 19:59:30,230 [INFO] PluginManage:359 - Loaded plugin ddr (category:tool,tabindex:6)
2026-02-08 19:59:30,231 [INFO] PluginManage:310 - Check plugin filemanager
2026-02-08 19:59:30,402 [INFO] PluginManage:359 - Loaded plugin filemanager (category:base,tabindex:10)
2026-02-08 19:59:30,402 [INFO] PluginManage:310 - Check plugin ipmanager
2026-02-08 19:59:30,408 [INFO] PluginManage:359 - Loaded plugin ipmanager (category:base,tabindex:5)
2026-02-08 19:59:30,409 [INFO] PluginManage:310 - Check plugin lpbam
2026-02-08 19:59:30,414 [INFO] PluginManage:359 - Loaded plugin lpbam (category:base,tabindex:0)
2026-02-08 19:59:30,414 [INFO] PluginManage:310 - Check plugin memorymap
2026-02-08 19:59:30,432 [INFO] PluginManage:359 - Loaded plugin memorymap (category:base,tabindex:4)
2026-02-08 19:59:30,432 [INFO] PluginManage:310 - Check plugin pinoutandconfiguration
2026-02-08 19:59:30,438 [INFO] PluginManage:359 - Loaded plugin pinoutandconfiguration (category:base,tabindex:1)
2026-02-08 19:59:30,438 [INFO] PluginManage:310 - Check plugin pinoutconfig
2026-02-08 19:59:30,521 [WARN] SupportedApi:132 - Cannot load RTOS API schema: s4s-elt-must-match.1: The content of 'definitions' must match (annotation?, (simpleType | complexType)?, (unique | key | keyref)*)). A problem was found starting at: attribute.
2026-02-08 19:59:30,600 [INFO] PluginManage:359 - Loaded plugin pinoutconfig (category:base,tabindex:0)
2026-02-08 19:59:30,601 [INFO] PluginManage:310 - Check plugin power
2026-02-08 19:59:30,605 [INFO] PluginManage:359 - Loaded plugin power (category:power,tabindex:4)
2026-02-08 19:59:30,606 [INFO] PluginManage:310 - Check plugin projectmanager
2026-02-08 19:59:30,619 [INFO] PluginManage:359 - Loaded plugin projectmanager (category:projectmanager,tabindex:4)
2026-02-08 19:59:30,619 [INFO] PluginManage:310 - Check plugin rif
2026-02-08 19:59:30,623 [INFO] PluginManage:359 - Loaded plugin rif (category:base,tabindex:3)
2026-02-08 19:59:30,623 [INFO] PluginManage:310 - Check plugin thirdparty
2026-02-08 19:59:30,727 [INFO] PluginManage:359 - Loaded plugin thirdparty (category:base,tabindex:-1)
2026-02-08 19:59:30,727 [INFO] PluginManage:310 - Check plugin tools
2026-02-08 19:59:30,727 [WARN] IntegrityCheckThread:84 - waiting for thirdparty lock release [integrity check]
2026-02-08 19:59:30,727 [INFO] IntegrityCheckThread:86 - entering critical section [integrity check]
2026-02-08 19:59:30,728 [INFO] ThirdPartyUpdaterWithRetryManager:70 - Updater plugin not ready yet. [1/15]
2026-02-08 19:59:30,729 [INFO] PluginManage:359 - Loaded plugin tools (category:base,tabindex:7)
2026-02-08 19:59:30,729 [INFO] PluginManage:310 - Check plugin tutovideos
2026-02-08 19:59:30,851 [INFO] PluginManage:359 - Loaded plugin tutovideos (category:base,tabindex:-1)
2026-02-08 19:59:30,852 [INFO] PluginManage:310 - Check plugin updater
2026-02-08 19:59:30,871 [INFO] PluginManage:359 - Loaded plugin updater (category:base,tabindex:12)
2026-02-08 19:59:30,872 [INFO] PluginManage:310 - Check plugin userauth
2026-02-08 19:59:30,874 [INFO] UserAuth:118 - Init User Auth plugin
2026-02-08 19:59:30,874 [INFO] PluginManage:359 - Loaded plugin userauth (category:base,tabindex:14)
2026-02-08 19:59:30,875 [INFO] PluginManage:283 - PluginManage : Loaded plugins [18]
2026-02-08 19:59:31,021 [INFO] PinOutPanel:1589 - setPackage(No Configuration,No Configuration)
2026-02-08 19:59:31,088 [INFO] CADModel:165 - CPN selected for project level
2026-02-08 19:59:31,089 [INFO] CADModel:114 - Register for checkConnection events
2026-02-08 19:59:31,099 [INFO] IPUIPlugin:80 - create IPUIPlugin
2026-02-08 19:59:31,099 [INFO] PluginManager:220 - loadIPPluginJar : add adc
2026-02-08 19:59:31,101 [INFO] IPUIPlugin:80 - create IPUIPlugin
2026-02-08 19:59:31,101 [INFO] PluginManager:220 - loadIPPluginJar : add aes
2026-02-08 19:59:31,103 [INFO] IPUIPlugin:80 - create IPUIPlugin
2026-02-08 19:59:31,103 [INFO] PluginManager:220 - loadIPPluginJar : add can
2026-02-08 19:59:31,105 [INFO] IPUIPlugin:80 - create IPUIPlugin
2026-02-08 19:59:31,105 [INFO] PluginManager:220 - loadIPPluginJar : add comp
2026-02-08 19:59:31,106 [INFO] IPUIPlugin:80 - create IPUIPlugin
2026-02-08 19:59:31,106 [INFO] PluginManager:220 - loadIPPluginJar : add cryp
2026-02-08 19:59:31,108 [INFO] IPUIPlugin:80 - create IPUIPlugin
2026-02-08 19:59:31,108 [INFO] PluginManager:220 - loadIPPluginJar : add ddr_ctrl_phy
2026-02-08 19:59:31,109 [INFO] IPUIPlugin:80 - create IPUIPlugin
2026-02-08 19:59:31,109 [INFO] PluginManager:220 - loadIPPluginJar : add dfsdm
2026-02-08 19:59:31,113 [INFO] IPUIPlugin:80 - create IPUIPlugin
2026-02-08 19:59:31,113 [INFO] PluginManager:220 - loadIPPluginJar : add dma
2026-02-08 19:59:31,115 [INFO] IPUIPlugin:80 - create IPUIPlugin
2026-02-08 19:59:31,115 [INFO] PluginManager:220 - loadIPPluginJar : add dma3
2026-02-08 19:59:31,117 [INFO] IPUIPlugin:80 - create IPUIPlugin
2026-02-08 19:59:31,117 [INFO] PluginManager:220 - loadIPPluginJar : add extmemmanager
2026-02-08 19:59:31,118 [INFO] IPUIPlugin:80 - create IPUIPlugin
2026-02-08 19:59:31,118 [INFO] PluginManager:220 - loadIPPluginJar : add fatfs
2026-02-08 19:59:31,122 [INFO] IPUIPlugin:80 - create IPUIPlugin
2026-02-08 19:59:31,122 [INFO] PluginManager:220 - loadIPPluginJar : add fmc
2026-02-08 19:59:31,127 [INFO] IPUIPlugin:80 - create IPUIPlugin
2026-02-08 19:59:31,127 [INFO] PluginManager:220 - loadIPPluginJar : add freertos
2026-02-08 19:59:31,128 [INFO] IPUIPlugin:80 - create IPUIPlugin
2026-02-08 19:59:31,128 [INFO] PluginManager:220 - loadIPPluginJar : add genericplugin
2026-02-08 19:59:31,129 [INFO] IPUIPlugin:80 - create IPUIPlugin
2026-02-08 19:59:31,129 [INFO] PluginManager:220 - loadIPPluginJar : add gfxmmu
2026-02-08 19:59:31,131 [INFO] IPUIPlugin:80 - create IPUIPlugin
2026-02-08 19:59:31,131 [INFO] PluginManager:220 - loadIPPluginJar : add gic
2026-02-08 19:59:31,133 [INFO] IPUIPlugin:80 - create IPUIPlugin
2026-02-08 19:59:31,134 [INFO] PluginManager:220 - loadIPPluginJar : add gpio
2026-02-08 19:59:31,135 [INFO] IPUIPlugin:80 - create IPUIPlugin
2026-02-08 19:59:31,135 [INFO] PluginManager:220 - loadIPPluginJar : add gtzc
2026-02-08 19:59:31,137 [INFO] IPUIPlugin:80 - create IPUIPlugin
2026-02-08 19:59:31,137 [INFO] PluginManager:220 - loadIPPluginJar : add hash
2026-02-08 19:59:31,139 [INFO] IPUIPlugin:80 - create IPUIPlugin
2026-02-08 19:59:31,139 [INFO] PluginManager:220 - loadIPPluginJar : add i2c
2026-02-08 19:59:31,140 [INFO] IPUIPlugin:80 - create IPUIPlugin
2026-02-08 19:59:31,141 [INFO] PluginManager:220 - loadIPPluginJar : add i2s
2026-02-08 19:59:31,143 [INFO] IPUIPlugin:80 - create IPUIPlugin
2026-02-08 19:59:31,144 [INFO] PluginManager:220 - loadIPPluginJar : add i3c
2026-02-08 19:59:31,146 [INFO] IPUIPlugin:80 - create IPUIPlugin
2026-02-08 19:59:31,146 [INFO] PluginManager:220 - loadIPPluginJar : add ipddr
2026-02-08 19:59:31,150 [INFO] IPUIPlugin:80 - create IPUIPlugin
2026-02-08 19:59:31,150 [INFO] PluginManager:220 - loadIPPluginJar : add linkedlist
2026-02-08 19:59:31,153 [INFO] IPUIPlugin:80 - create IPUIPlugin
2026-02-08 19:59:31,153 [INFO] PluginManager:220 - loadIPPluginJar : add lorawan
2026-02-08 19:59:31,154 [INFO] IPUIPlugin:80 - create IPUIPlugin
2026-02-08 19:59:31,154 [INFO] PluginManager:220 - loadIPPluginJar : add ltdc
2026-02-08 19:59:31,157 [INFO] IPUIPlugin:80 - create IPUIPlugin
2026-02-08 19:59:31,157 [INFO] PluginManager:220 - loadIPPluginJar : add mdma
2026-02-08 19:59:31,159 [INFO] IPUIPlugin:80 - create IPUIPlugin
2026-02-08 19:59:31,159 [INFO] PluginManager:220 - loadIPPluginJar : add nvic
2026-02-08 19:59:31,161 [INFO] IPUIPlugin:80 - create IPUIPlugin
2026-02-08 19:59:31,161 [INFO] PluginManager:220 - loadIPPluginJar : add opamp
2026-02-08 19:59:31,163 [INFO] IPUIPlugin:80 - create IPUIPlugin
2026-02-08 19:59:31,163 [INFO] PluginManager:220 - loadIPPluginJar : add openamp
2026-02-08 19:59:31,164 [INFO] IPUIPlugin:80 - create IPUIPlugin
2026-02-08 19:59:31,164 [INFO] PluginManager:220 - loadIPPluginJar : add pdm2pcm
2026-02-08 19:59:31,167 [INFO] IPUIPlugin:80 - create IPUIPlugin
2026-02-08 19:59:31,170 [INFO] PluginManager:220 - loadIPPluginJar : add plateformsettings
2026-02-08 19:59:31,171 [INFO] IPUIPlugin:80 - create IPUIPlugin
2026-02-08 19:59:31,171 [INFO] PluginManager:220 - loadIPPluginJar : add quadspi
2026-02-08 19:59:31,172 [INFO] IPUIPlugin:80 - create IPUIPlugin
2026-02-08 19:59:31,172 [INFO] PluginManager:220 - loadIPPluginJar : add radio
2026-02-08 19:59:31,175 [INFO] IPUIPlugin:80 - create IPUIPlugin
2026-02-08 19:59:31,175 [INFO] PluginManager:220 - loadIPPluginJar : add resmgrutility
2026-02-08 19:59:31,176 [INFO] IPUIPlugin:80 - create IPUIPlugin
2026-02-08 19:59:31,176 [INFO] PluginManager:220 - loadIPPluginJar : add sai
2026-02-08 19:59:31,178 [INFO] IPUIPlugin:80 - create IPUIPlugin
2026-02-08 19:59:31,178 [INFO] PluginManager:220 - loadIPPluginJar : add spi
2026-02-08 19:59:31,181 [INFO] IPUIPlugin:80 - create IPUIPlugin
2026-02-08 19:59:31,181 [INFO] PluginManager:220 - loadIPPluginJar : add stm32_wpan
2026-02-08 19:59:31,182 [INFO] IPUIPlugin:80 - create IPUIPlugin
2026-02-08 19:59:31,182 [INFO] PluginManager:220 - loadIPPluginJar : add tim
2026-02-08 19:59:31,183 [INFO] IPUIPlugin:80 - create IPUIPlugin
2026-02-08 19:59:31,184 [INFO] PluginManager:220 - loadIPPluginJar : add touchsensing
2026-02-08 19:59:31,185 [INFO] IPUIPlugin:80 - create IPUIPlugin
2026-02-08 19:59:31,185 [INFO] PluginManager:220 - loadIPPluginJar : add tracer_emb
2026-02-08 19:59:31,186 [INFO] IPUIPlugin:80 - create IPUIPlugin
2026-02-08 19:59:31,187 [INFO] PluginManager:220 - loadIPPluginJar : add ts
2026-02-08 19:59:31,188 [INFO] IPUIPlugin:80 - create IPUIPlugin
2026-02-08 19:59:31,188 [INFO] PluginManager:220 - loadIPPluginJar : add tsc
2026-02-08 19:59:31,189 [INFO] IPUIPlugin:80 - create IPUIPlugin
2026-02-08 19:59:31,189 [INFO] PluginManager:220 - loadIPPluginJar : add ucpd
2026-02-08 19:59:31,190 [INFO] IPUIPlugin:80 - create IPUIPlugin
2026-02-08 19:59:31,192 [INFO] PluginManager:220 - loadIPPluginJar : add usart
2026-02-08 19:59:31,194 [INFO] IPUIPlugin:80 - create IPUIPlugin
2026-02-08 19:59:31,194 [INFO] PluginManager:220 - loadIPPluginJar : add usbx
2026-02-08 19:59:31,317 [FATAL] Updater:351 - Updater called before beeing initialized
2026-02-08 19:59:31,365 [INFO] RulesReader:64 - Compatibility file has been processed (297 Rules)
2026-02-08 19:59:31,399 [INFO] RulesReader:64 - Compatibility file has been processed (297 Rules)
2026-02-08 19:59:31,406 [INFO] CADModel:165 - CPN selected for project level
2026-02-08 19:59:31,406 [INFO] CADModel:114 - Register for checkConnection events
2026-02-08 19:59:31,406 [FATAL] Updater:351 - Updater called before beeing initialized
2026-02-08 19:59:31,406 [ERROR] CADModel:125 - Updater not yet initialized, retry later 
2026-02-08 19:59:31,557 [FATAL] Updater:351 - Updater called before beeing initialized
2026-02-08 19:59:31,558 [INFO] CADModel:165 - CPN selected for project level
2026-02-08 19:59:31,558 [INFO] CADModel:114 - Register for checkConnection events
2026-02-08 19:59:31,558 [FATAL] Updater:351 - Updater called before beeing initialized
2026-02-08 19:59:31,558 [ERROR] CADModel:125 - Updater not yet initialized, retry later 
2026-02-08 19:59:31,560 [FATAL] Updater:351 - Updater called before beeing initialized
2026-02-08 19:59:31,635 [FATAL] Updater:351 - Updater called before beeing initialized
2026-02-08 19:59:31,638 [INFO] DbMcusAds:53 - JSON generation date=Thu Jan 08 16:57:51 CET 2026 (1767887871456)
2026-02-08 19:59:31,638 [FATAL] Updater:351 - Updater called before beeing initialized
2026-02-08 19:59:31,663 [WARN] DetailPanel:346 - Failed to get advertising image, set to default
2026-02-08 19:59:31,861 [FATAL] Updater:351 - Updater called before beeing initialized
2026-02-08 19:59:31,864 [FATAL] Updater:351 - Updater called before beeing initialized
2026-02-08 19:59:31,864 [FATAL] Updater:351 - Updater called before beeing initialized
2026-02-08 19:59:31,864 [WARN] DetailPanel:346 - Failed to get advertising image, set to default
2026-02-08 19:59:31,865 [FATAL] Updater:351 - Updater called before beeing initialized
2026-02-08 19:59:31,923 [ERROR] Updater:1198 - MainUpdater not yet initialized. External WinMGr cannot be set.
2026-02-08 19:59:31,926 [INFO] Updater:1134 - Updater Version found : 6.13.0
2026-02-08 19:59:31,943 [INFO] ApplicationProperties:184 - Using Application install path: C:\ST\STM32CubeIDE_1.17.0\STM32CubeIDE\plugins\com.st.stm32cube.common.mx_6.13.0.202411220809
